overall_rank,psgc_code,barangay,municipality,province,region,phase,latitude,longitude,target_subscribers,served_grid_cells,dominant_area_km2,average_served_rsrp_dbm
1,0702212005,Poblacion,Boljoon,Cebu,Region VII (Central Visayas),1,9.6253,123.48013,337,47,188,-96.7
2,0702202006,Poblacion,Alcoy,Cebu,Region VII (Central Visayas),1,9.709702,123.507311,318,16,64,-98.4
3,1004323008,Poblacion,Sugbongcogon,Misamis Oriental,Region X (Northern Mindanao),1,8.955645,124.78832,288,9,36,-88.2
4,0501604008,Matacong,San Lorenzo Ruiz,Camarines Norte,Region V (Bicol Region),1,14.036076,122.865496,287,47,188,-98.4
5,0702215007,Dawis Norte,Carmen,Cebu,Region VII (Central Visayas),1,10.576567,124.018142,380,4,16,-91.8
6,0803714016,Poblacion Zone II,Capoocan,Leyte,Region VIII (Eastern Visayas),1,11.293095,124.638061,378,46,184,-101.5
7,0506209002,Bacolod,Irosin,Sorsogon,Region V (Bicol Region),1,12.701407,124.035889,355,1,4,-51
8,0702241013,Poblacion North,San Fernando,Cebu,Region VII (Central Visayas),1,10.164196,123.707844,372,2,8,-87.4
9,0601912026,Tacas,Pontevedra,Capiz,Region VI (Western Visayas),1,11.476667,122.834722,370,2,8,-71.4
10,0506216001,Abuyog,City of Sorsogon,Sorsogon,Region V (Bicol Region),1,12.946322,124.052426,350,5,20,-78.6
11,0501705020,Sagrada Familia,Buhi,Camarines Sur,Region V (Bicol Region),1,13.415973,123.514163,326,0,0,
12,0506206029,San Isidro,Castilla,Sorsogon,Region V (Bicol Region),1,12.973642,123.840237,328,39,156,-94.6
13,0704603015,Sacsac,Bacong,Negros Oriental,Region VII (Central Visayas),1,9.25467,123.290063,345,1,4,-82.2
14,0603034020,Poblacion East,Oton,Iloilo,Region VI (Western Visayas),1,10.6914,122.478744,340,8,32,-85.9
15,1004326011,Looc,Villanueva,Misamis Oriental,Region X (Northern Mindanao),1,8.594267,124.773518,390,4,16,-83.1
16,1004317008,Consuelo,Magsaysay,Misamis Oriental,Region X (Northern Mindanao),1,8.915472,125.187387,312,38,152,-92.4
17,1004313008,Poblacion,Lagonglong,Misamis Oriental,Region X (Northern Mindanao),1,8.810485,124.789898,326,0,0,
18,1600208001,Buhang,Magallanes,Agusan del Norte,Region XIII (Caraga),1,9.035413,125.524987,306,10,40,-81.3
19,1001314006,Diclum,Manolo Fortich,Bukidnon,Region X (Northern Mindanao),1,8.373615,124.84948,398,1,4,-60.4
20,1001309026,Poblacion,Kitaotao,Bukidnon,Region X (Northern Mindanao),1,7.634214,125.006456,424,12,48,-82.7
21,0504102020,Poblacion,Baleno,Masbate,Region V (Bicol Region),1,12.473653,123.495473,295,101,404,-101.3
22,0403412010,San Antonio,Luisiana,Laguna,Region IV-A (CALABARZON),1,14.185669,121.506217,328,5,20,-82.9
23,0304908016,Santo Cristo Sur,City of Gapan,Nueva Ecija,Region III (Central Luzon),1,15.267472,120.949937,419,3,12,-76.4
24,0105535008,Guiset Sur,San Manuel,Pangasinan,Region I (Ilocos Region),1,16.063616,120.66719,405,2,8,-58.7
25,0304930055,Tabacao,Talavera,Nueva Ecija,Region III (Central Luzon),1,15.583821,120.918842,416,0,0,
26,0300805024,Judge Roman Cruz Sr.,Hermosa,Bataan,Region III (Central Luzon),1,14.834145,120.488399,396,0,0,
27,0401013004,Binubusan,Lian,Batangas,Region IV-A (CALABARZON),1,13.960337,120.638215,389,4,16,-80.8
28,0307104012,San Nicolas,Castillejos,Zambales,Region III (Central Luzon),1,14.927011,120.20159,363,5,20,-93.4
29,0403416035,San Miguel,Majayjay,Laguna,Region IV-A (CALABARZON),1,14.142438,121.471143,412,4,16,-80
30,0403402002,Calo,Bay,Laguna,Region IV-A (CALABARZON),1,14.181997,121.279628,409,0,0,
31,0401010006,Coliat,Ibaan,Batangas,Region IV-A (CALABARZON),1,13.814909,121.127885,371,2,8,-67.1
32,0304928003,Liwayway,Santa Rosa,Nueva Ecija,Region III (Central Luzon),1,15.443489,121.065079,377,5,20,-77.9
33,0300810016,Kapunitan,Orion,Bataan,Region III (Central Luzon),1,14.616316,120.581721,360,0,0,
34,0304919013,Atate,City of Palayan,Nueva Ecija,Region III (Central Luzon),1,15.560718,121.100338,368,3,12,-69.5
35,0405622007,Magsaysay,Lopez,Quezon,Region IV-A (CALABARZON),1,13.887109,122.260992,332,1,4,-56
36,0405803001,Evangelista,Baras,Rizal,Region IV-A (CALABARZON),1,14.516995,121.276572,339,8,32,-84.6
37,0304908005,Malimba,City of Gapan,Nueva Ecija,Region III (Central Luzon),1,15.256191,120.952046,347,3,12,-70.2
38,0305412019,San Nicolas,Masantol,Pampanga,Region III (Central Luzon),1,14.890613,120.707164,298,0,0,
39,1208007005,Banate,Malungon,Sarangani,Region XII (SOCCSKSARGEN),1,6.47423,125.321556,303,45,180,-98.7
40,0600401011,Poblacion,Altavas,Aklan,Region VI (Western Visayas),1,11.535008,122.491272,369,18,72,-94.2
41,0702233011,Poblacion West,Moalboal,Cebu,Region VII (Central Visayas),1,9.938958,123.392702,288,24,96,-100.6
42,1004301010,Poblacion,Alubijid,Misamis Oriental,Region X (Northern Mindanao),1,8.573054,124.472998,292,6,24,-86.2
43,1004308003,Anakan,City of Gingoog,Misamis Oriental,Region X (Northern Mindanao),1,8.84159,125.156413,290,18,72,-97.2
44,0403418004,Ibaba del Norte,Paete,Laguna,Region IV-A (CALABARZON),1,14.363948,121.479181,310,1,4,-80.7
45,0501601025,San Felipe,Basud,Camarines Norte,Region V (Bicol Region),1,14.012358,122.930492,287,44,176,-95.7
46,0702247016,Poblacion,Sogod,Cebu,Region VII (Central Visayas),1,10.749136,124.004827,287,8,32,-90.4
47,1004311014,Upper Jasaan,Jasaan,Misamis Oriental,Region X (Northern Mindanao),1,8.654057,124.754143,344,0,0,
48,0201508016,Pattao,Buguey,Cagayan,Region II (Cagayan Valley),1,18.248052,121.815848,292,35,140,-95.7
49,0504101001,Ambolong,Aroroy,Masbate,Region V (Bicol Region),1,12.51062,123.396934,340,0,0,
50,0205006010,Poblacion,Diadi,Nueva Vizcaya,Region II (Cagayan Valley),1,16.66038,121.36521,313,47,188,-98.6
51,0305415033,Sinura,Porac,Pampanga,Region III (Central Luzon),1,15.116055,120.569954,290,1,4,-68.4
52,0105526014,Guilig,Mangaldan,Pangasinan,Region I (Ilocos Region),1,16.066605,120.400748,290,0,0,
53,0304928002,La Fuente,Santa Rosa,Nueva Ecija,Region III (Central Luzon),1,15.42966,120.925886,290,0,0,
54,0307106011,South Poblacion,Masinloc,Zambales,Region III (Central Luzon),1,15.534334,119.950029,364,6,24,-94.3
55,0702216014,Macaas,Catmon,Cebu,Region VII (Central Visayas),1,10.696131,124.011872,285,10,40,-89
56,0201527003,Bangag,Solana,Cagayan,Region II (Cagayan Valley),1,17.708727,121.697317,358,7,28,-83.9
57,0806408007,Ichon,Macrohon,Southern Leyte,Region VIII (Eastern Visayas),1,10.110437,124.900457,281,93,372,-103.5
58,0402116007,San Rafael II,Noveleta,Cavite,Region IV-A (CALABARZON),1,14.431376,120.879732,327,0,0,
59,0500517019,Fatima,City of Tabaco,Albay,Region V (Bicol Region),1,13.34918,123.73527,320,1,4,-43.1
60,0304916007,Bagong Flores,Lupao,Nueva Ecija,Region III (Central Luzon),1,15.887881,120.900045,371,1,4,-70.2
61,0600415002,Cawayan,New Washington,Aklan,Region VI (Western Visayas),1,11.650263,122.433638,332,0,0,
62,0604532004,Igmaya-an,Salvador Benedicto,Negros Occidental,Region VI (Western Visayas),1,10.558222,123.19574,363,10,40,-90.8
63,0704619020,Poblacion III,Siaton,Negros Oriental,Region VII (Central Visayas),1,9.059653,123.035679,297,48,192,-101.3
64,0304923029,Poblacion West,Rizal,Nueva Ecija,Region III (Central Luzon),1,15.714326,121.10158,304,13,52,-89.3
65,0203114079,Centro - San Antonio,City of Ilagan,Isabela,Region II (Cagayan Valley),1,17.091778,121.963713,379,47,188,-97.2
66,0501716010,Perpetual Help,City of Iriga,Camarines Sur,Region V (Bicol Region),1,13.426371,123.41482,313,1,4,-74.7
67,1001317019,Merangerang,Quezon,Bukidnon,Region X (Northern Mindanao),1,7.693968,125.116098,292,6,24,-81.5
68,1705319005,New Agutaya,San Vicente,Palawan,MIMAROPA Region,1,10.539434,119.279186,398,81,324,-104
69,0500508013,Binatagan,City of Ligao,Albay,Region V (Bicol Region),1,13.241152,123.531158,293,2,8,-62.6
70,0501606051,Talobatib,Labo,Camarines Norte,Region V (Bicol Region),1,14.18163,122.78538,296,16,64,-87.8
71,0403425020,Sampaguita Village,City of San Pedro,Laguna,Region IV-A (CALABARZON),1,14.344217,121.035757,492,0,0,
72,1600205011,Poblacion,Jabonga,Agusan del Norte,Region XIII (Caraga),1,9.341403,125.51545,305,69,276,-100.6
73,0103307033,Quinavite,Bauang,La Union,Region I (Ilocos Region),1,16.53782,120.32949,316,0,0,
74,0203105007,Cullalabo San Antonio,Burgos,Isabela,Region II (Cagayan Valley),1,17.08881,121.70488,277,15,60,-84.9
75,0405628031,Santa Rosa,Mulanay,Quezon,Region IV-A (CALABARZON),1,13.528905,122.393247,277,52,208,-99.1
76,0908305009,Ipil Heights,Ipil,Zamboanga Sibugay,Region IX (Zamboanga Peninsula),1,7.7836,122.58416,284,5,20,-90.5
77,0604502006,Balingasag,City of Bago,Negros Occidental,Region VI (Western Visayas),1,10.533341,122.850021,410,2,8,-69.8
78,0604527002,Barangay 2,City of Sipalay,Negros Occidental,Region VI (Western Visayas),1,9.748908,122.409143,347,45,180,-100.3
79,0405809006,San Jose,Morong,Rizal,Region IV-A (CALABARZON),1,14.523904,121.243517,343,1,4,-66.7
80,0402113002,Bucal I,Maragondon,Cavite,Region IV-A (CALABARZON),1,14.27286,120.741178,307,4,16,-83.1
81,0403426021,San Pablo Norte,Santa Cruz,Laguna,Region IV-A (CALABARZON),1,14.277401,121.412436,274,0,0,
82,0402114002,Asis I,Mendez,Cavite,Region IV-A (CALABARZON),1,14.13696,120.900664,339,1,4,-77.9
83,0401020001,Banaba,Padre Garcia,Batangas,Region IV-A (CALABARZON),1,13.885829,121.217674,329,1,4,-39.9
84,0403425021,Calendola,City of San Pedro,Laguna,Region IV-A (CALABARZON),1,14.342773,121.035523,378,0,0,
85,0803740022,Mazawalo Pob.,Palompon,Leyte,Region VIII (Eastern Visayas),1,11.045766,124.389021,365,18,72,-96.9
86,0402103029,Aniban II,City of Bacoor,Cavite,Region IV-A (CALABARZON),1,14.460935,120.964338,304,0,0,
87,0702245008,Poblacion,Santander,Cebu,Region VII (Central Visayas),1,9.417265,123.334005,234,47,188,-98.1
88,1705320005,Bato,Taytay,Palawan,MIMAROPA Region,1,10.71212,119.48534,328,84,336,-102
89,0405617001,Anoling,General Nakar,Quezon,Region IV-A (CALABARZON),1,14.75544,121.623561,299,68,272,-102.9
90,0105519014,Poblacion,Dasol,Pangasinan,Region I (Ilocos Region),1,15.989807,119.879788,289,4,16,-79.2
91,0306905019,Minane,Concepcion,Tarlac,Region III (Central Luzon),1,15.320089,120.650848,298,0,0,
92,0301421043,San Agustin,San Miguel,Bulacan,Region III (Central Luzon),1,15.137844,120.962063,387,4,16,-85.4
93,0401023020,Lipahan,San Juan,Batangas,Region IV-A (CALABARZON),1,13.8305,121.397193,354,4,16,-79.4
94,0304920012,Poblacion East,Pantabangan,Nueva Ecija,Region III (Central Luzon),1,15.805642,121.144709,351,8,32,-87.1
95,0401025013,Poblacion,San Nicolas,Batangas,Region IV-A (CALABARZON),1,13.92805,120.949935,273,2,8,-81.2
96,0402104019,Barangay 8,Carmona,Cavite,Region IV-A (CALABARZON),1,14.313731,121.053752,290,0,0,
97,0306910001,Abogado,Paniqui,Tarlac,Region III (Central Luzon),1,15.670845,120.591668,370,1,4,-58
98,0304923027,Poblacion Norte,Rizal,Nueva Ecija,Region III (Central Luzon),1,15.713085,121.103555,268,2,8,-77.7
99,0506216030,Sampaloc,City of Sorsogon,Sorsogon,Region V (Bicol Region),1,12.97107,124.01044,351,1,4,-50.6
100,0301421050,Santa Rita Matanda,San Miguel,Bulacan,Region III (Central Luzon),1,15.133561,120.966051,267,2,8,-66.3
101,0600415014,Polo,New Washington,Aklan,Region VI (Western Visayas),1,11.650011,122.434076,289,13,52,-105.7
102,0403413005,Concepcion,Lumban,Laguna,Region IV-A (CALABARZON),1,14.299041,121.456624,428,2,8,-63.2
103,0501716019,San Juan,City of Iriga,Camarines Sur,Region V (Bicol Region),1,13.422597,123.423004,319,1,4,-42.5
104,0403425013,Riverside,City of San Pedro,Laguna,Region IV-A (CALABARZON),1,14.356456,121.035933,302,1,4,-45.6
105,0403405005,Bubuyan,City of Calamba,Laguna,Region IV-A (CALABARZON),1,14.17192,121.103993,318,1,4,-52.7
106,0403406006,Lamot 1,Calauan,Laguna,Region IV-A (CALABARZON),1,14.142276,121.310407,292,0,0,
107,0806407040,Mantahan,City of Maasin,Southern Leyte,Region VIII (Eastern Visayas),1,10.133255,124.851721,304,7,28,-102.9
108,0702220013,San Miguel,Cordova,Cebu,Region VII (Central Visayas),1,10.26089,123.943654,324,2,8,-63.9
109,1705212013,San Jose,Roxas,Oriental Mindoro,MIMAROPA Region,1,12.605548,121.552612,277,102,408,-101.3
110,0501718060,San Isidro,Libmanan,Camarines Sur,Region V (Bicol Region),1,13.67234,123.00884,285,38,152,-99.1
111,0403419010,Maulawin,Pagsanjan,Laguna,Region IV-A (CALABARZON),1,14.269697,121.454585,421,0,0,
112,0401004005,Makina,Balete,Batangas,Region IV-A (CALABARZON),1,14.020053,121.101601,311,1,4,-70.2
113,0300805013,Mambog - Mandama,Hermosa,Bataan,Region III (Central Luzon),1,14.833477,120.493764,322,2,8,-69.2
114,0307113017,Poblacion North,Santa Cruz,Zambales,Region III (Central Luzon),1,15.768802,119.909163,262,2,8,-71.6
115,0304902008,Curva,Bongabon,Nueva Ecija,Region III (Central Luzon),1,15.618686,121.148914,357,1,4,-62.2
116,0105539023,San Vicente,Santa Maria,Pangasinan,Region I (Ilocos Region),1,15.987338,120.708138,345,4,16,-87
117,0203131029,Zone III,San Mariano,Isabela,Region II (Cagayan Valley),1,16.987705,122.014256,304,3,12,-87.4
118,0403406015,Prinza,Calauan,Laguna,Region IV-A (CALABARZON),1,14.142372,121.316832,283,1,4,-66.5
119,0300810012,Daang Bilolo,Orion,Bataan,Region III (Central Luzon),1,14.618129,120.576995,267,0,0,
120,1004315005,Poblacion,Libertad,Misamis Oriental,Region X (Northern Mindanao),1,8.559283,124.352704,417,10,40,-89.7
121,0403424077,Santo Cristo,City of San Pablo,Laguna,Region IV-A (CALABARZON),1,14.064582,121.332484,323,1,4,-86.5
122,0405607067,Sabang II,Calauag,Quezon,Region IV-A (CALABARZON),1,13.956831,122.280839,314,23,92,-96.9
123,0403425004,G.S.I.S.,City of San Pedro,Laguna,Region IV-A (CALABARZON),1,14.34408,121.045122,282,0,0,
124,0501603032,San Isidro,Daet,Camarines Norte,Region V (Bicol Region),1,14.115177,122.956079,250,0,0,
125,0803703015,Tabgas,Albuera,Leyte,Region VIII (Eastern Visayas),1,10.897618,124.708062,250,6,24,-94.6
126,1401113013,Taloy Sur,Tuba,Benguet,Cordillera Administrative Region (CAR),1,16.383718,120.530412,310,9,36,-81.7
127,0401014041,Poblacion Barangay 10,City of Lipa,Batangas,Region IV-A (CALABARZON),1,13.943496,121.16863,257,0,0,
128,0205705004,Rizal,Saguday,Quirino,Region II (Cagayan Valley),1,16.544633,121.563129,227,14,56,-87.7
129,0803748046,San Roque,Tanauan,Leyte,Region VIII (Eastern Visayas),1,11.11099,125.02131,287,20,80,-101.3
130,0306906036,San Antonio,Gerona,Tarlac,Region III (Central Luzon),1,15.598302,120.605063,256,0,0,
131,0405647030,Ipilan,City of Tayabas,Quezon,Region IV-A (CALABARZON),1,14.023982,121.586975,319,3,12,-76.2
132,0405807015,Special District,Jala-Jala,Rizal,Region IV-A (CALABARZON),1,14.354089,121.323966,360,16,64,-92.7
133,0205014001,Bintawan Sur,Villaverde,Nueva Vizcaya,Region II (Cagayan Valley),1,16.578312,121.188756,265,6,24,-84
134,0305417014,Santa Monica,San Luis,Pampanga,Region III (Central Luzon),1,15.036362,120.789583,255,1,4,-82.8
135,0500517005,Baranghawon,City of Tabaco,Albay,Region V (Bicol Region),1,13.352285,123.723048,351,1,4,-52.4
136,0500517015,Cobo,City of Tabaco,Albay,Region V (Bicol Region),1,13.350823,123.728614,253,0,0,
137,0307706009,Dinadiawan,Dipaculao,Aurora,Region III (Central Luzon),1,16.077243,121.770564,254,131,524,-102.6
138,0604527005,Barangay 5,City of Sipalay,Negros Occidental,Region VI (Western Visayas),1,9.752611,122.400881,268,80,320,-104.1
139,0102805044,Tabug,City of Batac,Ilocos Norte,Region I (Ilocos Region),1,18.054254,120.556587,276,9,36,-86.2
140,0402103039,Maliksi II,City of Bacoor,Cavite,Region IV-A (CALABARZON),1,14.464538,120.967239,258,0,0,
141,0600613005,Barangay 3,San Jose,Antique,Region VI (Western Visayas),1,12.35544,121.067338,275,2,8,-68.4
142,1004309009,Poblacion,Gitagum,Misamis Oriental,Region X (Northern Mindanao),1,8.59523,124.406835,245,26,104,-96.6
143,0307105010,Lipay-Dingin-Panibuatan,Iba,Zambales,Region III (Central Luzon),1,15.321703,119.977014,282,10,40,-99.8
144,0501608019,Palanas,Paracale,Camarines Norte,Region V (Bicol Region),1,14.279413,122.79161,309,15,60,-98.2
145,0500511010,It-Ba,Manito,Albay,Region V (Bicol Region),1,13.1261,123.869785,274,56,224,-100
146,1102401023,Tubod,Bansalan,Davao del Sur,Region XI (Davao Region),1,6.792029,125.211893,322,22,88,-96.5
147,0803739014,Cogon,Palo,Leyte,Region VIII (Eastern Visayas),1,11.147983,124.999772,241,1,4,-70.6
148,0405803005,Santiago,Baras,Rizal,Region IV-A (CALABARZON),1,14.521535,121.26218,330,1,4,-64.2
149,0403415019,Poblacion,Magdalena,Laguna,Region IV-A (CALABARZON),1,14.199253,121.428623,249,0,0,
150,0105520012,Poblacion,Infanta,Pangasinan,Region I (Ilocos Region),1,15.822425,119.906919,273,6,24,-87.1
151,0604520020,Pandanon,Murcia,Negros Occidental,Region VI (Western Visayas),1,10.606741,123.038275,253,4,16,-83.1
152,0102814009,Poblacion,Nueva Era,Ilocos Norte,Region I (Ilocos Region),1,17.916704,120.662967,264,84,336,-100.9
153,0203130002,Babanuang,San Manuel,Isabela,Region II (Cagayan Valley),1,17.050224,121.628151,248,9,36,-81
154,0402106067,San Andres II,City of Dasmariñas,Cavite,Region IV-A (CALABARZON),1,14.279982,120.999168,316,0,0,
155,0205014009,Bintawan Norte,Villaverde,Nueva Vizcaya,Region II (Cagayan Valley),1,16.582837,121.189114,242,7,28,-84.6
156,0401021030,Pinagsibaan,Rosario,Batangas,Region IV-A (CALABARZON),1,13.839743,121.313148,304,5,20,-80.2
157,0405646037,Santa Cecilia,Tagkawayan,Quezon,Region IV-A (CALABARZON),1,13.966858,122.53538,297,1,4,-98
158,0600411015,Poblacion,Makato,Aklan,Region VI (Western Visayas),1,11.712532,122.290003,265,4,16,-100.8
159,0403426022,San Pablo Sur,Santa Cruz,Laguna,Region IV-A (CALABARZON),1,14.284307,121.418009,319,2,8,-54.7
160,0600613002,Badiang,San Jose,Antique,Region VI (Western Visayas),1,10.7652,121.9435,280,1,4,-64.9
161,0305403009,Guemasan,Arayat,Pampanga,Region III (Central Luzon),1,15.14756,120.776665,332,1,4,-42.2
162,0301421015,Bulualto,San Miguel,Bulacan,Region III (Central Luzon),1,15.219899,120.953925,259,4,16,-76.6
163,0504112020,Poblacion West,Milagros,Masbate,Region V (Bicol Region),1,12.218554,123.502091,294,4,16,-82.3
164,0304923007,Calaocan District,Rizal,Nueva Ecija,Region III (Central Luzon),1,15.704582,121.107653,307,1,4,-42.6
165,0501606005,Bagong Silang I,Labo,Camarines Norte,Region V (Bicol Region),1,14.17689,122.625193,236,13,52,-85.5
166,0500504048,Travesia,Guinobatan,Albay,Region V (Bicol Region),1,13.189213,123.610549,283,3,12,-69.2
167,0600402004,Calizo,Balete,Aklan,Region VI (Western Visayas),1,11.568246,122.36392,346,6,24,-88.4
168,1004314006,Mauswagon,Laguindingan,Misamis Oriental,Region X (Northern Mindanao),1,8.580082,124.444486,280,0,0,
169,0307701011,Sabang,Baler,Aurora,Region III (Central Luzon),1,15.759879,121.567586,259,36,144,-100.4
170,1102404021,Poblacion,Hagonoy,Davao del Sur,Region XI (Davao Region),1,6.683856,125.301176,410,5,20,-73.8
171,1600212001,Poblacion I,Remedios T. Romualdez,Agusan del Norte,Region XIII (Caraga),1,9.053486,125.587822,206,4,16,-83.9
172,0304928036,Tagpos,Santa Rosa,Nueva Ecija,Region III (Central Luzon),1,15.435958,121.011676,324,7,28,-79
173,0803748041,Canramos,Tanauan,Leyte,Region VIII (Eastern Visayas),1,11.106182,125.014225,269,13,52,-92.9
174,1130700134,Barangay 1-A,City of Davao,Davao del Sur,Region XI (Davao Region),1,7.063723,125.607409,284,1,4,-67.1
175,0301420019,Assumption,City of San Jose Del Monte,Bulacan,Region III (Central Luzon),1,14.805599,121.070505,391,1,4,-37.1
176,0403426024,Santo Angel Central,Santa Cruz,Laguna,Region IV-A (CALABARZON),1,14.285412,121.408437,457,0,0,
177,0203110005,Digumased,Dinapigue,Isabela,Region II (Cagayan Valley),1,16.52467,122.26567,239,177,708,-104.8
178,0300804026,Pinulot,Dinalupihan,Bataan,Region III (Central Luzon),1,14.85006,120.389536,397,3,12,-77
179,0402103009,Kaingin,City of Bacoor,Cavite,Region IV-A (CALABARZON),1,14.424008,120.96132,326,0,0,
180,0105521010,Uyong,Labrador,Pangasinan,Region I (Ilocos Region),1,16.05,120.120833,238,15,60,-94.1
181,0304902024,Sinipit,Bongabon,Nueva Ecija,Region III (Central Luzon),1,15.624566,121.147568,238,0,0,
182,0403418009,Quinale,Paete,Laguna,Region IV-A (CALABARZON),1,14.361736,121.483436,723,6,24,-83.8
183,0307104010,San Jose,Castillejos,Zambales,Region III (Central Luzon),1,14.937439,120.198211,314,8,32,-97.2
184,0405812014,San Isidro,Tanay,Rizal,Region IV-A (CALABARZON),1,14.495628,121.279275,266,0,0,
185,0201523008,Palawig,Santa Ana,Cagayan,Region II (Cagayan Valley),1,18.475126,122.151857,237,100,400,-104
186,0604517012,Robles,La Castellana,Negros Occidental,Region VI (Western Visayas),1,10.318731,123.019465,1744,13,52,-87
187,0731300003,Banilad,City of Mandaue,Cebu,Region VII (Central Visayas),1,10.341888,123.923696,1577,0,0,
188,0702250014,San Isidro,City of Talisay,Cebu,Region VII (Central Visayas),1,10.256424,123.838966,1424,0,0,
189,0702250016,Tabunoc,City of Talisay,Cebu,Region VII (Central Visayas),1,10.263449,123.840613,1414,1,4,-62.9
190,0731300004,Basak,City of Mandaue,Cebu,Region VII (Central Visayas),1,10.35396,123.949949,1010,0,0,
191,0604526016,Rizal,City of Silay,Negros Occidental,Region VI (Western Visayas),1,10.803868,122.977899,899,17,68,-93.8
192,0702234011,Inayagan,City of Naga,Cebu,Region VII (Central Visayas),1,10.236095,123.773329,836,1,4,-52.8
193,0701242002,Booy,City of Tagbilaran,Bohol,Region VII (Central Visayas),1,9.657233,123.850531,760,2,8,-71.1
194,0702223031,Poblacion,Danao City,Cebu,Region VII (Central Visayas),1,10.520177,124.027708,784,1,4,-80.9
195,0501610009,Santa Elena,Santa Elena,Camarines Norte,Region V (Bicol Region),1,14.182148,122.393191,722,45,180,-99.7
196,0702241018,Poblacion South,San Fernando,Cebu,Region VII (Central Visayas),1,10.162117,123.70699,722,4,16,-84.5
197,0803726015,Poblacion,Kananga,Leyte,Region VIII (Eastern Visayas),1,11.185765,124.561153,686,2,8,-76.4
198,0604528042,Zone 3,City of Talisay,Negros Occidental,Region VI (Western Visayas),1,10.743725,122.963387,560,15,60,-100.1
199,0501734040,South Centro,Sipocot,Camarines Sur,Region V (Bicol Region),1,13.76388,122.975475,468,2,8,-90.1
200,0702208027,Baliwagan,Balamban,Cebu,Region VII (Central Visayas),1,10.506557,123.714539,496,8,32,-95.6
201,0806407066,Combado,City of Maasin,Southern Leyte,Region VIII (Eastern Visayas),1,10.134362,124.828812,433,66,264,-103.6
202,0604531009,Barangay VI,City of Victorias,Negros Occidental,Region VI (Western Visayas),1,10.899137,123.072922,476,1,4,-76.7
203,0702243020,Poblacion,San Remigio,Cebu,Region VII (Central Visayas),1,11.080952,123.937798,463,4,16,-86
204,0604524015,Barangay VI,City of San Carlos,Negros Occidental,Region VI (Western Visayas),1,10.480189,123.41874,456,19,76,-97.6
205,0504111020,Kinamaligan,City of Masbate,Masbate,Region V (Bicol Region),1,12.35904,123.618365,394,1,4,-68.1
206,0702234003,Balirong,City of Naga,Cebu,Region VII (Central Visayas),1,10.256574,123.710915,416,3,12,-77.3
207,0702210038,Poblacion,Barili,Cebu,Region VII (Central Visayas),1,10.115269,123.511012,410,1,4,-57.9
208,0803738090,Valencia,Ormoc City,Leyte,Region VIII (Eastern Visayas),1,11.108095,124.577295,345,1,4,-68.3
209,0702231015,Tindog,Medellin,Cebu,Region VII (Central Visayas),1,11.124914,124.011862,321,8,32,-81.8
210,0603043004,Balabag,Santa Barbara,Iloilo,Region VI (Western Visayas),1,10.825706,122.54321,299,1,4,-76.6
211,0501726009,Poblacion,Pamplona,Camarines Sur,Region V (Bicol Region),1,13.591515,123.079457,445,6,24,-81.3
212,0305410001,Batasan,Macabebe,Pampanga,Region III (Central Luzon),1,14.891764,120.715142,354,1,4,-62
213,0403413001,Bagong Silang,Lumban,Laguna,Region IV-A (CALABARZON),1,14.291407,121.467751,295,3,12,-73.4
214,0702224035,Tapon,Dumanjug,Cebu,Region VII (Central Visayas),1,10.062109,123.444383,332,2,8,-61.4
215,0702227005,Jubay,Liloan,Cebu,Region VII (Central Visayas),1,10.418838,123.995857,1203,2,8,-56.5
216,0601914032,Lanot,City of Roxas,Capiz,Region VI (Western Visayas),1,11.51769,122.755065,526,1,4,-60.9
217,0702251014,Carmen,City of Toledo,Cebu,Region VII (Central Visayas),1,10.392311,123.663539,392,2,8,-71.4
218,0403410022,Kanlurang Bukal,Liliw,Laguna,Region IV-A (CALABARZON),1,14.128623,121.439541,441,3,12,-76.9
219,0402106069,San Francisco II,City of Dasmariñas,Cavite,Region IV-A (CALABARZON),1,14.350496,121.001222,312,1,4,-64.7
220,0506203025,Benigno S. Aquino,Bulan,Sorsogon,Region V (Bicol Region),1,12.675897,123.875233,272,1,4,-84.1
221,0105532051,Mamarlao,City of San Carlos,Pangasinan,Region I (Ilocos Region),1,15.932685,120.346615,262,3,12,-74.5
222,0402123017,Kapitan Kua,Gen. Mariano Alvarez,Cavite,Region IV-A (CALABARZON),1,14.312741,121.033425,317,1,4,-56.9
223,0304912029,Sapang,Jaen,Nueva Ecija,Region III (Central Luzon),1,15.324045,120.905665,384,1,4,-45.6
224,0405806027,San Roque,Cardona,Rizal,Region IV-A (CALABARZON),1,14.486213,121.226536,245,0,0,
225,0402116013,San Juan II,Noveleta,Cavite,Region IV-A (CALABARZON),1,14.43767,120.885238,308,0,0,
226,0300802016,Atilano L. Ricardo,Bagac,Bataan,Region III (Central Luzon),1,14.606009,120.405793,289,18,72,-89.6
227,0731300017,Maguikay,City of Mandaue,Cebu,Region VII (Central Visayas),1,10.34104,123.936524,1283,0,0,
228,0304924001,Buliran,San Antonio,Nueva Ecija,Region III (Central Luzon),1,15.27064,120.864568,433,1,4,-46.9
229,0301420054,Santa Cruz II,City of San Jose Del Monte,Bulacan,Region III (Central Luzon),1,14.80599,121.02404,305,1,4,-63.5
230,1731500001,Babuyan,City of Puerto Princesa,Palawan,MIMAROPA Region,1,9.980975,118.932254,244,90,360,-100.3
231,0501724004,Balatas,City of Naga,Camarines Sur,Region V (Bicol Region),1,13.631105,123.201478,792,1,4,-57.8
232,1004308048,Barangay 23,City of Gingoog,Misamis Oriental,Region X (Northern Mindanao),1,8.822506,125.100567,256,29,116,-101.1
233,1430300135,Dominican Hill-Mirador,City of Baguio,Benguet,Cordillera Administrative Region (CAR),1,16.406577,120.58333,382,0,0,
234,0403422004,Bulilan Norte,Pila,Laguna,Region IV-A (CALABARZON),1,14.234924,121.36548,231,0,0,
235,0631000135,Quintin Salas,City of Iloilo,Iloilo,Region VI (Western Visayas),1,10.742797,122.56484,388,0,0,
236,0803738076,Punta,Ormoc City,Leyte,Region VIII (Eastern Visayas),1,11.008969,124.599903,359,3,12,-81.8
237,0702235014,Lagunde,Oslob,Cebu,Region VII (Central Visayas),1,9.525719,123.43594,264,40,160,-99
238,0702223042,Taytay,Danao City,Cebu,Region VII (Central Visayas),1,10.532183,124.027548,374,13,52,-100.6
239,0402113025,Pinagsanhan I B,Maragondon,Cavite,Region IV-A (CALABARZON),1,14.271287,120.729709,358,9,36,-87.7
240,0304919014,Caballero,City of Palayan,Nueva Ecija,Region III (Central Luzon),1,15.544439,121.087564,338,1,4,-77
241,1600302005,Poblacion,Bunawan,Agusan del Sur,Region XIII (Caraga),1,8.515562,125.96861,384,32,128,-97.7
242,0304902020,Rizal,Bongabon,Nueva Ecija,Region III (Central Luzon),1,15.628965,121.139212,298,4,16,-83.6
243,1130700040,Daliao,City of Davao,Davao del Sur,Region XI (Davao Region),1,7.011305,125.501383,1972,10,40,-95.4
244,1600312006,Poblacion,Trento,Agusan del Sur,Region XIII (Caraga),1,8.04754,126.063331,1458,95,380,-101.3
245,1102403028,Zone 1,City of Digos,Davao del Sur,Region XI (Davao Region),1,6.757588,125.35538,1549,6,24,-82.2
246,1600307001,Bayugan 3,Rosario,Agusan del Sur,Region XIII (Caraga),1,8.302243,126.004444,1144,66,264,-98.4
247,1030500063,Puerto,City of Cagayan De Oro,Misamis Oriental,Region X (Northern Mindanao),1,8.499275,124.748356,1118,3,12,-67.4
248,1130700126,Toril,City of Davao,Davao del Sur,Region XI (Davao Region),1,7.012748,125.4995,1138,0,0,
249,1001304022,Don Carlos Sur,Don Carlos,Bukidnon,Region X (Northern Mindanao),1,7.67767,124.994332,1005,4,16,-75
250,1130700198,Vicente Hizon Sr.,City of Davao,Davao del Sur,Region XI (Davao Region),1,7.111618,125.649765,1030,7,28,-90.5
251,1004324006,Poblacion,Tagoloan,Misamis Oriental,Region X (Northern Mindanao),1,8.537304,124.755274,820,1,4,-56
252,1102502012,Poblacion,Banaybanay,Davao Oriental,Region XI (Davao Region),1,6.962026,126.012461,784,2,8,-76.9
253,1004307012,Poblacion,City of El Salvador,Misamis Oriental,Region X (Northern Mindanao),1,8.557018,124.521574,689,9,36,-93.2
254,1102412005,Inawayan,Santa Cruz,Davao del Sur,Region XI (Davao Region),1,6.955242,125.471987,786,42,168,-97.9
255,1102414018,Poblacion,Sulop,Davao del Sur,Region XI (Davao Region),1,6.598285,125.343945,734,21,84,-96.6
256,1001321010,Guinoyuran,City of Valencia,Bukidnon,Region X (Northern Mindanao),1,7.894926,125.005404,642,73,292,-100.6
257,1606819005,Bongtod Pob.,City of Tandag,Surigao del Sur,Region XIII (Caraga),1,9.079409,126.197223,448,34,136,-102.5
258,1004325010,Poblacion,Talisayan,Misamis Oriental,Region X (Northern Mindanao),1,8.998779,124.881498,424,13,52,-95.3
259,1705320018,Pancol,Taytay,Palawan,MIMAROPA Region,1,10.870714,119.416583,272,119,476,-102.1
260,1102315029,San Francisco,City of Panabo,Davao del Norte,Region XI (Davao Region),1,7.303326,125.681285,1150,0,0,
261,0405646030,Rizal,Tagkawayan,Quezon,Region IV-A (CALABARZON),1,13.960192,122.543527,266,19,76,-91.8
262,0402106028,San Esteban,City of Dasmariñas,Cavite,Region IV-A (CALABARZON),1,14.297184,120.950271,426,0,0,
263,0300809001,Bagong Paraiso,Orani,Bataan,Region III (Central Luzon),1,14.799859,120.530217,272,0,0,
264,0401034013,Luna,Tuy,Batangas,Region IV-A (CALABARZON),1,14.021207,120.731099,229,1,4,-72.3
265,0300803017,Sibacan,City of Balanga,Bataan,Region III (Central Luzon),1,14.687018,120.547185,241,0,0,
266,1130700026,Calinan,City of Davao,Davao del Sur,Region XI (Davao Region),1,7.186057,125.455529,2223,0,0,
267,1606819022,Telaje,City of Tandag,Surigao del Sur,Region XIII (Caraga),1,9.074131,126.19639,583,1,4,-60.8
268,0401005082,Sampaga,Batangas City,Batangas,Region IV-A (CALABARZON),1,13.754936,121.10372,382,1,4,-72.8
269,0600415013,Poblacion,New Washington,Aklan,Region VI (Western Visayas),1,11.648201,122.434044,484,1,4,-117.4
270,0803748050,Santo Niño Pob.,Tanauan,Leyte,Region VIII (Eastern Visayas),1,11.103694,125.020791,304,3,12,-81.1
271,0603035039,Poblacion Ilawod,City of Passi,Iloilo,Region VI (Western Visayas),1,11.105208,122.642729,477,1,4,-64.9
272,1004325014,San Jose,Talisayan,Misamis Oriental,Region X (Northern Mindanao),1,8.993744,124.888791,299,15,60,-92.5
273,1004322011,Poblacion,Salay,Misamis Oriental,Region X (Northern Mindanao),1,8.859213,124.790089,479,8,32,-88.7
274,0601905013,Poblacion Norte,Ivisan,Capiz,Region VI (Western Visayas),1,11.5223,122.6948,219,1,4,-62.1
275,0403420008,Kabulusan,Pakil,Laguna,Region IV-A (CALABARZON),1,14.368229,121.399633,431,7,28,-79.8
276,0402120027,Lambingan,Tanza,Cavite,Region IV-A (CALABARZON),1,14.37014,120.828131,256,1,4,-50.7
277,0702218007,Cogon,Compostela,Cebu,Region VII (Central Visayas),1,10.455338,124.009249,644,1,4,-73.4
278,0403430001,Banca-banca,Victoria,Laguna,Region IV-A (CALABARZON),1,14.202417,121.345522,389,1,4,-77.2
279,0730600081,Talamban,City of Cebu,Cebu,Region VII (Central Visayas),1,10.369617,123.917351,3133,2,8,-62.8
280,0631000098,M. V. Hechanova,City of Iloilo,Iloilo,Region VI (Western Visayas),1,10.747275,122.564141,307,1,4,-53.5
281,0304917027,Poblacion North,Science City of Muñoz,Nueva Ecija,Region III (Central Luzon),1,15.720475,120.903985,253,1,4,-20.3
282,0702223040,Suba,Danao City,Cebu,Region VII (Central Visayas),1,10.524549,124.028701,615,6,24,-101.9
283,0501728005,Cadlan,Pili,Camarines Sur,Region V (Bicol Region),1,13.599934,123.253864,428,2,8,-70.3
284,0702250012,Poblacion,City of Talisay,Cebu,Region VII (Central Visayas),1,10.245506,123.844614,833,1,4,-57.2
285,0501726017,Tambo,Pamplona,Camarines Sur,Region V (Bicol Region),1,13.578271,123.063853,302,1,4,-70
286,0702218014,Poblacion,Compostela,Cebu,Region VII (Central Visayas),1,10.45603,124.01151,1015,5,20,-85.4
287,0401027004,Calayaan,Santa Teresita,Batangas,Region IV-A (CALABARZON),1,13.880838,120.964783,199,0,0,
288,0730600064,Sambag I,City of Cebu,Cebu,Region VII (Central Visayas),1,10.299409,123.895647,1082,0,0,
289,0205005025,Salvacion,Bayombong,Nueva Vizcaya,Region II (Cagayan Valley),1,16.479131,121.149874,355,9,36,-94.1
290,0702208009,Cambuhawe,Balamban,Cebu,Region VII (Central Visayas),1,10.500014,123.718987,304,2,8,-86.8
291,0604509002,Balintawak,City of Escalante,Negros Occidental,Region VI (Western Visayas),1,10.839397,123.496885,1189,119,476,-102.1
292,0803722021,Santo Niño,Isabel,Leyte,Region VIII (Eastern Visayas),1,10.928465,124.436717,517,5,20,-96.4
293,0600407003,Bachaw Sur,Kalibo,Aklan,Region VI (Western Visayas),1,11.691854,122.373394,285,1,4,-55.6
294,1204704032,Poblacion,City of Kidapawan,Cotabato,Region XII (SOCCSKSARGEN),1,7.006704,125.089853,1829,0,0,
295,0105543023,Trenchera,Tayug,Pangasinan,Region I (Ilocos Region),1,16.024625,120.755472,362,1,4,-41.4
296,0501737039,Santa Cruz,Tinambac,Camarines Sur,Region V (Bicol Region),1,13.812889,123.331934,273,9,36,-88.9
297,0403420007,Gonzales,Pakil,Laguna,Region IV-A (CALABARZON),1,14.38469,121.476926,260,2,8,-102.1
298,0704611028,Poblacion,City of Guihulngan,Negros Oriental,Region VII (Central Visayas),1,10.119108,123.2689,1328,10,40,-86.3
299,1705318015,Barangay 1,Roxas,Palawan,MIMAROPA Region,1,10.31693,119.344973,419,46,184,-103.3
300,1705211012,Poblacion,Puerto Galera,Oriental Mindoro,MIMAROPA Region,1,13.501073,120.954514,415,15,60,-91.3
301,1705207013,Poblacion,Mansalay,Oriental Mindoro,MIMAROPA Region,1,12.521822,121.441111,335,54,216,-99.1
302,0604528038,Zone 12,City of Talisay,Negros Occidental,Region VI (Western Visayas),1,10.739444,122.968611,215,4,16,-81.9
303,0403402011,San Isidro,Bay,Laguna,Region IV-A (CALABARZON),1,14.1856,121.285759,274,0,0,
304,0702251007,Cabitoonan,City of Toledo,Cebu,Region VII (Central Visayas),1,10.352588,123.613074,443,33,132,-97.5
305,1230800034,City Heights,City of General Santos,South Cotabato,Region XII (SOCCSKSARGEN),1,6.125626,125.174155,1939,3,12,-64
306,0306903036,Palimbo Caarosipan,Camiling,Tarlac,Region III (Central Luzon),1,15.690655,120.407552,279,3,12,-85.8
307,0501703030,San Vicente,Bato,Camarines Sur,Region V (Bicol Region),1,13.362142,123.366754,478,2,8,-68.5
308,0403413016,Wawa,Lumban,Laguna,Region IV-A (CALABARZON),1,14.304735,121.459609,407,1,4,-72.3
309,0704610029,Taclobo,City of Dumaguete,Negros Oriental,Region VII (Central Visayas),1,9.309522,123.303722,778,0,0,
310,0631000029,Caingin,City of Iloilo,Iloilo,Region VI (Western Visayas),1,10.711138,122.579031,347,1,4,-53.1
311,0304901021,Poblacion East I,Aliaga,Nueva Ecija,Region III (Central Luzon),1,15.503093,120.868554,223,8,32,-79.7
312,0304907011,Malinao,Gabaldon,Nueva Ecija,Region III (Central Luzon),1,15.482987,121.332466,236,97,388,-103.6
313,0300804048,Pentor,Dinalupihan,Bataan,Region III (Central Luzon),1,14.871112,120.473884,286,1,4,-69.8
314,1705215020,Poblacion III,Victoria,Oriental Mindoro,MIMAROPA Region,1,13.16691,121.277671,317,0,0,
315,0601914047,Tanque,City of Roxas,Capiz,Region VI (Western Visayas),1,11.587352,122.752013,485,0,0,
316,0731300009,Casuntingan,City of Mandaue,Cebu,Region VII (Central Visayas),1,10.351945,123.945622,1445,0,0,
317,0102817009,Davila,Pasuquin,Ilocos Norte,Region I (Ilocos Region),1,18.468109,120.578375,328,110,440,-102
318,0506203045,J.P. Laurel,Bulan,Sorsogon,Region V (Bicol Region),1,12.680525,123.869219,318,40,160,-99.3
319,1030500003,Bulua,City of Cagayan De Oro,Misamis Oriental,Region X (Northern Mindanao),1,8.502929,124.616684,3003,4,16,-72.6
320,0702210027,Mantalongon,Barili,Cebu,Region VII (Central Visayas),1,10.125244,123.576212,243,10,40,-85.3
321,0702222029,Poblacion,Dalaguete,Cebu,Region VII (Central Visayas),1,9.758278,123.533796,541,23,92,-98.3
322,0307106004,Collat,Masinloc,Zambales,Region III (Central Luzon),1,15.542508,119.952575,264,1,4,-55.1
323,0504112001,Bacolod,Milagros,Masbate,Region V (Bicol Region),1,12.224475,123.508389,246,25,100,-98.3
324,0405628021,Ilayang Yuni,Mulanay,Quezon,Region IV-A (CALABARZON),1,13.471888,122.513184,271,67,268,-97.6
325,0731300002,Bakilid,City of Mandaue,Cebu,Region VII (Central Visayas),1,10.33872,123.934165,376,0,0,
326,1004310011,Poblacion,Initao,Misamis Oriental,Region X (Northern Mindanao),1,8.497539,124.306213,623,14,56,-93.2
327,1004312011,Poblacion,Kinoguitan,Misamis Oriental,Region X (Northern Mindanao),1,8.982648,124.793769,184,3,12,-83.1
328,0702205026,Langtad,Argao,Cebu,Region VII (Central Visayas),1,9.888669,123.605065,276,10,40,-92
329,1705205029,Lazareto,City of Calapan,Oriental Mindoro,MIMAROPA Region,1,13.428333,121.199562,374,41,164,-101.9
330,0403410018,Ilayang Palina,Liliw,Laguna,Region IV-A (CALABARZON),1,14.134005,121.433487,229,0,0,
331,1001304004,Calaocalao,Don Carlos,Bukidnon,Region X (Northern Mindanao),1,7.687219,124.918192,250,81,324,-101.6
332,0300804038,Santo Niño,Dinalupihan,Bataan,Region III (Central Luzon),1,14.876455,120.459067,303,1,4,-46.2
333,1004321015,Taboc,Opol,Misamis Oriental,Region X (Northern Mindanao),1,8.516975,124.576195,311,3,12,-78.9
334,0307702019,Bianuan,Casiguran,Aurora,Region III (Central Luzon),1,16.205609,122.042367,220,152,608,-103.8
335,0403420003,Burgos,Pakil,Laguna,Region IV-A (CALABARZON),1,14.380254,121.477818,220,5,20,-79.9
336,1004314008,Poblacion,Laguindingan,Misamis Oriental,Region X (Northern Mindanao),1,8.575516,124.444951,297,2,8,-79.4
337,0402119036,Sungay North,City of Tagaytay,Cavite,Region IV-A (CALABARZON),1,14.12375,120.989491,455,0,0,
338,0806407002,Asuncion,City of Maasin,Southern Leyte,Region VIII (Eastern Visayas),1,10.130403,124.861375,375,6,24,-87.5
339,0403410021,Ilayang Taykin,Liliw,Laguna,Region IV-A (CALABARZON),1,14.141025,121.444752,297,1,4,-76.5
340,0403421006,Natividad,Pangil,Laguna,Region IV-A (CALABARZON),1,14.406011,121.468428,256,4,16,-88.9
341,0702222031,Tapun,Dalaguete,Cebu,Region VII (Central Visayas),1,9.773425,123.530692,382,13,52,-88.4
342,0401007016,Camastilisan,City of Calaca,Batangas,Region IV-A (CALABARZON),1,13.925348,120.802499,358,6,24,-88.4
343,0500517040,San Ramon,City of Tabaco,Albay,Region V (Bicol Region),1,13.347925,123.731254,236,0,0,
344,0301410019,Canalate,City of Malolos,Bulacan,Region III (Central Luzon),1,14.841717,120.802421,326,0,0,
345,0304932025,Santa Lucia Young,Zaragoza,Nueva Ecija,Region III (Central Luzon),1,15.459998,120.795246,353,6,24,-85.4
346,0403406016,San Isidro,Calauan,Laguna,Region IV-A (CALABARZON),1,14.155491,121.315819,356,0,0,
347,0401029045,Laguile,Taal,Batangas,Region IV-A (CALABARZON),1,13.897495,120.916407,277,0,0,
348,1004313004,Kabulawan,Lagonglong,Misamis Oriental,Region X (Northern Mindanao),1,8.816559,124.791134,282,0,0,
349,0603035033,Man-it,City of Passi,Iloilo,Region VI (Western Visayas),1,11.099008,122.636213,371,12,48,-93.7
350,0301415018,San Roque,Pandi,Bulacan,Region III (Central Luzon),1,14.857863,120.956,259,1,4,-47.5
351,0702213015,Poblacion,Borbon,Cebu,Region VII (Central Visayas),1,10.83504,124.025849,427,32,128,-96.5
352,1600314015,Poblacion,Sibagat,Agusan del Sur,Region XIII (Caraga),1,8.823595,125.695557,488,62,248,-98.1
353,0307104008,San Agustin,Castillejos,Zambales,Region III (Central Luzon),1,14.933433,120.191414,400,8,32,-94.5
354,0402116005,San Juan I,Noveleta,Cavite,Region IV-A (CALABARZON),1,14.435746,120.887624,276,0,0,
355,0603018010,Bolilao,Dumangas,Iloilo,Region VI (Western Visayas),1,10.829746,122.714268,248,2,8,-101.8
356,0730600065,Sambag II,City of Cebu,Cebu,Region VII (Central Visayas),1,10.331576,123.896272,1143,1,4,-60.5
357,0501736022,Talojongon,Tigaon,Camarines Sur,Region V (Bicol Region),1,13.627662,123.496317,293,0,0,
358,0105538005,Botao,Santa Barbara,Pangasinan,Region I (Ilocos Region),1,15.974986,120.458762,286,6,24,-78.5
359,0701242011,Poblacion II,City of Tagbilaran,Bohol,Region VII (Central Visayas),1,9.643499,123.858767,330,0,0,
360,0405801007,Poblacion Ibaba,Angono,Rizal,Region IV-A (CALABARZON),1,14.536405,121.154489,289,1,4,-68.1
361,1401110009,Cruz,La Trinidad,Benguet,Cordillera Administrative Region (CAR),1,16.455077,120.585815,299,1,4,-61.8
362,0702235020,Poblacion,Oslob,Cebu,Region VII (Central Visayas),1,9.524692,123.433928,359,35,140,-97.4
363,0730600004,Babag,City of Cebu,Cebu,Region VII (Central Visayas),1,10.38025,123.85598,558,10,40,-91.2
364,0403424036,Del Remedio,City of San Pablo,Laguna,Region IV-A (CALABARZON),1,14.081543,121.313708,1781,1,4,-63.4
365,0405801005,Kalayaan,Angono,Rizal,Region IV-A (CALABARZON),1,14.529697,121.153618,1609,0,0,
366,0403424047,San Francisco,City of San Pablo,Laguna,Region IV-A (CALABARZON),1,14.05947,121.328402,1486,0,0,
367,0405804027,Pantok,Binangonan,Rizal,Region IV-A (CALABARZON),1,14.49451,121.18006,1340,2,8,-64.5
368,0305416036,Sindalan,City of San Fernando,Pampanga,Region III (Central Luzon),1,15.077432,120.641795,1193,1,4,-55.6
369,0301404013,Lolomboy,Bocaue,Bulacan,Region III (Central Luzon),1,14.779449,120.933662,1294,2,8,-84.1
370,0304908011,San Nicolas,City of Gapan,Nueva Ecija,Region III (Central Luzon),1,15.303664,120.936128,1228,1,4,-77.7
371,0307114014,Mangan-Vaca,Subic,Zambales,Region III (Central Luzon),1,14.888561,120.237607,1123,8,32,-96.7
372,0304904014,San Fernando Sur,Cabiao,Nueva Ecija,Region III (Central Luzon),1,15.263167,120.866926,1216,2,8,-84.6
373,0431200026,Isabang,City of Lucena,Quezon,Region IV-A (CALABARZON),1,13.949729,121.58121,1056,3,12,-69
374,0402104009,Mabuhay,Carmona,Cavite,Region IV-A (CALABARZON),1,14.310291,121.050489,1181,0,0,
375,0401014010,Banaybanay,City of Lipa,Batangas,Region IV-A (CALABARZON),1,13.935685,121.118501,1113,0,0,
376,0405608008,Malabanban Norte,Candelaria,Quezon,Region IV-A (CALABARZON),1,13.930814,121.438584,948,2,8,-66.6
377,0402106008,Paliparan I,City of Dasmariñas,Cavite,Region IV-A (CALABARZON),1,14.310679,120.963936,940,0,0,
378,0304925004,Malapit,San Isidro,Nueva Ecija,Region III (Central Luzon),1,15.304275,120.921216,896,2,8,-62.7
379,0301423002,Balasing,Santa Maria,Bulacan,Region III (Central Luzon),1,14.850614,121.001898,872,1,4,-67.9
380,0331400006,East Tapinac,City of Olongapo,Zambales,Region III (Central Luzon),1,14.833616,120.282787,821,0,0,
381,0301422030,San Roque,San Rafael,Bulacan,Region III (Central Luzon),1,15.008415,120.93239,867,2,8,-67
382,0301423018,San Gabriel,Santa Maria,Bulacan,Region III (Central Luzon),1,14.806887,120.958509,863,1,4,-48.4
383,0401017020,Santiago,Malvar,Batangas,Region IV-A (CALABARZON),1,14.019332,121.163129,706,1,4,-61.3
384,0306916023,Burot,City of Tarlac,Tarlac,Region III (Central Luzon),1,15.414113,120.600645,616,1,4,-66.2
385,0301410050,Santo Rosario,City of Malolos,Bulacan,Region III (Central Luzon),1,14.853181,120.817662,657,0,0,
386,0300808001,Binaritan,Morong,Bataan,Region III (Central Luzon),1,14.682442,120.268042,620,18,72,-90.9
387,0403421008,Sulib,Pangil,Laguna,Region IV-A (CALABARZON),1,14.404943,121.463802,675,0,0,
388,0304928019,Soledad,Santa Rosa,Nueva Ecija,Region III (Central Luzon),1,15.428567,120.994854,634,4,16,-72.4
389,0205013012,Quirino,Solano,Nueva Vizcaya,Region II (Cagayan Valley),1,16.512778,121.1825,566,1,4,-43.8
390,0304911056,San Roque,Guimba,Nueva Ecija,Region III (Central Luzon),1,15.241838,120.954768,589,4,16,-75.3
391,0304908015,Santo Cristo Norte,City of Gapan,Nueva Ecija,Region III (Central Luzon),1,15.285279,120.947614,576,2,8,-76.7
392,0402118016,Inchican,Silang,Cavite,Region IV-A (CALABARZON),1,14.250352,121.053334,548,3,12,-68.4
393,0306903027,Malacampa,Camiling,Tarlac,Region III (Central Luzon),1,15.640219,120.411814,473,57,228,-99.7
394,0304908001,Bayanihan,City of Gapan,Nueva Ecija,Region III (Central Luzon),1,15.299515,120.94486,514,1,4,-74.7
395,0405647043,Mateuna,City of Tayabas,Quezon,Region IV-A (CALABARZON),1,14.024238,121.596039,470,5,20,-89.2
396,0203126013,Bantug,Roxas,Isabela,Region II (Cagayan Valley),1,17.114354,121.61286,466,3,12,-91.6
397,0304901005,Bucot,Aliaga,Nueva Ecija,Region III (Central Luzon),1,15.502481,120.871589,500,2,8,-78.9
398,0305406012,Fortuna,Floridablanca,Pampanga,Region III (Central Luzon),1,14.982799,120.516371,431,2,8,-65.5
399,0305403025,San Jose Mesulo,Arayat,Pampanga,Region III (Central Luzon),1,15.142455,120.770668,429,1,4,-78.1
400,0102812062,"Bgy. No. 1, San Lorenzo",City of Laoag,Ilocos Norte,Region I (Ilocos Region),1,18.204895,120.584316,449,1,4,-88.1
401,0304908017,Santo Niño,City of Gapan,Nueva Ecija,Region III (Central Luzon),1,15.305072,120.943483,469,1,4,-52.9
402,0306916082,Sapang Tagalog,City of Tarlac,Tarlac,Region III (Central Luzon),1,15.421793,120.599218,419,2,8,-75.1
403,0402118023,Lumil,Silang,Cavite,Region IV-A (CALABARZON),1,14.182828,121.011621,480,1,4,-79.1
404,0306916015,Baras-baras,City of Tarlac,Tarlac,Region III (Central Luzon),1,15.518093,120.565218,415,5,20,-85.9
405,0403402004,Maitim,Bay,Laguna,Region IV-A (CALABARZON),1,14.179299,121.275514,464,1,4,-54.3
406,0306905035,San Nicolas,Concepcion,Tarlac,Region III (Central Luzon),1,15.326053,120.654398,392,0,0,
407,0405644001,Abuyon,San Narciso,Quezon,Region IV-A (CALABARZON),1,13.622344,122.518991,393,45,180,-97.7
408,0301407020,Pio Cruzcosa,Calumpit,Bulacan,Region III (Central Luzon),1,14.904841,120.766678,418,0,0,
409,0306907003,Caramutan,La Paz,Tarlac,Region III (Central Luzon),1,15.44541,120.719718,351,2,8,-67.2
410,0405811011,Ampid II,San Mateo,Rizal,Region IV-A (CALABARZON),1,14.687108,121.114674,371,1,4,-83
411,0403426026,Santo Angel Sur,Santa Cruz,Laguna,Region IV-A (CALABARZON),1,14.28119,121.411348,405,0,0,
412,0304930035,Maestrang Kikay,Talavera,Nueva Ecija,Region III (Central Luzon),1,15.58342,120.9206,368,0,0,
413,0330100027,Sto. Cristo,City of Angeles,Pampanga,Region III (Central Luzon),1,15.16596,120.593285,353,1,4,-45.9
414,0403404017,Barangay Uno,City of Cabuyao,Laguna,Region IV-A (CALABARZON),1,14.24528,121.128476,368,0,0,
415,0201501010,Libertad,Abulug,Cagayan,Region II (Cagayan Valley),1,18.34164,121.41728,308,10,40,-86.2
416,0403404006,Casile,City of Cabuyao,Laguna,Region IV-A (CALABARZON),1,14.169597,121.019349,361,4,16,-79.3
417,1130700152,Barangay 19-B,City of Davao,Davao del Sur,Region XI (Davao Region),1,7.094437,125.603564,2823,2,8,-72.3
418,1130700050,Indangan,City of Davao,Davao del Sur,Region XI (Davao Region),1,7.161624,125.595702,2284,6,24,-87
419,1401110001,Alapang,La Trinidad,Benguet,Cordillera Administrative Region (CAR),1,16.468538,120.598534,461,1,4,-70.9
420,0301415019,Siling Bata,Pandi,Bulacan,Region III (Central Luzon),1,14.892378,120.969975,1127,0,0,
421,0401031040,Sambat,City of Tanauan,Batangas,Region IV-A (CALABARZON),1,14.08417,121.138683,382,0,0,
422,1102407015,Poblacion,Magsaysay,Davao del Sur,Region XI (Davao Region),1,6.753165,125.151015,707,97,388,-102.2
423,0405810009,Wawa,Pililla,Rizal,Region IV-A (CALABARZON),1,14.454617,121.325615,348,7,28,-82
424,0702219009,Nangka,Consolacion,Cebu,Region VII (Central Visayas),1,10.372103,123.959095,1051,0,0,
425,0730600030,Guba,City of Cebu,Cebu,Region VII (Central Visayas),1,10.42505,123.89012,538,2,8,-65.2
426,0501724008,Carolina,City of Naga,Camarines Sur,Region V (Bicol Region),1,13.664143,123.287655,490,23,92,-89.2
427,0403428002,Balibago,City of Santa Rosa,Laguna,Region IV-A (CALABARZON),1,14.296262,121.104531,2149,0,0,
428,0405645017,Guisguis-Talon,Sariaya,Quezon,Region IV-A (CALABARZON),1,13.867832,121.500474,308,6,24,-94.2
429,0301423016,Poblacion,Santa Maria,Bulacan,Region III (Central Luzon),1,14.821999,120.962546,1153,1,4,-48
430,0105524062,Poblacion,Malasiqui,Pangasinan,Region I (Ilocos Region),1,15.923337,120.412688,699,0,0,
431,0301403030,Virgen delas Flores,Baliuag,Bulacan,Region III (Central Luzon),1,14.94576,120.88598,659,1,4,-38.6
432,1004304007,Poblacion,Binuangan,Misamis Oriental,Region X (Northern Mindanao),1,8.918638,124.785295,166,11,44,-96.6
433,0603044004,Anoring,Sara,Iloilo,Region VI (Western Visayas),1,11.257625,123.017337,206,0,0,
434,1401105001,Abatan,Buguias,Benguet,Cordillera Administrative Region (CAR),1,16.803678,120.823301,312,4,16,-78.7
435,0402104011,Milagrosa,Carmona,Cavite,Region IV-A (CALABARZON),1,14.308333,121.049444,2215,0,0,
436,0301415016,Poblacion,Pandi,Bulacan,Region III (Central Luzon),1,14.8664,120.956207,778,1,4,-74.5
437,0402108015,Manggahan,City of General Trias,Cavite,Region IV-A (CALABARZON),1,14.296561,120.911797,1836,0,0,
438,0702251018,Ibo,City of Toledo,Cebu,Region VII (Central Visayas),1,10.365314,123.619228,382,25,100,-97.5
439,1705320021,Pularaquen,Taytay,Palawan,MIMAROPA Region,1,10.955861,119.485315,267,124,496,-103.1
440,0702219002,Cansaga,Consolacion,Cebu,Region VII (Central Visayas),1,10.378808,123.962721,525,0,0,
441,0431200011,Barangay 8,City of Lucena,Quezon,Region IV-A (CALABARZON),1,13.930123,121.611448,302,0,0,
442,0401020014,Bawi,Padre Garcia,Batangas,Region IV-A (CALABARZON),1,13.886815,121.232991,337,1,4,-49.1
443,0203135033,Sinsayon,City of Santiago,Isabela,Region II (Cagayan Valley),1,16.691033,121.5246,298,11,44,-84
444,1600210008,San Isidro,Santiago,Agusan del Norte,Region XIII (Caraga),1,9.157557,125.560827,227,26,104,-97.3
445,0301418022,Poblacion,Pulilan,Bulacan,Region III (Central Luzon),1,14.904072,120.848085,1196,0,0,
446,0403423010,Talaga,Rizal,Laguna,Region IV-A (CALABARZON),1,14.111202,121.39126,185,0,0,
447,0501606036,Malasugui,Labo,Camarines Norte,Region V (Bicol Region),1,14.154333,122.845463,303,4,16,-84.2
448,0403424051,San Isidro,City of San Pablo,Laguna,Region IV-A (CALABARZON),1,13.984645,121.309385,425,3,12,-70.3
449,0304902028,Tulay na Bato,Bongabon,Nueva Ecija,Region III (Central Luzon),1,15.623874,121.145274,214,0,0,
450,0405812005,Kaybuto,Tanay,Rizal,Region IV-A (CALABARZON),1,14.497606,121.281126,730,2,8,-76.1
451,0201516023,Magapit,Lal-Lo,Cagayan,Region II (Cagayan Valley),1,18.128493,121.679071,317,38,152,-95.6
452,0403422005,Bulilan Sur,Pila,Laguna,Region IV-A (CALABARZON),1,14.233956,121.366116,347,0,0,
453,0702216011,Catmondaan,Catmon,Cebu,Region VII (Central Visayas),1,10.685806,124.014549,270,20,80,-95.4
454,1630400086,Tiniwisan,City of Butuan,Agusan del Norte,Region XIII (Caraga),1,8.947193,125.539704,306,1,4,-37.1
455,0630200051,Mansilingan,City of Bacolod,Negros Occidental,Region VI (Western Visayas),1,10.630278,122.975,4495,1,4,-73.7
456,0931700012,Buenavista,City of Zamboanga,Zamboanga del Sur,Region IX (Zamboanga Peninsula),1,7.238873,122.258103,708,42,168,-97.4
457,0300804014,Kataasan,Dinalupihan,Bataan,Region III (Central Luzon),1,14.871306,120.462847,268,0,0,
458,0402106013,Sampaloc I,City of Dasmariñas,Cavite,Region IV-A (CALABARZON),1,14.29858,120.955879,712,1,4,-56.7
459,0702220007,Day-as,Cordova,Cebu,Region VII (Central Visayas),1,10.254338,123.944006,395,0,0,
460,1108207013,Poblacion,Monkayo,Davao de Oro,Region XI (Davao Region),1,7.824701,126.052896,1692,31,124,-98.8
461,0403405049,Real,City of Calamba,Laguna,Region IV-A (CALABARZON),1,14.198547,121.149164,1631,0,0,
462,1630400014,Bading Pob.,City of Butuan,Agusan del Norte,Region XIII (Caraga),1,8.946946,125.539395,429,0,0,
463,0604531017,Barangay XIV,City of Victorias,Negros Occidental,Region VI (Western Visayas),1,10.903842,123.060799,388,8,32,-95.5
464,0304924017,Tikiw,San Antonio,Nueva Ecija,Region III (Central Luzon),1,15.310523,120.862349,272,0,0,
465,0601914025,Culasi,City of Roxas,Capiz,Region VI (Western Visayas),1,11.604905,122.710065,644,54,216,-102.9
466,0301406010,Poblacion,Bustos,Bulacan,Region III (Central Luzon),1,14.955841,120.919011,740,1,4,-66.2
467,0402103051,Niog II,City of Bacoor,Cavite,Region IV-A (CALABARZON),1,14.453937,120.958063,651,0,0,
468,0702205014,Canbanua,Argao,Cebu,Region VII (Central Visayas),1,9.884766,123.594649,220,1,4,-53.1
469,1705206023,Narra,Gloria,Oriental Mindoro,MIMAROPA Region,1,12.956383,121.477767,226,24,96,-97.6
470,0401032019,Santo Niño,Taysan,Batangas,Region IV-A (CALABARZON),1,13.757136,121.209971,216,18,72,-93.3
471,0701242004,Cogon,City of Tagbilaran,Bohol,Region VII (Central Visayas),1,9.652868,123.854308,1206,1,4,-60.5
472,0702239012,Santa Cruz,Ronda,Cebu,Region VII (Central Visayas),1,10.012357,123.412626,289,16,64,-93
473,0501728010,La Purisima,Pili,Camarines Sur,Region V (Bicol Region),1,13.56214,123.286433,229,3,12,-82.4
474,0501730037,F. Simeon,Ragay,Camarines Sur,Region V (Bicol Region),1,13.844461,122.700968,223,68,272,-98.7
475,0405640007,Poblacion,San Andres,Quezon,Region IV-A (CALABARZON),1,13.323783,122.676877,414,107,428,-101.8
476,0504117036,Villa Inocencio,Placer,Masbate,Region V (Bicol Region),1,11.869488,123.908167,379,28,112,-103.6
477,0431200021,Ibabang Iyam,City of Lucena,Quezon,Region IV-A (CALABARZON),1,13.93067,121.609332,2116,0,0,
478,0704611031,Tinayunan Beach,City of Guihulngan,Negros Oriental,Region VII (Central Visayas),1,10.103962,123.265153,314,54,216,-100.8
479,1705201029,Poblacion,Baco,Oriental Mindoro,MIMAROPA Region,1,13.359081,121.095326,223,43,172,-99.2
480,0405801009,San Isidro,Angono,Rizal,Region IV-A (CALABARZON),1,14.529549,121.154264,2731,0,0,
481,0304905015,Joson,Carranglan,Nueva Ecija,Region III (Central Luzon),1,15.948258,120.977796,520,68,272,-98.7
482,0405648021,Quipot,Tiaong,Quezon,Region IV-A (CALABARZON),1,13.959584,121.320318,301,1,4,-69.6
483,0105516007,Poblacion,Burgos,Pangasinan,Region I (Ilocos Region),1,16.054764,119.864662,291,31,124,-93.7
484,0304915015,Plaridel,Llanera,Nueva Ecija,Region III (Central Luzon),1,15.671203,121.014977,347,13,52,-86.7
485,1001321022,Nabago,City of Valencia,Bukidnon,Region X (Northern Mindanao),1,7.906227,125.096001,227,2,8,-60.7
486,0403426008,Labuin,Santa Cruz,Laguna,Region IV-A (CALABARZON),1,14.268528,121.413616,457,1,4,-57.1
487,0604524001,Bagonbon,City of San Carlos,Negros Occidental,Region VI (Western Visayas),1,10.583097,123.398277,491,49,196,-95.1
488,1004320008,Poblacion,Naawan,Misamis Oriental,Region X (Northern Mindanao),1,8.432641,124.294791,454,11,44,-90
489,1004322008,Looc,Salay,Misamis Oriental,Region X (Northern Mindanao),1,8.849174,124.788537,268,14,56,-97.2
490,0403424005,Barangay II-A,City of San Pablo,Laguna,Region IV-A (CALABARZON),1,14.062328,121.320056,289,0,0,
491,0300811001,Ala-uli,Pilar,Bataan,Region III (Central Luzon),1,14.645743,120.538595,471,2,8,-62.2
492,0908305002,Bangkerohan,Ipil,Zamboanga Sibugay,Region IX (Zamboanga Peninsula),1,7.77332,122.59088,293,7,28,-101.4
493,0300806015,St. Francis II,Limay,Bataan,Region III (Central Luzon),1,14.57189,120.59244,1119,4,16,-75.1
494,0307111008,Linasin,San Marcelino,Zambales,Region III (Central Luzon),1,14.973466,120.149588,254,5,20,-79.1
495,0405808001,Balite,Rodriguez,Rizal,Region IV-A (CALABARZON),1,14.732513,121.144537,681,2,8,-54.3
496,1600212006,San Antonio,Remedios T. Romualdez,Agusan del Norte,Region XIII (Caraga),1,9.05351,125.587846,172,21,84,-96.7
497,0704623008,Bong-ao,Valencia,Negros Oriental,Region VII (Central Visayas),1,9.27888,123.24866,265,4,16,-81.6
498,0203115007,Barangay II,Jones,Isabela,Region II (Cagayan Valley),1,16.554011,121.700528,260,10,40,-86
499,0501704001,San Antonio,Bombon,Camarines Sur,Region V (Bicol Region),1,13.691148,123.213809,312,4,16,-74.1
500,0604520024,Salvacion,Murcia,Negros Occidental,Region VI (Western Visayas),1,10.601809,123.043903,554,3,12,-78
501,0304932027,Santo Rosario Young,Zaragoza,Nueva Ecija,Region III (Central Luzon),1,15.445132,120.78123,363,4,16,-82.4
502,1001305013,Poblacion,Impasug-ong,Bukidnon,Region X (Northern Mindanao),1,8.306505,125.002,1121,68,272,-99.7
503,0203101010,Calaocan,Alicia,Isabela,Region II (Cagayan Valley),1,16.781362,121.691275,298,0,0,
504,1600301016,Poblacion,City of Bayugan,Agusan del Sur,Region XIII (Caraga),1,8.714437,125.751946,1298,4,16,-72.8
505,0731300006,Cambaro,City of Mandaue,Cebu,Region VII (Central Visayas),1,10.347838,123.933076,771,0,0,
506,0702243011,Hagnaya,San Remigio,Cebu,Region VII (Central Visayas),1,11.092654,123.943121,341,0,0,
507,0305420008,San Matias,Santa Rita,Pampanga,Region III (Central Luzon),1,14.977418,120.620723,285,0,0,
508,0403411012,San Antonio,Los Baños,Laguna,Region IV-A (CALABARZON),1,14.17679,121.245127,1592,0,0,
509,0304930042,Pag-asa,Talavera,Nueva Ecija,Region III (Central Luzon),1,15.584608,120.916759,482,1,4,-71.8
510,0201506035,San Jose,Baggao,Cagayan,Region II (Cagayan Valley),1,17.891361,121.871211,359,57,228,-101
511,0603018034,Paloc Sool,Dumangas,Iloilo,Region VI (Western Visayas),1,10.833333,122.716667,284,0,0,
512,1102403029,Zone 2,City of Digos,Davao del Sur,Region XI (Davao Region),1,6.750546,125.357298,692,0,0,
513,0603007014,Lagubang,Barotac Nuevo,Iloilo,Region VI (Western Visayas),1,10.893449,122.704193,226,0,0,
514,0105506014,Macalong,Asingan,Pangasinan,Region I (Ilocos Region),1,16.010924,120.660212,331,4,16,-78.5
515,0501603027,Barangay IV,Daet,Camarines Norte,Region V (Bicol Region),1,14.11701,122.94897,586,0,0,
516,0203112045,San Fabian,Echague,Isabela,Region II (Cagayan Valley),1,16.712222,121.681944,328,15,60,-93
517,0506216051,Poblacion,City of Sorsogon,Sorsogon,Region V (Bicol Region),1,13.040129,124.040988,356,22,88,-97.4
518,0300807013,Balon-Anito,Mariveles,Bataan,Region III (Central Luzon),1,14.436531,120.473377,1377,1,4,-71.8
519,0501603008,Cobangbang,Daet,Camarines Norte,Region V (Bicol Region),1,14.10566,122.960046,291,2,8,-72.6
520,0500517041,San Roque,City of Tabaco,Albay,Region V (Bicol Region),1,13.355485,123.735935,392,20,80,-100.3
521,0931700061,Barangay Zone I,City of Zamboanga,Zamboanga del Sur,Region IX (Zamboanga Peninsula),1,6.907011,122.072157,418,6,24,-96.5
522,1401110006,Beckel,La Trinidad,Benguet,Cordillera Administrative Region (CAR),1,16.43633,120.631564,401,5,20,-80.9
523,0300808004,Poblacion,Morong,Bataan,Region III (Central Luzon),1,14.677734,120.268039,638,40,160,-101.5
524,0305412018,San Isidro Matua,Masantol,Pampanga,Region III (Central Luzon),1,14.891316,120.700937,280,1,4,-42.5
525,0201502011,Centro Sur,Alcala,Cagayan,Region II (Cagayan Valley),1,17.902256,121.658624,233,6,24,-82.4
526,0203124004,Bugallon Norte,Ramon,Isabela,Region II (Cagayan Valley),1,16.78775,121.531961,471,6,24,-85.3
527,0702227008,Poblacion,Liloan,Cebu,Region VII (Central Visayas),1,10.402269,123.99783,1345,19,76,-95.4
528,1402707017,Santa Maria,Alfonso Lista,Ifugao,Cordillera Administrative Region (CAR),1,16.89098,121.459631,419,108,432,-101.6
529,0405814001,Bagumbayan,Teresa,Rizal,Region IV-A (CALABARZON),1,14.549945,121.218431,1299,0,0,
530,0803738082,San Isidro,Ormoc City,Leyte,Region VIII (Eastern Visayas),1,11.027054,124.59479,503,0,0,
531,0403423009,Tala,Rizal,Laguna,Region IV-A (CALABARZON),1,14.102383,121.391111,240,6,24,-84.9
532,0401023021,Mabalanoy,San Juan,Batangas,Region IV-A (CALABARZON),1,13.818578,121.38559,409,2,8,-61
533,0301423020,San Vicente,Santa Maria,Bulacan,Region III (Central Luzon),1,14.809531,121.012721,2191,2,8,-64.6
534,0403419014,Sabang,Pagsanjan,Laguna,Region IV-A (CALABARZON),1,14.265417,121.442506,372,1,4,-53.6
535,0301420057,Santa Cruz V,City of San Jose Del Monte,Bulacan,Region III (Central Luzon),1,14.777559,121.076076,341,2,8,-78.7
536,0402120033,Amaya VII,Tanza,Cavite,Region IV-A (CALABARZON),1,14.382215,120.860842,238,0,0,
537,0702221016,Poblacion,Daanbantayan,Cebu,Region VII (Central Visayas),1,11.250456,124.000484,678,48,192,-102
538,0702211019,Nailon,City of Bogo,Cebu,Region VII (Central Visayas),1,11.053648,124.037766,546,37,148,-98.5
539,0205005026,San Nicolas North,Bayombong,Nueva Vizcaya,Region II (Cagayan Valley),1,16.487784,121.150094,206,0,0,
540,0501728013,Palestina,Pili,Camarines Sur,Region V (Bicol Region),1,13.607484,123.249178,429,3,12,-76.3
541,0603043061,Barangay Zone VI,Santa Barbara,Iloilo,Region VI (Western Visayas),1,10.778464,122.54865,283,0,0,
542,0504112019,Poblacion East,Milagros,Masbate,Region V (Bicol Region),1,12.217731,123.510186,194,42,168,-102.6
543,0306916059,San Francisco,City of Tarlac,Tarlac,Region III (Central Luzon),1,15.423939,120.597363,231,0,0,
544,0603009024,Tanao,Batad,Iloilo,Region VI (Western Visayas),1,11.4191,123.111022,163,1,4,-60.1
545,1102315009,Gredu,City of Panabo,Davao del Norte,Region XI (Davao Region),1,7.29608,125.678383,1340,2,8,-73.9
546,0300802008,Pag-asa,Bagac,Bataan,Region III (Central Luzon),1,14.608753,120.386825,325,14,56,-93.9
547,0105522021,Maniboc,Lingayen,Pangasinan,Region I (Ilocos Region),1,16.01939,120.231169,685,0,0,
548,0506216015,Cambulaga,City of Sorsogon,Sorsogon,Region V (Bicol Region),1,12.96805,123.989894,379,11,44,-95.4
549,0405808011,San Rafael,Rodriguez,Rizal,Region IV-A (CALABARZON),1,14.732456,121.158381,2547,7,28,-87.3
550,0402123024,San Gabriel,Gen. Mariano Alvarez,Cavite,Region IV-A (CALABARZON),1,14.282647,121.001062,809,0,0,
551,1004313006,Lumbo,Lagonglong,Misamis Oriental,Region X (Northern Mindanao),1,8.807457,124.796859,221,18,72,-98.8
552,0908316005,Libertad,Tungawan,Zamboanga Sibugay,Region IX (Zamboanga Peninsula),1,7.602723,122.424191,428,141,564,-103.2
553,0305416013,Lourdes,City of San Fernando,Pampanga,Region III (Central Luzon),1,15.031391,120.687767,322,0,0,
554,0730600063,Quiot Pardo,City of Cebu,Cebu,Region VII (Central Visayas),1,10.28805,123.85625,2627,1,4,-72
555,0105508015,Poblacion,Bani,Pangasinan,Region I (Ilocos Region),1,16.187031,119.859506,405,30,120,-89.7
556,0304909019,Poblacion,General Mamerto Natividad,Nueva Ecija,Region III (Central Luzon),1,15.603806,121.050893,361,3,12,-79.4
557,0402104012,Barangay 1,Carmona,Cavite,Region IV-A (CALABARZON),1,14.298881,121.048991,291,0,0,
558,0500503025,Kilicao,Daraga,Albay,Region V (Bicol Region),1,13.159979,123.715475,362,1,4,-66.6
559,0103314057,Sevilla,City of San Fernando,La Union,Region I (Ilocos Region),1,16.602137,120.321601,920,1,4,-58.1
560,1130700170,Barangay 37-D,City of Davao,Davao del Sur,Region XI (Davao Region),1,7.063338,125.614106,530,1,4,-46.9
561,1630400071,Ong Yiu Pob.,City of Butuan,Agusan del Norte,Region XIII (Caraga),1,8.955833,125.536944,403,0,0,
562,0704603006,Combado,Bacong,Negros Oriental,Region VII (Central Visayas),1,9.250611,123.276521,309,1,4,-43.2
563,1606801015,Poblacion,Barobo,Surigao del Sur,Region XIII (Caraga),1,8.533337,126.122499,1074,93,372,-100.8
564,1001317029,Puntian,Quezon,Bukidnon,Region X (Northern Mindanao),1,7.608306,125.11199,196,23,92,-99.6
565,0401009013,San Felipe,Cuenca,Batangas,Region IV-A (CALABARZON),1,13.891387,121.039912,334,3,12,-78.8
566,0103307032,Pugo,Bauang,La Union,Region I (Ilocos Region),1,16.527436,120.322281,270,17,68,-100.1
567,0305413032,San Lorenzo,Mexico,Pampanga,Region III (Central Luzon),1,15.06823,120.73744,224,2,8,-68.7
568,0306904020,Santo Domingo 2nd,Capas,Tarlac,Region III (Central Luzon),1,15.343382,120.595234,556,3,12,-69.2
569,0803736011,Libas,Merida,Leyte,Region VIII (Eastern Visayas),1,10.939674,124.54474,192,11,44,-84
570,0105526025,Poblacion,Mangaldan,Pangasinan,Region I (Ilocos Region),1,16.070263,120.405576,350,0,0,
571,0402120012,Mulawin,Tanza,Cavite,Region IV-A (CALABARZON),1,14.367571,120.850388,1141,0,0,
572,0402122003,Cabuco,City of Trece Martires,Cavite,Region IV-A (CALABARZON),1,14.267583,120.847232,3587,2,8,-58.8
573,0304925006,Poblacion,San Isidro,Nueva Ecija,Region III (Central Luzon),1,15.306994,120.905028,697,1,4,-37
574,0803738062,Macabug,Ormoc City,Leyte,Region VIII (Eastern Visayas),1,10.958268,124.652962,301,13,52,-85.9
575,0403421004,Isla,Pangil,Laguna,Region IV-A (CALABARZON),1,14.399645,121.471103,286,2,8,-70
576,1004318010,Poblacion,Manticao,Misamis Oriental,Region X (Northern Mindanao),1,8.404339,124.290833,698,46,184,-99.1
577,0402118020,Lalaan II,Silang,Cavite,Region IV-A (CALABARZON),1,14.158128,120.957214,730,1,4,-37.9
578,0506209007,Carriedo,Irosin,Sorsogon,Region V (Bicol Region),1,12.6925,124.031944,281,13,52,-89.9
579,0501708039,San Roque,Calabanga,Camarines Sur,Region V (Bicol Region),1,13.71224,123.210812,451,1,4,-59.8
580,0803715031,Ponong,Carigara,Leyte,Region VIII (Eastern Visayas),1,11.30153,124.68648,197,17,68,-98
581,1630400007,Ampayon,City of Butuan,Agusan del Norte,Region XIII (Caraga),1,8.963056,125.605,1046,4,16,-75.2
582,0405802004,Mayamot,City of Antipolo,Rizal,Region IV-A (CALABARZON),1,14.629676,121.120931,4189,3,12,-67.3
583,0405809002,Can-Cal-Lan,Morong,Rizal,Region IV-A (CALABARZON),1,14.527148,121.249878,392,0,0,
584,0301421041,Salangan,San Miguel,Bulacan,Region III (Central Luzon),1,15.134149,120.959347,481,4,16,-90.6
585,1004321002,Bagocboc,Opol,Misamis Oriental,Region X (Northern Mindanao),1,8.417843,124.502112,260,39,156,-95.4
586,0401012038,Sambal Ilaya,Lemery,Batangas,Region IV-A (CALABARZON),1,13.883566,120.908096,364,5,20,-87.2
587,1705318013,New Barbacan,Roxas,Palawan,MIMAROPA Region,1,10.32905,119.34956,417,63,252,-103
588,0105504020,San Pedro Ili,Alcala,Pangasinan,Region I (Ilocos Region),1,15.848222,120.532497,349,4,16,-87.3
589,0301422015,Maronquillo,San Rafael,Bulacan,Region III (Central Luzon),1,15.00776,120.962185,355,2,8,-73.1
590,0401007019,Dacanlao,City of Calaca,Batangas,Region IV-A (CALABARZON),1,13.939263,120.791651,541,4,16,-77.4
591,0403424013,Barangay III-C,City of San Pablo,Laguna,Region IV-A (CALABARZON),1,14.068654,121.330454,276,1,4,-45.6
592,0803715035,Sawang,Carigara,Leyte,Region VIII (Eastern Visayas),1,11.30008,124.68692,189,3,12,-87.9
593,0501709001,Dugcal,Camaligan,Camarines Sur,Region V (Bicol Region),1,13.6262,123.160654,345,6,24,-86.1
594,0305415002,Babo Sacan,Porac,Pampanga,Region III (Central Luzon),1,15.068342,120.542782,471,1,4,-75.2
595,0501703032,Santiago,Bato,Camarines Sur,Region V (Bicol Region),1,13.351941,123.370952,256,3,12,-76.2
596,0501733020,Salogon,San Jose,Camarines Sur,Region V (Bicol Region),1,13.699204,123.518336,226,1,4,-63.4
597,0402115028,San Roque,Naic,Cavite,Region IV-A (CALABARZON),1,14.309942,120.771945,424,0,0,
598,0203118017,San Antonio,Delfin Albano,Isabela,Region II (Cagayan Valley),1,17.273211,121.791642,263,28,112,-93.7
599,0831600108,Barangay 77,City of Tacloban,Leyte,Region VIII (Eastern Visayas),1,11.211089,125.007686,273,1,4,-20.9
600,0731300018,Mantuyong,City of Mandaue,Cebu,Region VII (Central Visayas),1,10.338428,123.937866,471,0,0,
601,0401014054,Sabang,City of Lipa,Batangas,Region IV-A (CALABARZON),1,13.945859,121.170573,1901,0,0,
602,0305415018,Manibaug Paralaya,Porac,Pampanga,Region III (Central Luzon),1,15.115125,120.567144,1073,1,4,-61.1
603,0603014022,Granada,Carles,Iloilo,Region VI (Western Visayas),1,10.664433,123.041968,266,28,112,-93.2
604,0702221014,Pajo,Daanbantayan,Cebu,Region VII (Central Visayas),1,11.236072,124.012451,359,9,36,-86
605,0402115016,Latoria,Naic,Cavite,Region IV-A (CALABARZON),1,14.318425,120.771643,203,1,4,-51
606,1004311009,Natubo,Jasaan,Misamis Oriental,Region X (Northern Mindanao),1,8.648084,124.758815,216,2,8,-66.7
607,0403422014,San Antonio,Pila,Laguna,Region IV-A (CALABARZON),1,14.217908,121.359195,382,1,4,-62.9
608,1430300036,Fairview Village,City of Baguio,Benguet,Cordillera Administrative Region (CAR),1,16.41588,120.58366,634,0,0,
609,0105526013,Guiguilonen,Mangaldan,Pangasinan,Region I (Ilocos Region),1,16.066782,120.398526,290,0,0,
610,1108204026,Poblacion,Maco,Davao de Oro,Region XI (Davao Region),1,7.361185,125.85901,706,1,4,-118.8
611,0500514045,Sugcad,Polangui,Albay,Region V (Bicol Region),1,13.305501,123.486595,300,0,0,
612,1108204013,Langgam,Maco,Davao de Oro,Region XI (Davao Region),1,7.354973,125.866895,284,28,112,-99.1
613,0603026019,Poblacion,Leganes,Iloilo,Region VI (Western Visayas),1,10.788192,122.589888,271,0,0,
614,0305413005,Camuning,Mexico,Pampanga,Region III (Central Luzon),1,15.115099,120.664543,226,9,36,-80.2
615,0203119006,Maligaya,Mallig,Isabela,Region II (Cagayan Valley),1,17.184745,121.612055,197,39,156,-94.1
616,0203104016,District I,Benito Soliven,Isabela,Region II (Cagayan Valley),1,16.97904,121.95861,280,36,144,-100.5
617,0300809008,Kaparangan,Orani,Bataan,Region III (Central Luzon),1,14.79434,120.538593,259,2,8,-70.9
618,0604530015,Poblacion,Valladolid,Negros Occidental,Region VI (Western Visayas),1,10.460505,122.824493,307,7,28,-87.9
619,0405812020,Wawa,Tanay,Rizal,Region IV-A (CALABARZON),1,14.492844,121.285016,670,5,20,-79.7
620,0702219013,Poblacion Occidental,Consolacion,Cebu,Region VII (Central Visayas),1,10.37265,123.95398,483,0,0,
621,0500508049,Tinago,City of Ligao,Albay,Region V (Bicol Region),1,13.248084,123.546811,353,0,0,
622,0301423017,Pulong Buhangin,Santa Maria,Bulacan,Region III (Central Luzon),1,14.866582,120.996978,3693,2,8,-70.2
623,0402106058,Salitran II,City of Dasmariñas,Cavite,Region IV-A (CALABARZON),1,14.349397,120.940645,1146,1,4,-54.6
624,0506203038,Obrero,Bulan,Sorsogon,Region V (Bicol Region),1,12.669341,123.87882,224,0,0,
625,0405804002,Batingan,Binangonan,Rizal,Region IV-A (CALABARZON),1,14.472644,121.196799,1299,0,0,
626,1430300087,Pinsao Pilot Project,City of Baguio,Benguet,Cordillera Administrative Region (CAR),1,16.427788,120.581224,378,0,0,
627,0402123018,Koronel Jose P. Elises,Gen. Mariano Alvarez,Cavite,Region IV-A (CALABARZON),1,14.290052,121.005056,419,0,0,
628,0305406026,San Jose,Floridablanca,Pampanga,Region III (Central Luzon),1,14.985286,120.51105,701,0,0,
629,0306905032,San Jose,Concepcion,Tarlac,Region III (Central Luzon),1,15.326373,120.660489,839,6,24,-89.3
630,1001312001,Aglayan,City of Malaybalay,Bukidnon,Region X (Northern Mindanao),1,8.05471,125.135299,726,39,156,-93.9
631,0402123016,Jacinto Lumbreras,Gen. Mariano Alvarez,Cavite,Region IV-A (CALABARZON),1,14.29063,121.002042,397,0,0,
632,0702224024,Liong,Dumanjug,Cebu,Region VII (Central Visayas),1,10.052033,123.432847,218,2,8,-69.8
633,1001321029,Sinayawan,City of Valencia,Bukidnon,Region X (Northern Mindanao),1,7.873243,125.143935,706,22,88,-92.1
634,0307109006,Luna,San Antonio,Zambales,Region III (Central Luzon),1,14.946391,120.087263,221,0,0,
635,0405802007,San Isidro,City of Antipolo,Rizal,Region IV-A (CALABARZON),1,14.618188,121.185742,5228,2,8,-70.7
636,0704625010,Poblacion,Zamboanguita,Negros Oriental,Region VII (Central Visayas),1,9.101048,123.19908,530,62,248,-101.5
637,1230800009,Katangawan,City of General Santos,South Cotabato,Region XII (SOCCSKSARGEN),1,6.173269,125.221044,1382,44,176,-97.3
638,0301423025,Tumana,Santa Maria,Bulacan,Region III (Central Luzon),1,14.813062,120.97356,932,0,0,
639,0500506074,Bgy. 58 - Buragwis,City of Legazpi,Albay,Region V (Bicol Region),1,13.136228,123.753777,329,1,4,-49
640,0301419036,Upig,San Ildefonso,Bulacan,Region III (Central Luzon),1,15.024981,120.992195,244,3,12,-76.7
641,0301411003,Ibayo,Marilao,Bulacan,Region III (Central Luzon),1,14.75302,120.959715,745,0,0,
642,0405809004,Maybancal,Morong,Rizal,Region IV-A (CALABARZON),1,14.525137,121.242383,1434,1,4,-71.6
643,0908305023,Poblacion,Ipil,Zamboanga Sibugay,Region IX (Zamboanga Peninsula),1,7.780197,122.588122,328,1,4,-64.2
644,0803739025,Salvacion,Palo,Leyte,Region VIII (Eastern Visayas),1,11.154295,124.998118,211,1,4,-70.6
645,0402120005,Bucal,Tanza,Cavite,Region IV-A (CALABARZON),1,14.39033,120.862154,1522,0,0,
646,1401113004,Camp 4,Tuba,Benguet,Cordillera Administrative Region (CAR),1,16.30994,120.616292,602,34,136,-93.8
647,0205705003,Magsaysay,Saguday,Quirino,Region II (Cagayan Valley),1,16.538337,121.560893,203,3,12,-79.6
648,0403419016,San Isidro,Pagsanjan,Laguna,Region IV-A (CALABARZON),1,14.279841,121.458094,275,1,4,-50.6
649,0402111005,Panamitan,Kawit,Cavite,Region IV-A (CALABARZON),1,14.436887,120.893139,316,0,0,
650,0701205016,Taguihon,Baclayon,Bohol,Region VII (Central Visayas),1,9.626381,123.911565,159,0,0,
651,0604531015,Barangay XII,City of Victorias,Negros Occidental,Region VI (Western Visayas),1,10.887462,123.076111,350,5,20,-80.7
652,0300803018,Camacho,City of Balanga,Bataan,Region III (Central Luzon),1,14.682013,120.527408,334,0,0,
653,0702208012,Cantuod,Balamban,Cebu,Region VII (Central Visayas),1,10.515719,123.727433,403,12,48,-91.5
654,0501730016,Godofredo Reyes Sr.,Ragay,Camarines Sur,Region V (Bicol Region),1,13.805092,122.783922,310,24,96,-98.5
655,0300804020,Naparing,Dinalupihan,Bataan,Region III (Central Luzon),1,14.84587,120.40686,270,4,16,-83.7
656,0403403003,Santo Tomas,City of Biñan,Laguna,Region IV-A (CALABARZON),1,14.311305,121.063513,5546,0,0,
657,0305416010,Dolores,City of San Fernando,Pampanga,Region III (Central Luzon),1,15.03611,120.68274,1635,2,8,-56
658,0301421037,Poblacion,San Miguel,Bulacan,Region III (Central Luzon),1,15.144295,120.976949,280,1,4,-35
659,0702219004,Danglag,Consolacion,Cebu,Region VII (Central Visayas),1,10.390825,123.956539,364,2,8,-76.1
660,0201512021,Barangay III-A,Enrile,Cagayan,Region II (Cagayan Valley),1,17.559224,121.693411,206,4,16,-82.8
661,0301403005,Concepcion,Baliuag,Bulacan,Region III (Central Luzon),1,14.952661,120.888919,910,0,0,
662,0603032022,Poblacion,New Lucena,Iloilo,Region VI (Western Visayas),1,10.875369,122.591286,251,1,4,-85.7
663,0403423005,Paule 2,Rizal,Laguna,Region IV-A (CALABARZON),1,14.112991,121.394748,168,0,0,
664,1004308049,Barangay 24,City of Gingoog,Misamis Oriental,Region X (Northern Mindanao),1,8.827348,125.095727,265,0,0,
665,1204702032,Poblacion,Carmen,Cotabato,Region XII (SOCCSKSARGEN),1,8.984211,125.2904,822,19,76,-95.1
666,0203126025,Sotero Nuesa,Roxas,Isabela,Region II (Cagayan Valley),1,17.12042,121.61374,518,3,12,-83.4
667,1600206011,Songkoy,Kitcharao,Agusan del Norte,Region XIII (Caraga),1,9.455584,125.574335,186,6,24,-98.2
668,0403422016,Santa Clara Norte,Pila,Laguna,Region IV-A (CALABARZON),1,14.237411,121.373559,249,1,4,-68.5
669,0403418001,Bagumbayan,Paete,Laguna,Region IV-A (CALABARZON),1,14.366094,121.482,548,0,0,
670,0604524011,Barangay II,City of San Carlos,Negros Occidental,Region VI (Western Visayas),1,10.484444,123.416944,551,4,16,-90.3
671,0601914030,Inzo Arnaldo Village,City of Roxas,Capiz,Region VI (Western Visayas),1,11.585985,122.754131,404,0,0,
672,0631000024,Buhang,City of Iloilo,Iloilo,Region VI (Western Visayas),1,10.749373,122.566604,281,0,0,
673,0105535018,Sto. Domingo,San Manuel,Pangasinan,Region I (Ilocos Region),1,16.063325,120.673071,512,1,4,-81.8
674,0501736013,May-Anao,Tigaon,Camarines Sur,Region V (Bicol Region),1,13.624826,123.502448,238,1,4,-62.1
675,0402117005,Ligtong I,Rosario,Cavite,Region IV-A (CALABARZON),1,14.427604,120.870308,445,1,4,-45
676,0306916024,Calingcuan,City of Tarlac,Tarlac,Region III (Central Luzon),1,15.487625,120.622482,295,5,20,-79.4
677,0102805036,Quiling Sur,City of Batac,Ilocos Norte,Region I (Ilocos Region),1,18.065883,120.551525,269,19,76,-91.2
678,0402109044,Bayan Luma V,City of Imus,Cavite,Region IV-A (CALABARZON),1,14.413073,120.934518,433,0,0,
679,0402102004,Halang,Amadeo,Cavite,Region IV-A (CALABARZON),1,14.171746,120.923448,205,1,4,-48.1
680,0603044032,Pasig,Sara,Iloilo,Region VI (Western Visayas),1,11.263055,123.00872,279,0,0,
681,0401019039,Pantalan,Nasugbu,Batangas,Region IV-A (CALABARZON),1,14.083246,120.634203,330,6,24,-86.7
682,0403417002,Alibungbungan,Nagcarlan,Laguna,Region IV-A (CALABARZON),1,14.139021,121.418052,196,1,4,-38.8
683,1001317003,Delapa,Quezon,Bukidnon,Region X (Northern Mindanao),1,7.69918,125.121049,229,0,0,
684,0203101002,Antonino,Alicia,Isabela,Region II (Cagayan Valley),1,16.78282,121.69772,386,2,8,-60.1
685,0304903044,M. S. Garcia,City of Cabanatuan,Nueva Ecija,Region III (Central Luzon),1,15.477174,120.963055,574,0,0,
686,1102315025,New Pandan,City of Panabo,Davao del Norte,Region XI (Davao Region),1,7.295613,125.683512,705,1,4,-53.8
687,1130700142,Barangay 9-A,City of Davao,Davao del Sur,Region XI (Davao Region),1,7.072505,125.608544,625,0,0,
688,0402106041,Santa Cruz I,City of Dasmariñas,Cavite,Region IV-A (CALABARZON),1,14.312793,120.96065,475,0,0,
689,0600613017,Funda-Dalipe,San Jose,Antique,Region VI (Western Visayas),1,10.7602,121.9317,571,26,104,-98.7
690,0301412015,Malhacan,City of Meycauayan,Bulacan,Region III (Central Luzon),1,14.739918,120.963651,1930,0,0,
691,0402103008,Habay I,City of Bacoor,Cavite,Region IV-A (CALABARZON),1,14.44869,120.944133,1855,1,4,-53.8
692,0301411001,Abangan Norte,Marilao,Bulacan,Region III (Central Luzon),1,14.774342,120.944011,1023,0,0,
693,0307105018,Santo Rosario,Iba,Zambales,Region III (Central Luzon),1,15.331128,119.965414,362,28,112,-96.4
694,1206511013,Poblacion,City of Tacurong,Sultan Kudarat,Region XII (SOCCSKSARGEN),1,6.694189,124.677456,1116,38,152,-103.2
695,0402103070,Talaba VI,City of Bacoor,Cavite,Region IV-A (CALABARZON),1,14.42287,121.021492,241,1,4,-76.4
696,0301412018,Pantoc,City of Meycauayan,Bulacan,Region III (Central Luzon),1,14.766028,120.98394,1127,0,0,
697,0401006022,Manghinao Proper,Bauan,Batangas,Region IV-A (CALABARZON),1,13.794444,120.997778,933,1,4,-50.4
698,0105514017,Luciente 1.0,Bolinao,Pangasinan,Region I (Ilocos Region),1,16.389167,119.9,460,42,168,-102.8
699,1102411003,Harada Butai,Padada,Davao del Sur,Region XI (Davao Region),1,6.636411,125.336927,237,10,40,-92.1
700,0205013013,Roxas,Solano,Nueva Vizcaya,Region II (Cagayan Valley),1,16.517832,121.185078,769,0,0,
701,0304927016,Tambo Adorable,San Leonardo,Nueva Ecija,Region III (Central Luzon),1,15.365771,120.933185,548,2,8,-71.1
702,0500503004,Bagumbayan,Daraga,Albay,Region V (Bicol Region),1,13.144026,123.715917,294,0,0,
703,1600308017,Barangay 3,San Francisco,Agusan del Sur,Region XIII (Caraga),1,8.507228,125.972499,275,3,12,-83.4
704,1030500018,Barangay 22,City of Cagayan De Oro,Misamis Oriental,Region X (Northern Mindanao),1,8.490498,124.653797,282,0,0,
705,0203108059,San Fermin,City of Cauayan,Isabela,Region II (Cagayan Valley),1,16.93734,121.760632,985,2,8,-79
706,0401004009,Poblacion,Balete,Batangas,Region IV-A (CALABARZON),1,14.020011,121.093794,196,2,8,-72.1
707,0305407024,San Rafael,Guagua,Pampanga,Region III (Central Luzon),1,14.961777,120.635683,338,1,4,-76.1
708,0401024016,Muzon,San Luis,Batangas,Region IV-A (CALABARZON),1,13.859362,120.987098,190,1,4,-68.1
709,0300803019,Talisay,City of Balanga,Bataan,Region III (Central Luzon),1,14.681143,120.545447,190,0,0,
710,0405802009,San Roque,City of Antipolo,Rizal,Region IV-A (CALABARZON),1,14.584437,121.173716,5594,2,8,-72.5
711,0205009003,Poblacion,Kasibu,Nueva Vizcaya,Region II (Cagayan Valley),1,16.316565,121.29538,205,101,404,-100.7
712,1004321014,Poblacion,Opol,Misamis Oriental,Region X (Northern Mindanao),1,8.520457,124.571808,268,2,8,-72.6
713,0803738016,Cogon Combado,Ormoc City,Leyte,Region VIII (Eastern Visayas),1,11.020822,124.605241,474,1,4,-66.5
714,0402122006,San Agustin,City of Trece Martires,Cavite,Region IV-A (CALABARZON),1,14.287461,120.868813,865,1,4,-55.5
715,0405639018,San Roque,Sampaloc,Quezon,Region IV-A (CALABARZON),1,14.159921,121.637519,196,18,72,-90.3
716,0305409011,Lakandula,Mabalacat City,Pampanga,Region III (Central Luzon),1,15.175827,120.58287,668,0,0,
717,1206312014,Poblacion,Polomolok,South Cotabato,Region XII (SOCCSKSARGEN),1,6.218425,125.06935,4443,36,144,-96.4
718,0301422034,Ulingao,San Rafael,Bulacan,Region III (Central Luzon),1,14.973204,120.917422,332,1,4,-69.4
719,0403425016,San Vicente,City of San Pedro,Laguna,Region IV-A (CALABARZON),1,14.341544,121.043809,2746,0,0,
720,0506209025,San Pedro,Irosin,Sorsogon,Region V (Bicol Region),1,12.701632,124.026723,250,0,0,
721,0501725019,San Francisco,Ocampo,Camarines Sur,Region V (Bicol Region),1,13.559493,123.382237,227,1,4,-74.7
722,0500508037,Paulba,City of Ligao,Albay,Region V (Bicol Region),1,13.183825,123.458539,184,46,184,-94.6
723,0201516021,Logac,Lal-Lo,Cagayan,Region II (Cagayan Valley),1,18.154193,121.609083,189,33,132,-93.1
724,0402119020,Sungay South,City of Tagaytay,Cavite,Region IV-A (CALABARZON),1,14.124073,120.992996,435,2,8,-64.1
725,0105506013,Dupac,Asingan,Pangasinan,Region I (Ilocos Region),1,16.008488,120.668365,199,1,4,-47.7
726,0403405032,Mayapa,City of Calamba,Laguna,Region IV-A (CALABARZON),1,14.211311,121.127347,2820,1,4,-42.7
727,0105531029,Station District,Rosales,Pangasinan,Region I (Ilocos Region),1,15.890031,120.634535,231,6,24,-82.9
728,0301420040,Minuyan V,City of San Jose Del Monte,Bulacan,Region III (Central Luzon),1,14.800482,121.040031,197,0,0,
729,0402117010,Tejeros Convention,Rosario,Cavite,Region IV-A (CALABARZON),1,14.402963,120.859951,1904,0,0,
730,0403411004,Batong Malake,Los Baños,Laguna,Region IV-A (CALABARZON),1,14.174126,121.243521,1253,0,0,
731,1705208044,Pinagsabangan II,Naujan,Oriental Mindoro,MIMAROPA Region,1,13.267406,121.268409,214,21,84,-91.5
732,0105544040,Nancalabasaan,Umingan,Pangasinan,Region I (Ilocos Region),1,15.935976,120.843163,228,19,76,-89.8
733,0307114013,Ilwas,Subic,Zambales,Region III (Central Luzon),1,14.882077,120.23491,244,0,0,
734,0702222003,Balud,Dalaguete,Cebu,Region VII (Central Visayas),1,9.753295,123.52168,296,6,24,-88.1
735,1001315014,North Poblacion,Maramag,Bukidnon,Region X (Northern Mindanao),1,7.759558,125.007487,1268,26,104,-88.1
736,0402103068,Talaba IV,City of Bacoor,Cavite,Region IV-A (CALABARZON),1,14.461214,120.960226,288,1,4,-39.1
737,0501709017,Tarosanan,Camaligan,Camarines Sur,Region V (Bicol Region),1,13.616504,123.170346,159,0,0,
738,1606724048,Taft,City of Surigao,Surigao del Norte,Region XIII (Caraga),1,9.783249,125.498939,1490,50,200,-104.4
739,1600307009,Wasi-an,Rosario,Agusan del Sur,Region XIII (Caraga),1,8.374079,126.017792,358,53,212,-99.7
740,0105531026,San Pedro West,Rosales,Pangasinan,Region I (Ilocos Region),1,15.8984,120.64336,364,24,96,-94.4
741,1430300145,Liwanag-Loakan,City of Baguio,Benguet,Cordillera Administrative Region (CAR),1,16.316261,120.654423,384,33,132,-99.6
742,1606724068,Washington,City of Surigao,Surigao del Norte,Region XIII (Caraga),1,9.785977,125.488763,1496,1,4,-80.2
743,0701233001,Bil-isan,Panglao,Bohol,Region VII (Central Visayas),1,9.594958,123.762563,303,10,40,-94.2
744,0403403002,Bungahan,City of Biñan,Laguna,Region IV-A (CALABARZON),1,14.302366,121.072832,380,1,4,-45.8
745,1001306014,Poblacion,Kadingilan,Bukidnon,Region X (Northern Mindanao),1,7.601386,124.91004,557,58,232,-97.6
746,0501719016,Colacling,Lupi,Camarines Sur,Region V (Bicol Region),1,13.77414,122.872646,196,28,112,-97.6
747,0301419026,Poblacion,San Ildefonso,Bulacan,Region III (Central Luzon),1,15.079191,120.944048,439,0,0,
748,0704601004,Mag-abo,Amlan,Negros Oriental,Region VII (Central Visayas),1,9.464243,123.220628,179,7,28,-86.7
749,0306905055,Green Village,Concepcion,Tarlac,Region III (Central Luzon),1,15.324395,120.646434,230,1,4,-34.4
750,0604502013,Lag-Asan,City of Bago,Negros Occidental,Region VI (Western Visayas),1,10.524986,122.841225,1092,4,16,-77.6
751,0730600087,Zapatera,City of Cebu,Cebu,Region VII (Central Visayas),1,10.303603,123.902142,278,0,0,
752,1630400055,Limaha Pob.,City of Butuan,Agusan del Norte,Region XIII (Caraga),1,8.95255,125.532265,422,0,0,
753,0105517004,Bued,Calasiao,Pangasinan,Region I (Ilocos Region),1,16.0175,120.383056,495,1,4,-68.2
754,0907322054,Santa Maria,City of Pagadian,Zamboanga del Sur,Region IX (Zamboanga Peninsula),1,7.836096,123.438838,367,0,0,
755,0103303034,Poblacion,Bacnotan,La Union,Region I (Ilocos Region),1,16.722586,120.353324,295,24,96,-95.2
756,0401014058,San Celestino,City of Lipa,Batangas,Region IV-A (CALABARZON),1,13.917364,121.224671,199,1,4,-73.5
757,0403403004,Canlalay,City of Biñan,Laguna,Region IV-A (CALABARZON),1,14.342534,121.072029,2028,1,4,-59.5
758,0401023029,Poblacion,San Juan,Batangas,Region IV-A (CALABARZON),1,13.827243,121.394313,267,2,8,-78.2
759,0304912006,Lambakin,Jaen,Nueva Ecija,Region III (Central Luzon),1,15.371335,120.859307,376,13,52,-90.7
760,0307109003,Burgos,San Antonio,Zambales,Region III (Central Luzon),1,14.946343,120.094304,488,1,4,-33.9
761,0405622006,Gomez,Lopez,Quezon,Region IV-A (CALABARZON),1,13.886115,122.258673,276,13,52,-92.8
762,1004313009,Tabok,Lagonglong,Misamis Oriental,Region X (Northern Mindanao),1,8.800966,124.785144,192,10,40,-93.8
763,0702251017,Dumlog,City of Toledo,Cebu,Region VII (Central Visayas),1,10.393738,123.652453,532,6,24,-94
764,0105526021,Navaluan,Mangaldan,Pangasinan,Region I (Ilocos Region),1,16.06593,120.415867,346,0,0,
765,0702214014,Poblacion III,City of Carcar,Cebu,Region VII (Central Visayas),1,10.105625,123.643916,592,0,0,
766,0305406023,Poblacion,Floridablanca,Pampanga,Region III (Central Luzon),1,14.978528,120.519702,281,0,0,
767,0301419021,Matimbubong,San Ildefonso,Bulacan,Region III (Central Luzon),1,15.065905,120.945291,251,1,4,-74.4
768,0403416037,Santa Catalina,Majayjay,Laguna,Region IV-A (CALABARZON),1,14.147179,121.471142,203,4,16,-80
769,0304926030,Santo Niño 1st,San Jose City,Nueva Ecija,Region III (Central Luzon),1,15.799105,120.990987,681,0,0,
770,0402116002,Poblacion,Noveleta,Cavite,Region IV-A (CALABARZON),1,14.426402,120.880157,202,0,0,
771,0403407017,Silangan Talaongan,Cavinti,Laguna,Region IV-A (CALABARZON),1,14.279315,121.536855,202,22,88,-98.5
772,1030500037,Bayabas,City of Cagayan De Oro,Misamis Oriental,Region X (Northern Mindanao),1,8.513186,124.638764,1187,10,40,-91.8
773,1402701016,Poblacion,Banaue,Ifugao,Cordillera Administrative Region (CAR),1,16.914133,121.06015,207,22,88,-97.1
774,0403428018,Pulong Santa Cruz,City of Santa Rosa,Laguna,Region IV-A (CALABARZON),1,14.280019,121.085455,2932,2,8,-66.1
775,1430300002,Asin Road,City of Baguio,Benguet,Cordillera Administrative Region (CAR),1,16.404151,120.566855,1097,1,4,-70.3
776,0305405017,Mangga,Candaba,Pampanga,Region III (Central Luzon),1,15.015977,120.876839,321,0,0,
777,0301419009,Bubulong Malaki,San Ildefonso,Bulacan,Region III (Central Luzon),1,15.087722,120.994958,197,7,28,-79.8
778,1731500067,Tiniguiban,City of Puerto Princesa,Palawan,MIMAROPA Region,1,9.77534,118.73793,1133,13,52,-98.3
779,0401030025,Tumaway,Talisay,Batangas,Region IV-A (CALABARZON),1,14.092621,121.028045,307,3,12,-79.1
780,0105520005,Cato,Infanta,Pangasinan,Region I (Ilocos Region),1,15.838747,119.914978,407,66,264,-102.6
781,0402109084,Palico IV,City of Imus,Cavite,Region IV-A (CALABARZON),1,14.428071,120.946963,342,0,0,
782,0701205011,Poblacion,Baclayon,Bohol,Region VII (Central Visayas),1,9.62228,123.911674,142,0,0,
783,0704606025,Tinago,City of Bayawan,Negros Oriental,Region VII (Central Visayas),1,9.36241,122.80829,262,16,64,-93.1
784,1001319008,San Vicente,Sumilao,Bukidnon,Region X (Northern Mindanao),1,8.367941,124.977898,292,83,332,-101.1
785,0304903071,San Josef Norte,City of Cabanatuan,Nueva Ecija,Region III (Central Luzon),1,15.478642,120.947608,438,1,4,-70.2
786,0203120019,San Manuel,Naguilian,Isabela,Region II (Cagayan Valley),1,17.021773,121.865074,212,11,44,-83.4
787,0600401010,Odiong,Altavas,Aklan,Region VI (Western Visayas),1,11.540916,122.479,259,4,16,-86.9
788,1600205001,Baleguian,Jabonga,Agusan del Norte,Region XIII (Caraga),1,9.357695,125.553734,176,18,72,-97.4
789,0403425010,Nueva,City of San Pedro,Laguna,Region IV-A (CALABARZON),1,14.338868,121.040059,427,0,0,
790,0331400016,New Kababae,City of Olongapo,Zambales,Region III (Central Luzon),1,14.831514,120.277238,200,0,0,
791,0403404013,Pulo,City of Cabuyao,Laguna,Region IV-A (CALABARZON),1,14.24225,121.131793,3499,0,0,
792,1600301029,Bucac,City of Bayugan,Agusan del Sur,Region XIII (Caraga),1,8.700082,125.74989,364,6,24,-83.5
793,1004306015,Mat-i,Claveria,Misamis Oriental,Region X (Northern Mindanao),1,8.633972,124.978585,371,96,384,-101.2
794,0203126021,San Rafael,Roxas,Isabela,Region II (Cagayan Valley),1,17.1025,121.613611,304,4,16,-81.5
795,0907302042,Poblacion,Aurora,Zamboanga del Sur,Region IX (Zamboanga Peninsula),1,7.947135,123.585438,403,93,372,-100.6
796,0702246021,Poblacion,Sibonga,Cebu,Region VII (Central Visayas),1,10.018941,123.614573,586,14,56,-91.2
797,0704604001,Barangay I,City of Bais,Negros Oriental,Region VII (Central Visayas),1,9.593666,123.119425,286,4,16,-79.6
798,1606819018,San Agustin Sur,City of Tandag,Surigao del Sur,Region XIII (Caraga),1,9.077464,126.190557,438,54,216,-102.3
799,0401031034,Poblacion Barangay 3,City of Tanauan,Batangas,Region IV-A (CALABARZON),1,14.100137,121.09606,440,1,4,-84
800,0704614001,Abis,Mabinay,Negros Oriental,Region VII (Central Visayas),1,9.738505,122.938079,296,96,384,-103.6
801,0402123025,San Jose,Gen. Mariano Alvarez,Cavite,Region IV-A (CALABARZON),1,14.331322,121.036912,402,0,0,
802,0105503022,Pocalpocal,City of Alaminos,Pangasinan,Region I (Ilocos Region),1,16.151564,119.977173,233,1,4,-60
803,0403403023,Santo Domingo,City of Biñan,Laguna,Region IV-A (CALABARZON),1,14.335987,121.080896,614,0,0,
804,0403430009,San Francisco,Victoria,Laguna,Region IV-A (CALABARZON),1,14.211893,121.344362,656,2,8,-54.6
805,0403417053,Yukos,Nagcarlan,Laguna,Region IV-A (CALABARZON),1,14.132099,121.412986,541,0,0,
806,0730600050,Pahina Central,City of Cebu,Cebu,Region VII (Central Visayas),1,10.297565,123.892375,529,0,0,
807,0405804040,Pag-Asa,Binangonan,Rizal,Region IV-A (CALABARZON),1,14.527012,121.160508,1554,0,0,
808,0401005014,Calicanto,Batangas City,Batangas,Region IV-A (CALABARZON),1,13.766878,121.053364,924,1,4,-56.9
809,1130700069,Mandug,City of Davao,Davao del Sur,Region XI (Davao Region),1,7.155372,125.588597,1404,2,8,-75
810,1030500041,Bugo,City of Cagayan De Oro,Misamis Oriental,Region X (Northern Mindanao),1,8.503537,124.752725,2650,7,28,-92.1
811,0304904010,Palasinan,Cabiao,Nueva Ecija,Region III (Central Luzon),1,15.253643,120.856283,334,0,0,
812,0405808005,Manggahan,Rodriguez,Rizal,Region IV-A (CALABARZON),1,14.723456,121.142972,1424,2,8,-84.4
813,1600209009,Kinabjangan,Nasipit,Agusan del Norte,Region XIII (Caraga),1,8.974433,125.360088,291,16,64,-94.4
814,0105526007,Bateng,Mangaldan,Pangasinan,Region I (Ilocos Region),1,16.062584,120.408535,243,1,4,-34.1
815,0405648016,Lumingon,Tiaong,Quezon,Region IV-A (CALABARZON),1,13.960704,121.32573,362,2,8,-59.2
816,0501705040,Lourdes,Buhi,Camarines Sur,Region V (Bicol Region),1,13.40807,123.50534,274,7,28,-80.5
817,0403402003,Dila,Bay,Laguna,Region IV-A (CALABARZON),1,14.18086,121.286363,674,1,4,-59.7
818,0301420013,San Martin I,City of San Jose Del Monte,Bulacan,Region III (Central Luzon),1,14.824802,121.070548,367,1,4,-47.3
819,0730600083,Tejero,City of Cebu,Cebu,Region VII (Central Visayas),1,10.300688,123.90664,1322,2,8,-67.3
820,0506210006,Buraburan,Juban,Sorsogon,Region V (Bicol Region),1,12.775727,123.990667,170,27,108,-89.1
821,0402120040,Julugan VI,Tanza,Cavite,Region IV-A (CALABARZON),1,14.394584,120.848429,462,1,4,-55.4
822,1001315008,Dologon,Maramag,Bukidnon,Region X (Northern Mindanao),1,7.8351,125.042076,1222,11,44,-82.5
823,0402103058,P.F. Espiritu VII,City of Bacoor,Cavite,Region IV-A (CALABARZON),1,14.440994,121.010513,342,1,4,-59.6
824,0105531035,Carmay East,Rosales,Pangasinan,Region I (Ilocos Region),1,15.895929,120.632199,262,2,8,-70.3
825,0402104010,Maduya,Carmona,Cavite,Region IV-A (CALABARZON),1,14.316918,121.060834,984,0,0,
826,0401017013,San Fernando,Malvar,Batangas,Region IV-A (CALABARZON),1,14.026121,121.163541,487,1,4,-56.2
827,0307105008,Dirita-Baloguen,Iba,Zambales,Region III (Central Luzon),1,15.3326,119.979444,311,3,12,-81.4
828,0405649025,F. De Jesus,Unisan,Quezon,Region IV-A (CALABARZON),1,13.838993,121.977659,181,44,176,-101
829,0730600041,Lahug,City of Cebu,Cebu,Region VII (Central Visayas),1,10.324668,123.898396,4304,0,0,
830,0331400002,Banicain,City of Olongapo,Zambales,Region III (Central Luzon),1,14.828612,120.275735,624,7,28,-92.1
831,0301414002,Catanghalan,Obando,Bulacan,Region III (Central Luzon),1,14.706861,120.94124,290,2,8,-68.9
832,1102303006,Guadalupe,Carmen,Davao del Norte,Region XI (Davao Region),1,7.376146,125.739237,260,9,36,-87.1
833,1705204012,Poblacion,Bulalacao,Oriental Mindoro,MIMAROPA Region,1,12.326439,121.342072,296,51,204,-100.8
834,1001304021,Pinamaloy,Don Carlos,Bukidnon,Region X (Northern Mindanao),1,7.664563,124.996364,286,8,32,-85
835,0730600038,Kinasang-an Pardo,City of Cebu,Cebu,Region VII (Central Visayas),1,10.278637,123.85632,1760,0,0,
836,0105526022,Nibaliw,Mangaldan,Pangasinan,Region I (Ilocos Region),1,16.077269,120.40963,280,0,0,
837,0401022013,Don Luis,San Jose,Batangas,Region IV-A (CALABARZON),1,13.879667,121.106245,180,0,0,
838,0402108029,Tejero,City of General Trias,Cavite,Region IV-A (CALABARZON),1,14.392194,120.864302,757,1,4,-44.1
839,0402122012,Gregorio,City of Trece Martires,Cavite,Region IV-A (CALABARZON),1,14.287726,120.871509,480,0,0,
840,0405618010,Calimpak,Guinayangan,Quezon,Region IV-A (CALABARZON),1,13.900741,122.451528,401,1,4,-101.1
841,1102412020,Zone III,Santa Cruz,Davao del Sur,Region XI (Davao Region),1,6.837658,125.415521,1108,12,48,-99.8
842,0304930046,Poblacion Sur,Talavera,Nueva Ecija,Region III (Central Luzon),1,15.57627,120.91776,341,1,4,-54.4
843,0401006011,Bolo,Bauan,Batangas,Region IV-A (CALABARZON),1,13.786667,120.976667,366,2,8,-66.3
844,1001317028,Poblacion,Quezon,Bukidnon,Region X (Northern Mindanao),1,7.729306,125.097947,1204,15,60,-86.8
845,1430300013,Cabinet Hill-Teacher's Camp,City of Baguio,Benguet,Cordillera Administrative Region (CAR),1,16.415672,120.588403,276,0,0,
846,0702247003,Bagatayam,Sogod,Cebu,Region VII (Central Visayas),1,10.7596,124.003674,229,2,8,-94.9
847,0500506017,Bgy. 18 - Cabagñan West,City of Legazpi,Albay,Region V (Bicol Region),1,13.13925,123.733099,294,1,4,-71.6
848,0403425026,Pacita 1,City of San Pedro,Laguna,Region IV-A (CALABARZON),1,14.353275,121.059829,2250,0,0,
849,0300804008,Daang Bago,Dinalupihan,Bataan,Region III (Central Luzon),1,14.857044,120.479443,283,1,4,-41.8
850,0203114062,Naguilian Norte,City of Ilagan,Isabela,Region II (Cagayan Valley),1,17.164386,121.87215,264,7,28,-80.4
851,0702219012,Pitogo,Consolacion,Cebu,Region VII (Central Visayas),1,10.379354,123.965929,347,1,4,-75.2
852,0403403005,Casile,City of Biñan,Laguna,Region IV-A (CALABARZON),1,14.342585,121.089536,422,1,4,-75
853,0702250004,Dumlog,City of Talisay,Cebu,Region VII (Central Visayas),1,10.240493,123.840665,1752,17,68,-101.1
854,0401031046,Talaga,City of Tanauan,Batangas,Region IV-A (CALABARZON),1,14.103414,121.09699,481,1,4,-65.2
855,0501603028,Barangay V,Daet,Camarines Norte,Region V (Bicol Region),1,14.12116,122.94975,348,1,4,-47.2
856,0105533024,Tempra-Guilig,San Fabian,Pangasinan,Region I (Ilocos Region),1,16.126493,120.408663,330,0,0,
857,1705110034,Pag-Asa,San Jose,Occidental Mindoro,MIMAROPA Region,1,12.344272,121.065451,974,57,228,-102.9
858,0501709013,San Roque,Camaligan,Camarines Sur,Region V (Bicol Region),1,13.620651,123.174134,221,0,0,
859,0307109012,San Nicolas,San Antonio,Zambales,Region III (Central Luzon),1,14.948996,120.079455,267,1,4,-47.4
860,0501737008,Binalay,Tinambac,Camarines Sur,Region V (Bicol Region),1,13.81579,123.340881,167,24,96,-94
861,0702234027,Tuyan,City of Naga,Cebu,Region VII (Central Visayas),1,10.229903,123.768214,1085,1,4,-65.1
862,0702220002,Bangbang,Cordova,Cebu,Region VII (Central Visayas),1,10.258904,123.944385,529,0,0,
863,1600301024,Taglatawan,City of Bayugan,Agusan del Sur,Region XIII (Caraga),1,8.709881,125.75029,973,0,0,
864,0907322053,Lumbia,City of Pagadian,Zamboanga del Sur,Region IX (Zamboanga Peninsula),1,7.829594,123.445247,340,0,0,
865,0405627024,Polo,Mauban,Quezon,Region IV-A (CALABARZON),1,14.177137,121.716609,298,24,96,-95
866,0307111003,Burgos,San Marcelino,Zambales,Region III (Central Luzon),1,14.979103,120.155067,178,6,24,-88
867,0803714015,Poblacion Zone I,Capoocan,Leyte,Region VIII (Eastern Visayas),1,11.292338,124.640267,193,4,16,-92.3
868,0304919016,Doña Josefa,City of Palayan,Nueva Ecija,Region III (Central Luzon),1,15.513585,121.098635,189,1,4,-68.5
869,0403409001,Longos,Kalayaan,Laguna,Region IV-A (CALABARZON),1,14.336965,121.481709,681,5,20,-77.3
870,0105511029,Hermoza,Bayambang,Pangasinan,Region I (Ilocos Region),1,15.77663,120.394787,300,5,20,-80
871,0301419001,Akle,San Ildefonso,Bulacan,Region III (Central Luzon),1,15.048417,121.071506,417,50,200,-98.3
872,0301408006,Poblacion,Guiguinto,Bulacan,Region III (Central Luzon),1,14.828592,120.879122,311,0,0,
873,0403425005,Landayan,City of San Pedro,Laguna,Region IV-A (CALABARZON),1,14.353544,121.067898,3312,1,4,-45.5
874,0500517029,Pawa,City of Tabaco,Albay,Region V (Bicol Region),1,13.365579,123.720774,331,1,4,-40.3
875,0500518020,Misibis,Tiwi,Albay,Region V (Bicol Region),1,13.509007,123.609197,166,31,124,-93.9
876,0402103072,Zapote II,City of Bacoor,Cavite,Region IV-A (CALABARZON),1,14.465431,120.964238,477,0,0,
877,0201505037,Punta,Aparri,Cagayan,Region II (Cagayan Valley),1,18.35865,121.634426,383,19,76,-97.2
878,0730600005,Basak Pardo,City of Cebu,Cebu,Region VII (Central Visayas),1,10.290885,123.865565,1676,1,4,-49.2
879,0301403017,San Jose,Baliuag,Bulacan,Region III (Central Luzon),1,14.948418,120.894252,604,0,0,
880,1600203011,Calibunan,City of Cabadbaran,Agusan del Norte,Region XIII (Caraga),1,9.106441,125.532779,316,11,44,-91.7
881,0300809014,Pantalan Luma,Orani,Bataan,Region III (Central Luzon),1,14.801376,120.542622,488,6,24,-96.8
882,0405808010,San Jose,Rodriguez,Rizal,Region IV-A (CALABARZON),1,14.745644,121.129361,11314,8,32,-81.2
883,0500508026,Herrera,City of Ligao,Albay,Region V (Bicol Region),1,13.262778,123.583889,199,11,44,-86.7
884,0702250021,Lawaan II,City of Talisay,Cebu,Region VII (Central Visayas),1,10.266131,123.833911,553,0,0,
885,0305416037,Telabastagan,City of San Fernando,Pampanga,Region III (Central Luzon),1,15.117562,120.604931,1243,1,4,-72.8
886,0402120022,Sanja Mayor,Tanza,Cavite,Region IV-A (CALABARZON),1,14.374707,120.854052,1365,0,0,
887,1401109005,Poblacion,Kibungan,Benguet,Cordillera Administrative Region (CAR),1,16.696971,120.65635,214,106,424,-101.2
888,0702220005,Cogon,Cordova,Cebu,Region VII (Central Visayas),1,10.265533,123.951078,235,0,0,
889,0304911009,Bantug,Guimba,Nueva Ecija,Region III (Central Luzon),1,15.644545,120.761982,411,9,36,-84.2
890,0304903013,Barrera District,City of Cabanatuan,Nueva Ecija,Region III (Central Luzon),1,15.480675,120.96745,494,0,0,
891,0401008028,Tanagan,Calatagan,Batangas,Region IV-A (CALABARZON),1,13.818249,120.642143,394,79,316,-103.5
892,0730600053,Pardo,City of Cebu,Cebu,Region VII (Central Visayas),1,10.277899,123.856937,1128,1,4,-65.8
893,0731300023,Tabok,City of Mandaue,Cebu,Region VII (Central Visayas),1,10.34671,123.94074,1672,1,4,-36.4
894,0504101031,Poblacion,Aroroy,Masbate,Region V (Bicol Region),1,12.510727,123.395216,300,1,4,-84.9
895,0431200035,Market View,City of Lucena,Quezon,Region IV-A (CALABARZON),1,13.933797,121.617861,945,0,0,
896,0402103055,P.F. Espiritu IV,City of Bacoor,Cavite,Region IV-A (CALABARZON),1,14.47078,120.983311,1086,0,0,
897,0403423001,Antipolo,Rizal,Laguna,Region IV-A (CALABARZON),1,14.110788,121.381405,239,2,8,-82.2
898,0401031037,Poblacion Barangay 6,City of Tanauan,Batangas,Region IV-A (CALABARZON),1,14.086844,121.14393,304,7,28,-77.1
899,0702220011,Pilipog,Cordova,Cebu,Region VII (Central Visayas),1,10.266267,123.946221,376,1,4,-70.3
900,0405646029,Poblacion,Tagkawayan,Quezon,Region IV-A (CALABARZON),1,13.967125,122.536181,314,13,52,-97.6
901,0301420046,San Martin II,City of San Jose Del Monte,Bulacan,Region III (Central Luzon),1,14.792875,121.084024,316,2,8,-71.4
902,0301412021,Saluysoy,City of Meycauayan,Bulacan,Region III (Central Luzon),1,14.743481,120.95561,988,0,0,
903,0301407008,Caniogan,Calumpit,Bulacan,Region III (Central Luzon),1,14.904449,120.773912,404,1,4,-60.3
904,1030900048,Villa Verde,City of Iligan,Lanao del Norte,Region X (Northern Mindanao),1,8.234469,124.244587,441,1,4,-83.9
905,0403403009,Langkiwa,City of Biñan,Laguna,Region IV-A (CALABARZON),1,14.299864,121.060231,3939,0,0,
906,0401028008,San Felix,City of Sto. Tomas,Batangas,Region IV-A (CALABARZON),1,13.902603,121.044603,513,5,20,-88.1
907,0405620026,Libjo,Infanta,Quezon,Region IV-A (CALABARZON),1,14.754538,121.665894,193,72,288,-102.8
908,1102319024,Magugpo North,City of Tagum,Davao del Norte,Region XI (Davao Region),1,7.465252,125.813781,709,13,52,-95.8
909,1705318030,Barangay III,Roxas,Palawan,MIMAROPA Region,1,10.322849,119.349028,489,12,48,-104.4
910,0105526006,Bari,Mangaldan,Pangasinan,Region I (Ilocos Region),1,16.06158,120.402635,510,0,0,
911,0603007025,Tabucan,Barotac Nuevo,Iloilo,Region VI (Western Visayas),1,10.90411,122.691193,300,5,20,-75.4
912,0600411009,Calimbajan,Makato,Aklan,Region VI (Western Visayas),1,11.714049,122.291802,164,1,4,-78
913,0304903038,Imelda District,City of Cabanatuan,Nueva Ecija,Region III (Central Luzon),1,15.475462,120.961172,340,0,0,
914,0405806008,Dalig,Cardona,Rizal,Region IV-A (CALABARZON),1,14.480355,121.234343,567,4,16,-77.2
915,0300804036,San Ramon,Dinalupihan,Bataan,Region III (Central Luzon),1,14.869233,120.462595,329,0,0,
916,0306909016,Capaoayan,Moncada,Tarlac,Region III (Central Luzon),1,15.730359,120.566945,259,4,16,-87.1
917,0402103025,Zapote I,City of Bacoor,Cavite,Region IV-A (CALABARZON),1,14.440094,120.946935,543,0,0,
918,1630400054,Libertad,City of Butuan,Agusan del Norte,Region XIII (Caraga),1,8.948539,125.507599,1914,6,24,-76.5
919,0401003038,Navotas,Balayan,Batangas,Region IV-A (CALABARZON),1,13.930941,120.72085,353,9,36,-89.3
920,0731300015,Labogon,City of Mandaue,Cebu,Region VII (Central Visayas),1,10.354131,123.957564,1756,1,4,-77.6
921,0403406001,Balayhangin,Calauan,Laguna,Region IV-A (CALABARZON),1,14.141054,121.309887,555,1,4,-38.8
922,1403211007,Liwan West,Rizal,Kalinga,Cordillera Administrative Region (CAR),1,17.492525,121.588484,252,60,240,-95.8
923,0702205035,Poblacion,Argao,Cebu,Region VII (Central Visayas),1,9.87698,123.603327,485,13,52,-98.6
924,0105546027,Nancayasan,City of Urdaneta,Pangasinan,Region I (Ilocos Region),1,15.954031,120.576643,734,3,12,-71
925,0405610033,San Isidro,Catanauan,Quezon,Region IV-A (CALABARZON),1,13.631148,122.242183,260,45,180,-98.9
926,0501702013,Siramag,Balatan,Camarines Sur,Region V (Bicol Region),1,13.318487,123.239757,354,37,148,-97.5
927,0402106036,San Miguel,City of Dasmariñas,Cavite,Region IV-A (CALABARZON),1,14.313052,120.990637,382,0,0,
928,0304927002,Bonifacio District,San Leonardo,Nueva Ecija,Region III (Central Luzon),1,15.355272,120.948426,308,3,12,-80.8
929,0402103003,Banalo,City of Bacoor,Cavite,Region IV-A (CALABARZON),1,14.433418,120.956455,265,0,0,
930,0501605012,Parang,Jose Panganiban,Camarines Norte,Region V (Bicol Region),1,14.28144,122.694123,468,9,36,-83.4
931,0501710002,Del Rosario,Canaman,Camarines Sur,Region V (Bicol Region),1,13.631605,123.17019,267,1,4,-56.4
932,0702205044,Tulic,Argao,Cebu,Region VII (Central Visayas),1,9.874723,123.595679,242,3,12,-78.7
933,0401018009,Calingatan,Mataasnakahoy,Batangas,Region IV-A (CALABARZON),1,13.9616,121.121174,268,1,4,-48.6
934,0702211028,Taytayan,City of Bogo,Cebu,Region VII (Central Visayas),1,11.043273,123.990865,386,4,16,-81.5
935,1403213008,Bulanao,City of Tabuk,Kalinga,Cordillera Administrative Region (CAR),1,17.407674,121.445141,1416,68,272,-102.3
936,0301410043,San Juan,City of Malolos,Bulacan,Region III (Central Luzon),1,14.834387,120.814782,409,1,4,-58.6
937,0803738109,Bagong Buhay,Ormoc City,Leyte,Region VIII (Eastern Visayas),1,11.029886,124.593548,478,0,0,
938,0631000032,Calumpang,City of Iloilo,Iloilo,Region VI (Western Visayas),1,10.686984,122.539814,1183,1,4,-49.5
939,1030500050,Indahag,City of Cagayan De Oro,Misamis Oriental,Region X (Northern Mindanao),1,8.431317,124.670281,1513,31,124,-93.6
940,0301423001,Bagbaguin,Santa Maria,Bulacan,Region III (Central Luzon),1,14.81885,120.955469,702,0,0,
941,0401021025,Namuco,Rosario,Batangas,Region IV-A (CALABARZON),1,13.83814,121.201946,506,2,8,-69.5
942,0305405027,Pulong Palazan,Candaba,Pampanga,Region III (Central Luzon),1,15.023864,120.884504,308,2,8,-66.5
943,1130700193,Santo Niño,City of Davao,Davao del Sur,Region XI (Davao Region),1,7.080649,125.505644,1922,1,4,-41.5
944,0301412001,Bagbaguin,City of Meycauayan,Bulacan,Region III (Central Luzon),1,14.818854,120.955452,755,0,0,
945,0304911061,Santo Cristo District,Guimba,Nueva Ecija,Region III (Central Luzon),1,15.657806,120.760121,355,0,0,
946,1403213042,Bulanao Norte,City of Tabuk,Kalinga,Cordillera Administrative Region (CAR),1,17.41889,121.444441,410,6,24,-94
947,0506202019,Poblacion Norte,Barcelona,Sorsogon,Region V (Bicol Region),1,12.870239,124.142285,131,7,28,-99.1
948,0301421033,Paliwasan,San Miguel,Bulacan,Region III (Central Luzon),1,15.119865,120.967293,290,2,8,-71.5
949,0330100005,Claro M. Recto,City of Angeles,Pampanga,Region III (Central Luzon),1,15.145167,120.592692,448,1,4,-39.2
950,0702250019,Biasong,City of Talisay,Cebu,Region VII (Central Visayas),1,10.248069,123.833706,841,0,0,
951,0401021026,Namunga,Rosario,Batangas,Region IV-A (CALABARZON),1,13.845446,121.194805,488,1,4,-61.9
952,0500513006,Binodegahan,Pio Duran,Albay,Region V (Bicol Region),1,13.06155,123.4584,190,46,184,-97.7
953,0401019002,Balaytigui,Nasugbu,Batangas,Region IV-A (CALABARZON),1,14.131491,120.597625,392,85,340,-101.7
954,0431200024,Ilayang Iyam,City of Lucena,Quezon,Region IV-A (CALABARZON),1,13.934622,121.605052,917,1,4,-60
955,0300804007,Colo,Dinalupihan,Bataan,Region III (Central Luzon),1,14.847966,120.412537,318,2,8,-87.7
956,0301420006,Minuyan I,City of San Jose Del Monte,Bulacan,Region III (Central Luzon),1,14.820695,121.057782,298,0,0,
957,0307113024,Poblacion South,Santa Cruz,Zambales,Region III (Central Luzon),1,15.761413,119.910679,307,1,4,-76.9
958,0600402009,Morales,Balete,Aklan,Region VI (Western Visayas),1,11.5452,122.3735,269,20,80,-100.9
959,0803708034,Candadam,City of Baybay,Leyte,Region VIII (Eastern Visayas),1,10.690243,124.803285,256,3,12,-68
960,0501724025,Sabang,City of Naga,Camarines Sur,Region V (Bicol Region),1,13.620266,123.180489,487,0,0,
961,1102509005,Central,City of Mati,Davao Oriental,Region XI (Davao Region),1,6.966308,126.208017,2981,41,164,-100
962,0330100013,Malabañas,City of Angeles,Pampanga,Region III (Central Luzon),1,15.157088,120.59447,2597,0,0,
963,0405808003,Geronimo,Rodriguez,Rizal,Region IV-A (CALABARZON),1,14.732545,121.149648,540,0,0,
964,0205702007,Gundaway,Cabarroguis,Quirino,Region II (Cagayan Valley),1,16.520323,121.528043,304,10,40,-88.7
965,0304928028,Isla,Santa Rosa,Nueva Ecija,Region III (Central Luzon),1,15.417459,120.92727,235,1,4,-53.7
966,1001321001,Bagontaas,City of Valencia,Bukidnon,Region X (Northern Mindanao),1,7.946036,125.102672,1128,9,36,-83.5
967,0403405045,Prinza,City of Calamba,Laguna,Region IV-A (CALABARZON),1,14.200744,121.140475,526,0,0,
968,0702232017,Tungkop,Minglanilla,Cebu,Region VII (Central Visayas),1,10.240306,123.782371,1150,0,0,
969,0405628008,Barangay 2,Mulanay,Quezon,Region IV-A (CALABARZON),1,13.523929,122.406074,267,37,148,-97.4
970,0803703002,Balugo,Albuera,Leyte,Region VIII (Eastern Visayas),1,10.887602,124.711149,413,32,128,-98.2
971,0402115013,Ibayo Silangan,Naic,Cavite,Region IV-A (CALABARZON),1,14.324324,120.777825,979,0,0,
972,0103317015,Namboongan,Santo Tomas,La Union,Region I (Ilocos Region),1,16.293503,120.380956,200,3,12,-76.4
973,0301403019,Santa Barbara,Baliuag,Bulacan,Region III (Central Luzon),1,14.941864,120.890332,1132,0,0,
974,1403213037,Dagupan Weste,City of Tabuk,Kalinga,Cordillera Administrative Region (CAR),1,17.473929,121.465757,331,21,84,-93.2
975,0701230036,Cogon Norte,Loon,Bohol,Region VII (Central Visayas),1,9.803311,123.800199,160,5,20,-91.9
976,0401003048,Santol,Balayan,Batangas,Region IV-A (CALABARZON),1,13.941158,120.713051,356,1,4,-61.5
977,0304929029,Sagaba,Santo Domingo,Nueva Ecija,Region III (Central Luzon),1,15.602299,120.874787,330,7,28,-85.9
978,0803740036,San Isidro,Palompon,Leyte,Region VIII (Eastern Visayas),1,11.058915,124.384336,303,0,0,
979,1004311007,Lower Jasaan,Jasaan,Misamis Oriental,Region X (Northern Mindanao),1,8.657494,124.754049,472,1,4,-77.9
980,0105505014,Poblacion,Anda,Pangasinan,Region I (Ilocos Region),1,16.286597,119.950838,319,46,184,-97.7
981,0702247010,Damolog,Sogod,Cebu,Region VII (Central Visayas),1,10.76908,124.00373,315,12,48,-87.6
982,1430300069,"Quirino Hill, Middle",City of Baguio,Benguet,Cordillera Administrative Region (CAR),1,16.43017,120.59065,220,0,0,
983,0205703003,Aurora West,Diffun,Quirino,Region II (Cagayan Valley),1,16.587358,121.502284,198,28,112,-96.4
984,0402103019,Real I,City of Bacoor,Cavite,Region IV-A (CALABARZON),1,14.433272,120.939738,490,0,0,
985,1206312016,Magsaysay,Polomolok,South Cotabato,Region XII (SOCCSKSARGEN),1,6.215272,125.057571,1204,1,4,-103.6
986,0431200030,Mayao Silangan,City of Lucena,Quezon,Region IV-A (CALABARZON),1,13.951349,121.641466,704,2,8,-72.1
987,0731300005,Cabancalan,City of Mandaue,Cebu,Region VII (Central Visayas),1,10.348176,123.925428,1274,1,4,-49.3
988,0306910016,Estacion,Paniqui,Tarlac,Region III (Central Luzon),1,15.674281,120.584729,382,0,0,
989,1600308019,Barangay 5,San Francisco,Agusan del Sur,Region XIII (Caraga),1,8.504193,125.98212,467,0,0,
990,0405608009,Malabanban Sur,Candelaria,Quezon,Region IV-A (CALABARZON),1,13.916392,121.430623,684,0,0,
991,0201502010,Centro Norte,Alcala,Cagayan,Region II (Cagayan Valley),1,17.902659,121.654666,171,2,8,-70.3
992,0401007022,Lumbang Calzada,City of Calaca,Batangas,Region IV-A (CALABARZON),1,13.927149,120.825314,278,2,8,-79.8
993,0908302023,Bliss,Buug,Zamboanga Sibugay,Region IX (Zamboanga Peninsula),1,7.736981,123.057054,226,30,120,-101
994,0304908013,San Vicente,City of Gapan,Nueva Ecija,Region III (Central Luzon),1,15.314107,120.947921,849,0,0,
995,0704610019,Poblacion No. 1,City of Dumaguete,Negros Oriental,Region VII (Central Visayas),1,9.302721,123.301223,176,0,0,
996,1705205062,Suqui,City of Calapan,Oriental Mindoro,MIMAROPA Region,1,13.417871,121.202124,294,18,72,-96.9
997,0304919015,Caimito,City of Palayan,Nueva Ecija,Region III (Central Luzon),1,15.544883,121.086981,238,0,0,
998,0304911060,Santa Veronica District,Guimba,Nueva Ecija,Region III (Central Luzon),1,15.66299,120.76211,362,0,0,
999,0405809001,Bombongan,Morong,Rizal,Region IV-A (CALABARZON),1,14.505867,121.219653,310,1,4,-64.4
1000,1001312053,Barangay 10,City of Malaybalay,Bukidnon,Region X (Northern Mindanao),1,8.151734,125.123623,304,24,96,-102.6
1001,0403425028,Rosario,City of San Pedro,Laguna,Region IV-A (CALABARZON),2,14.368372,121.036947,589,2,8,-70.4
1002,0731300026,Tipolo,City of Mandaue,Cebu,Region VII (Central Visayas),2,10.33235,123.92754,1355,1,4,-55.2
1003,0402103012,Maliksi I,City of Bacoor,Cavite,Region IV-A (CALABARZON),2,14.460022,120.952287,490,0,0,
1004,0405647045,Opias,City of Tayabas,Quezon,Region IV-A (CALABARZON),2,14.029975,121.590813,434,5,20,-87.9
1005,0405627042,Lual Rural,Mauban,Quezon,Region IV-A (CALABARZON),2,14.188848,121.717477,323,24,96,-98
1006,0501716016,San Francisco,City of Iriga,Camarines Sur,Region V (Bicol Region),2,13.413151,123.411827,459,1,4,-70.7
1007,1102412021,Zone IV,Santa Cruz,Davao del Sur,Region XI (Davao Region),2,6.833533,125.410793,638,15,60,-95.3
1008,0806407059,Tagnipa,City of Maasin,Southern Leyte,Region VIII (Eastern Visayas),2,10.135953,124.835273,242,10,40,-92.9
1009,0300811023,Santa Rosa,Pilar,Bataan,Region III (Central Luzon),2,14.67717,120.547264,625,0,0,
1010,1705209034,Wawa,Pinamalayan,Oriental Mindoro,MIMAROPA Region,2,13.041716,121.492777,371,10,40,-88
1011,0306903017,Cacamilingan Norte,Camiling,Tarlac,Region III (Central Luzon),2,15.687615,120.420363,200,3,12,-76.1
1012,0501707005,Castillo,Cabusao,Camarines Sur,Region V (Bicol Region),2,13.73345,123.114997,364,29,116,-97
1013,0301421054,Tartaro,San Miguel,Bulacan,Region III (Central Luzon),2,15.166422,121.039839,541,2,8,-63.9
1014,0501701024,San Vicente,Baao,Camarines Sur,Region V (Bicol Region),2,13.457537,123.382878,325,4,16,-84.9
1015,0402109045,Bayan Luma VI,City of Imus,Cavite,Region IV-A (CALABARZON),2,14.389934,120.895751,252,1,4,-68.5
1016,0402106040,Santa Cristina I,City of Dasmariñas,Cavite,Region IV-A (CALABARZON),2,14.321874,120.971048,307,0,0,
1017,0306917024,San Nicolas,Victoria,Tarlac,Region III (Central Luzon),2,15.577628,120.681196,221,1,4,-38
1018,0501608002,Bagumbayan,Paracale,Camarines Norte,Region V (Bicol Region),2,14.283351,122.783335,403,18,72,-93.7
1019,0701232016,Poblacion,Maribojoc,Bohol,Region VII (Central Visayas),2,9.73951,123.844014,157,5,20,-92.3
1020,1430300046,Holy Ghost Extension,City of Baguio,Benguet,Cordillera Administrative Region (CAR),2,16.417856,120.604567,232,0,0,
1021,1001317025,Paitan,Quezon,Bukidnon,Region X (Northern Mindanao),2,7.711556,125.112065,284,3,12,-76.4
1022,1401105010,Loo,Buguias,Benguet,Cordillera Administrative Region (CAR),2,16.791517,120.830924,430,13,52,-95
1023,0304932026,Santo Rosario Old,Zaragoza,Nueva Ecija,Region III (Central Luzon),2,15.440748,120.779223,337,5,20,-84
1024,0304913020,San Juan,Laur,Nueva Ecija,Region III (Central Luzon),2,15.570495,121.20311,227,4,16,-82.3
1025,0304928030,Luna,Santa Rosa,Nueva Ecija,Region III (Central Luzon),2,15.424801,120.9695,174,1,4,-70.2
1026,0501709002,Marupit,Camaligan,Camarines Sur,Region V (Bicol Region),2,13.626982,123.168847,359,0,0,
1027,0405642012,Poblacion,San Francisco,Quezon,Region IV-A (CALABARZON),2,13.349438,122.519934,431,68,272,-102.3
1028,0702201006,Palanas,Alcantara,Cebu,Region VII (Central Visayas),2,9.984947,123.410313,262,9,36,-91.3
1029,1401112011,Poblacion,Sablan,Benguet,Cordillera Administrative Region (CAR),2,16.502217,120.475723,242,21,84,-92.2
1030,0702239010,Palanas,Ronda,Cebu,Region VII (Central Visayas),2,9.996648,123.409439,137,10,40,-94.2
1031,0301404005,Biñang 1st,Bocaue,Bulacan,Region III (Central Luzon),2,14.793897,120.930765,305,0,0,
1032,0402104006,Cabilang Baybay,Carmona,Cavite,Region IV-A (CALABARZON),2,14.317734,121.049803,718,1,4,-42.5
1033,0402120004,Biwas,Tanza,Cavite,Region IV-A (CALABARZON),2,14.398327,120.854969,649,0,0,
1034,0803703012,San Pedro,Albuera,Leyte,Region VIII (Eastern Visayas),2,10.912799,124.705482,322,51,204,-100.3
1035,0600412010,Manoc-Manoc,Malay,Aklan,Region VI (Western Visayas),2,11.94999,121.940861,1626,47,188,-99.3
1036,1705209006,Cacawan,Pinamalayan,Oriental Mindoro,MIMAROPA Region,2,13.04524,121.482396,524,3,12,-75.3
1037,0501608004,Batobalani,Paracale,Camarines Norte,Region V (Bicol Region),2,14.235084,122.745318,375,9,36,-84.2
1038,1102403030,Zone 3,City of Digos,Davao del Sur,Region XI (Davao Region),2,6.744185,125.359111,1652,0,0,
1039,0203108031,District I,City of Cauayan,Isabela,Region II (Cagayan Valley),2,16.931621,121.771468,929,15,60,-97
1040,0301411002,Abangan Sur,Marilao,Bulacan,Region III (Central Luzon),2,14.763869,120.942551,949,2,8,-66.5
1041,1004313005,Kauswagan,Lagonglong,Misamis Oriental,Region X (Northern Mindanao),2,8.78808,124.784252,286,7,28,-85.6
1042,0506213004,Banuyo,Pilar,Sorsogon,Region V (Bicol Region),2,12.925632,123.674734,291,8,32,-96.6
1043,1600301003,Fili,City of Bayugan,Agusan del Sur,Region XIII (Caraga),2,8.72258,125.76709,282,3,12,-75.6
1044,0405806007,Calahan,Cardona,Rizal,Region IV-A (CALABARZON),2,14.490838,121.23455,481,2,8,-69.5
1045,1600201011,Matabao,Buenavista,Agusan del Norte,Region XIII (Caraga),2,8.967044,125.40879,424,2,8,-66.8
1046,0931700021,Canelar,City of Zamboanga,Zamboanga del Sur,Region IX (Zamboanga Peninsula),2,6.91551,122.06911,913,0,0,
1047,1401106007,Tuding,Itogon,Benguet,Cordillera Administrative Region (CAR),2,16.419005,120.640614,899,5,20,-80.3
1048,0201507008,Centro East,Ballesteros,Cagayan,Region II (Cagayan Valley),2,18.4099,121.517579,330,13,52,-100
1049,0403419015,Sampaloc,Pagsanjan,Laguna,Region IV-A (CALABARZON),2,14.26959,121.444386,424,1,4,-74
1050,0301424004,Camachile,Doña Remedios Trinidad,Bulacan,Region III (Central Luzon),2,14.977378,121.065832,413,22,88,-92.1
1051,0403419009,Magdapio,Pagsanjan,Laguna,Region IV-A (CALABARZON),2,14.274442,121.458876,233,1,4,-75.1
1052,1430300099,San Vicente,City of Baguio,Benguet,Cordillera Administrative Region (CAR),2,16.39512,120.596777,422,0,0,
1053,0500503031,Malabog,Daraga,Albay,Region V (Bicol Region),2,13.172011,123.68514,326,6,24,-79.2
1054,0702232002,Calajo-an,Minglanilla,Cebu,Region VII (Central Visayas),2,10.239719,123.802821,1046,5,20,-92.6
1055,0304922005,Dulong Bayan,Quezon,Nueva Ecija,Region III (Central Luzon),2,15.554419,120.814075,330,6,24,-77.9
1056,0401001021,Subic Ibaba,Agoncillo,Batangas,Region IV-A (CALABARZON),2,13.946106,120.941327,313,2,8,-67
1057,0205005028,Vista Alegre,Bayombong,Nueva Vizcaya,Region II (Cagayan Valley),2,16.495898,121.133458,384,1,4,-63.2
1058,0304905030,Minuli,Carranglan,Nueva Ecija,Region III (Central Luzon),2,16.072774,120.942912,167,104,416,-100.8
1059,0305415001,Babo Pangulo,Porac,Pampanga,Region III (Central Luzon),2,15.075977,120.532605,322,20,80,-96.7
1060,0301420037,Minuyan II,City of San Jose Del Monte,Bulacan,Region III (Central Luzon),2,14.839869,121.04387,536,0,0,
1061,0330100022,Salapungan,City of Angeles,Pampanga,Region III (Central Luzon),2,15.147979,120.598288,461,0,0,
1062,1705206017,Maligaya,Gloria,Oriental Mindoro,MIMAROPA Region,2,12.968566,121.477391,254,14,56,-94.2
1063,0301420010,Sapang Palay,City of San Jose Del Monte,Bulacan,Region III (Central Luzon),2,14.838801,121.043398,520,0,0,
1064,0306910025,Poblacion Sur,Paniqui,Tarlac,Region III (Central Luzon),2,15.664677,120.580667,379,0,0,
1065,0300809013,Pantalan Bago,Orani,Bataan,Region III (Central Luzon),2,14.803022,120.541732,197,8,32,-86.5
1066,0405619059,Villa Nava,Gumaca,Quezon,Region IV-A (CALABARZON),2,13.916997,122.100001,244,2,8,-68.1
1067,0702215016,Poblacion,Carmen,Cebu,Region VII (Central Visayas),2,10.585097,124.016073,440,1,4,-48.6
1068,1102411001,Almendras,Padada,Davao del Sur,Region XI (Davao Region),2,6.643534,125.345871,345,1,4,-85.5
1069,0403425006,Langgam,City of San Pedro,Laguna,Region IV-A (CALABARZON),2,14.348278,121.035195,3084,0,0,
1070,0105521009,Tobuan,Labrador,Pangasinan,Region I (Ilocos Region),2,16.055556,120.109722,272,40,160,-98.1
1071,0307104015,Santa Maria,Castillejos,Zambales,Region III (Central Luzon),2,14.92744,120.201008,166,0,0,
1072,0402113008,Garita I A,Maragondon,Cavite,Region IV-A (CALABARZON),2,14.276699,120.735168,166,1,4,-60.9
1073,0401029044,Seiran,Taal,Batangas,Region IV-A (CALABARZON),2,13.886646,120.921561,259,1,4,-36.6
1074,0330100019,Pulung Maragul,City of Angeles,Pampanga,Region III (Central Luzon),2,15.158625,120.610822,1799,1,4,-53.2
1075,0300807019,Mt. View,Mariveles,Bataan,Region III (Central Luzon),2,14.450096,120.577906,1139,33,132,-96.2
1076,0306910024,Poblacion Norte,Paniqui,Tarlac,Region III (Central Luzon),2,15.671814,120.580816,708,0,0,
1077,0103307014,Central East,Bauang,La Union,Region I (Ilocos Region),2,16.528136,120.333564,340,1,4,-34.5
1078,0604520025,Talotog,Murcia,Negros Occidental,Region VI (Western Visayas),2,10.570462,123.078242,173,2,8,-74.2
1079,0301410006,Balayong,City of Malolos,Bulacan,Region III (Central Luzon),2,14.828836,120.829908,318,0,0,
1080,0306914002,Lanat,San Manuel,Tarlac,Region III (Central Luzon),2,15.792265,120.606114,187,1,4,-48.2
1081,0831600121,Barangay 88,City of Tacloban,Leyte,Region VIII (Eastern Visayas),2,11.217514,125.021984,272,42,168,-103.8
1082,0731300001,Alang-alang,City of Mandaue,Cebu,Region VII (Central Visayas),2,10.343641,123.942853,986,0,0,
1083,0403405054,San Jose,City of Calamba,Laguna,Region IV-A (CALABARZON),2,14.190534,121.143567,405,1,4,-42.5
1084,0803739029,San Joaquin,Palo,Leyte,Region VIII (Eastern Visayas),2,11.141935,125.004945,230,8,32,-85.9
1085,1600301009,Marcelina,City of Bayugan,Agusan del Sur,Region XIII (Caraga),2,8.701482,125.76779,301,5,20,-81.3
1086,0305405009,Dalayap,Candaba,Pampanga,Region III (Central Luzon),2,15.015288,120.865922,197,2,8,-65.2
1087,0201516003,Bagumbayan,Lal-Lo,Cagayan,Region II (Cagayan Valley),2,18.19351,121.663505,165,8,32,-97.7
1088,0301421046,San Vicente,San Miguel,Bulacan,Region III (Central Luzon),2,15.139813,120.970969,246,0,0,
1089,1630400085,Tandang Sora Pob.,City of Butuan,Agusan del Norte,Region XIII (Caraga),2,8.9475,125.531389,303,1,4,-63.5
1090,0402115012,Ibayo Estacion,Naic,Cavite,Region IV-A (CALABARZON),2,14.32328,120.764404,470,0,0,
1091,0403413008,Maytalang I,Lumban,Laguna,Region IV-A (CALABARZON),2,14.288879,121.458239,397,0,0,
1092,0402103043,Mambog IV,City of Bacoor,Cavite,Region IV-A (CALABARZON),2,14.450865,120.995118,1288,1,4,-63.6
1093,1401110016,Wangal,La Trinidad,Benguet,Cordillera Administrative Region (CAR),2,16.403038,120.604436,594,0,0,
1094,0401029002,Balisong,Taal,Batangas,Region IV-A (CALABARZON),2,13.878788,120.932854,303,1,4,-72.7
1095,0300809026,Kabalutan,Orani,Bataan,Region III (Central Luzon),2,14.813286,120.532832,263,4,16,-85.3
1096,0631000114,Nabitasan,City of Iloilo,Iloilo,Region VI (Western Visayas),2,10.704897,122.562322,243,1,4,-50.2
1097,0506212018,Gadgaron,Matnog,Sorsogon,Region V (Bicol Region),2,12.592226,124.080381,193,19,76,-96.6
1098,0330100012,Lourdes Sur East,City of Angeles,Pampanga,Region III (Central Luzon),2,15.144451,120.593558,317,0,0,
1099,0403428009,Macabling,City of Santa Rosa,Laguna,Region IV-A (CALABARZON),2,14.298639,121.097547,2033,1,4,-70
1100,1600314024,Kolambugan,Sibagat,Agusan del Sur,Region XIII (Caraga),2,8.506673,125.978332,162,2,8,-75.3
1101,0803738060,Linao,Ormoc City,Leyte,Region VIII (Eastern Visayas),2,11.015734,124.592443,665,0,0,
1102,1102507028,Poblacion,Lupon,Davao Oriental,Region XI (Davao Region),2,6.887859,126.013443,1481,67,268,-102.7
1103,0403428007,Ibaba,City of Santa Rosa,Laguna,Region IV-A (CALABARZON),2,14.291475,121.105827,804,0,0,
1104,0401017006,Luta Del Sur,Malvar,Batangas,Region IV-A (CALABARZON),2,14.036216,121.162049,425,0,0,
1105,0704608008,Panubigan,City of Canlaon,Negros Oriental,Region VII (Central Visayas),2,10.380168,123.238,632,5,20,-79.8
1106,1102408002,Baybay,Malalag,Davao del Sur,Region XI (Davao Region),2,6.600734,125.40232,399,31,124,-100.9
1107,0401012026,Mayasang,Lemery,Batangas,Region IV-A (CALABARZON),2,14.01623,120.863154,236,13,52,-84.8
1108,0501701025,Santa Cruz,Baao,Camarines Sur,Region V (Bicol Region),2,13.453039,123.372099,211,0,0,
1109,1705209023,Pili,Pinamalayan,Oriental Mindoro,MIMAROPA Region,2,13.069142,121.516656,307,72,288,-103.1
1110,1600307006,Poblacion,Rosario,Agusan del Sur,Region XIII (Caraga),2,8.382604,125.998188,418,41,164,-97.4
1111,1731500065,Mandaragat,City of Puerto Princesa,Palawan,MIMAROPA Region,2,9.747272,118.738044,856,11,44,-92.6
1112,0402117003,Kanluran,Rosario,Cavite,Region IV-A (CALABARZON),2,14.414008,120.863044,350,0,0,
1113,1204704041,Magsaysay,City of Kidapawan,Cotabato,Region XII (SOCCSKSARGEN),2,7.012217,125.079903,373,1,4,-60.3
1114,0203101005,Bagnos,Alicia,Isabela,Region II (Cagayan Valley),2,16.80758,121.62852,181,21,84,-86.9
1115,1004306020,Poblacion,Claveria,Misamis Oriental,Region X (Northern Mindanao),2,8.614557,124.897472,841,63,252,-97.7
1116,1600210010,Estanislao Morgado,Santiago,Agusan del Norte,Region XIII (Caraga),2,9.266298,125.558659,155,9,36,-98.5
1117,0402103023,Tabing Dagat,City of Bacoor,Cavite,Region IV-A (CALABARZON),2,14.459344,120.939361,318,0,0,
1118,0401029008,Cawit,Taal,Batangas,Region IV-A (CALABARZON),2,13.891482,120.9204,214,0,0,
1119,0402121005,Poblacion III,Ternate,Cavite,Region IV-A (CALABARZON),2,14.28347,120.720567,163,1,4,-37.9
1120,0402106049,Burol III,City of Dasmariñas,Cavite,Region IV-A (CALABARZON),2,14.349393,120.943611,1014,0,0,
1121,0301414008,Paliwas,Obando,Bulacan,Region III (Central Luzon),2,14.713159,120.935038,493,0,0,
1122,0301420032,Gumaoc Central,City of San Jose Del Monte,Bulacan,Region III (Central Luzon),2,14.817034,121.039819,369,0,0,
1123,0405802016,San Luis,City of Antipolo,Rizal,Region IV-A (CALABARZON),2,14.620095,121.190282,5293,9,36,-88.6
1124,0405616022,San Jose,General Luna,Quezon,Region IV-A (CALABARZON),2,13.693675,122.171481,164,55,220,-97.1
1125,1130700079,Mintal,City of Davao,Davao del Sur,Region XI (Davao Region),2,7.093623,125.499892,1715,6,24,-80.2
1126,1600203012,Comagascas,City of Cabadbaran,Agusan del Norte,Region XIII (Caraga),2,9.135865,125.558525,316,15,60,-94.1
1127,0306916048,Maliwalo,City of Tarlac,Tarlac,Region III (Central Luzon),2,15.482144,120.619524,1292,2,8,-79.4
1128,0401027002,Bihis,Santa Teresita,Batangas,Region IV-A (CALABARZON),2,13.877746,120.966515,133,0,0,
1129,0501603025,Barangay II,Daet,Camarines Norte,Region V (Bicol Region),2,14.106153,122.953468,219,0,0,
1130,0402109004,Anabu II-A,City of Imus,Cavite,Region IV-A (CALABARZON),2,14.387666,120.939892,314,0,0,
1131,0402110033,Daine II,Indang,Cavite,Region IV-A (CALABARZON),2,14.200154,120.876413,216,0,0,
1132,0105506003,Ariston Weste,Asingan,Pangasinan,Region I (Ilocos Region),2,15.999769,120.657107,276,3,12,-82
1133,0300803001,Bagumbayan,City of Balanga,Bataan,Region III (Central Luzon),2,14.679573,120.546373,180,1,4,-62
1134,0301410020,Caniogan,City of Malolos,Bulacan,Region III (Central Luzon),2,14.846151,120.81702,468,0,0,
1135,0301415005,Bunsuran II,Pandi,Bulacan,Region III (Central Luzon),2,14.883785,120.946933,327,0,0,
1136,0401008016,Barangay 1,Calatagan,Batangas,Region IV-A (CALABARZON),2,13.845867,120.632308,349,30,120,-96.9
1137,0500503010,Binitayan,Daraga,Albay,Region V (Bicol Region),2,13.15529,123.71616,341,1,4,-54.4
1138,0405804014,Kalawaan,Binangonan,Rizal,Region IV-A (CALABARZON),2,14.490979,121.185035,3165,0,0,
1139,0402103032,Aniban V,City of Bacoor,Cavite,Region IV-A (CALABARZON),2,14.429757,120.938523,252,0,0,
1140,0501720002,Bell,Magarao,Camarines Sur,Region V (Bicol Region),2,13.660452,123.175041,178,5,20,-87.3
1141,0500517036,San Antonio,City of Tabaco,Albay,Region V (Bicol Region),2,13.348756,123.679279,359,1,4,-48.7
1142,1600203024,Poblacion 12,City of Cabadbaran,Agusan del Norte,Region XIII (Caraga),2,9.117596,125.539963,189,2,8,-71.1
1143,0401020017,Cawongan,Padre Garcia,Batangas,Region IV-A (CALABARZON),2,13.871016,121.226458,365,0,0,
1144,0403402014,Tagumpay,Bay,Laguna,Region IV-A (CALABARZON),2,14.193024,121.291317,311,6,24,-80.4
1145,0405607073,Santa Maria,Calauag,Quezon,Region IV-A (CALABARZON),2,13.957153,122.294773,489,9,36,-86.5
1146,0306910004,Apulid,Paniqui,Tarlac,Region III (Central Luzon),2,15.683176,120.581594,310,1,4,-66.8
1147,0305408040,Santa Teresa 1st,Lubao,Pampanga,Region III (Central Luzon),2,14.924592,120.559192,287,2,8,-82.6
1148,0300806014,San Francisco de Asis,Limay,Bataan,Region III (Central Luzon),2,14.568638,120.59549,548,10,40,-98.3
1149,0702250001,Bulacao,City of Talisay,Cebu,Region VII (Central Visayas),2,10.271133,123.842441,998,0,0,
1150,0105546036,Santo Domingo,City of Urdaneta,Pangasinan,Region I (Ilocos Region),2,15.958967,120.566597,303,1,4,-69.6
1151,0500514031,Magurang,Polangui,Albay,Region V (Bicol Region),2,13.2911,123.498,278,3,12,-70
1152,0305414013,Sta. Rita,Minalin,Pampanga,Region III (Central Luzon),2,14.97176,120.694271,359,6,24,-76.7
1153,0405804003,Bilibiran,Binangonan,Rizal,Region IV-A (CALABARZON),2,14.499477,121.173633,1482,2,8,-91.6
1154,0331400011,Kalaklan,City of Olongapo,Zambales,Region III (Central Luzon),2,14.830093,120.272959,1213,15,60,-97.8
1155,0301420001,Bagong Buhay I,City of San Jose Del Monte,Bulacan,Region III (Central Luzon),2,14.816497,121.06773,651,0,0,
1156,0702220001,Alegria,Cordova,Cebu,Region VII (Central Visayas),2,10.256966,123.960486,360,14,56,-97.1
1157,0300810020,Puting Buhangin,Orion,Bataan,Region III (Central Luzon),2,14.584982,120.588936,266,9,36,-94.4
1158,0205005008,La Torre North,Bayombong,Nueva Vizcaya,Region II (Cagayan Valley),2,16.483522,121.142743,198,0,0,
1159,0730600048,Malubog,City of Cebu,Cebu,Region VII (Central Visayas),2,10.379521,123.868862,311,3,12,-71.1
1160,0102804012,San Lorenzo,Bangui,Ilocos Norte,Region I (Ilocos Region),2,18.538292,120.763598,186,60,240,-101.3
1161,1102403003,San Jose,City of Digos,Davao del Sur,Region XI (Davao Region),2,6.733531,125.356803,641,1,4,-48
1162,0405802017,Santa Cruz,City of Antipolo,Rizal,Region IV-A (CALABARZON),2,14.61534,121.170815,5211,2,8,-69.6
1163,1004304005,Mosangot,Binuangan,Misamis Oriental,Region X (Northern Mindanao),2,8.915662,124.785227,109,6,24,-92
1164,0501734041,South Villazar,Sipocot,Camarines Sur,Region V (Bicol Region),2,13.855429,122.951601,148,7,28,-81.3
1165,0301420050,San Rafael III,City of San Jose Del Monte,Bulacan,Region III (Central Luzon),2,14.784534,121.052657,244,2,8,-62.2
1166,0304921013,Sinasajan,Peñaranda,Nueva Ecija,Region III (Central Luzon),2,15.349391,121.016832,479,0,0,
1167,0305411008,San Franciso,Magalang,Pampanga,Region III (Central Luzon),2,15.206162,120.648795,394,1,4,-63.6
1168,0402120028,Amaya II,Tanza,Cavite,Region IV-A (CALABARZON),2,14.368462,120.862284,1159,0,0,
1169,0506216019,Macabog,City of Sorsogon,Sorsogon,Region V (Bicol Region),2,12.98437,123.99118,336,0,0,
1170,0604502020,Poblacion,City of Bago,Negros Occidental,Region VI (Western Visayas),2,10.537307,122.836761,978,50,200,-103.6
1171,0307701006,Buhangin,Baler,Aurora,Region III (Central Luzon),2,15.766642,121.5584,350,5,20,-98.2
1172,0704610005,Bantayan,City of Dumaguete,Negros Oriental,Region VII (Central Visayas),2,9.310404,123.295923,364,1,4,-56.6
1173,0306916035,Dolores,City of Tarlac,Tarlac,Region III (Central Luzon),2,15.52406,120.579337,319,4,16,-72.8
1174,1401110005,Balili,La Trinidad,Benguet,Cordillera Administrative Region (CAR),2,16.449724,120.594934,1563,0,0,
1175,0301420048,San Martin IV,City of San Jose Del Monte,Bulacan,Region III (Central Luzon),2,14.827644,121.029288,366,1,4,-59.4
1176,1102403007,Dawis,City of Digos,Davao del Sur,Region XI (Davao Region),2,6.729251,125.364922,532,1,4,-72
1177,0105503009,Bued,City of Alaminos,Pangasinan,Region I (Ilocos Region),2,16.159935,119.998864,312,26,104,-97.4
1178,0205004009,Buag,Bambang,Nueva Vizcaya,Region II (Cagayan Valley),2,16.385833,121.100018,268,13,52,-98.7
1179,0205007013,Malasin,Dupax del Norte,Nueva Vizcaya,Region II (Cagayan Valley),2,16.30707,121.10526,443,30,120,-92.6
1180,0501731023,Turague,Sagñay,Camarines Sur,Region V (Bicol Region),2,13.589592,123.52307,259,17,68,-91.4
1181,0501705025,San Isidro,Buhi,Camarines Sur,Region V (Bicol Region),2,13.416139,123.507219,196,0,0,
1182,0501702008,Duran,Balatan,Camarines Sur,Region V (Bicol Region),2,13.31007,123.23678,390,45,180,-100.5
1183,0105533020,Poblacion,San Fabian,Pangasinan,Region I (Ilocos Region),2,16.122998,120.40225,328,1,4,-64.5
1184,0501603007,Camambugan,Daet,Camarines Norte,Region V (Bicol Region),2,14.107167,122.947547,684,0,0,
1185,0803739018,Naga-naga,Palo,Leyte,Region VIII (Eastern Visayas),2,11.153907,124.992815,216,0,0,
1186,1430300097,San Luis Village,City of Baguio,Benguet,Cordillera Administrative Region (CAR),2,16.40569,120.576803,713,1,4,-51.4
1187,0403409003,San Juan,Kalayaan,Laguna,Region IV-A (CALABARZON),2,14.32485,121.476614,664,4,16,-77.6
1188,1004308065,San Juan,City of Gingoog,Misamis Oriental,Region X (Northern Mindanao),2,8.827286,125.086931,389,22,88,-97.9
1189,0402103046,Molino III,City of Bacoor,Cavite,Region IV-A (CALABARZON),2,14.397605,120.977501,5619,0,0,
1190,0405804028,Pila Pila,Binangonan,Rizal,Region IV-A (CALABARZON),2,14.448258,121.207893,753,3,12,-70.9
1191,0203126011,Rizal,Roxas,Isabela,Region II (Cagayan Valley),2,17.1225,121.619444,512,1,4,-39.6
1192,0604524014,Barangay V,City of San Carlos,Negros Occidental,Region VI (Western Visayas),2,10.479088,123.41097,610,27,108,-95.8
1193,0501701013,Salvacion,Baao,Camarines Sur,Region V (Bicol Region),2,13.460318,123.374011,230,1,4,-72.6
1194,0402122005,Lallana,City of Trece Martires,Cavite,Region IV-A (CALABARZON),2,14.267397,120.875674,384,4,16,-79.3
1195,1030500052,Kauswagan,City of Cagayan De Oro,Misamis Oriental,Region X (Northern Mindanao),2,8.501172,124.630923,3414,1,4,-63.5
1196,0105538027,Tuliao,Santa Barbara,Pangasinan,Region I (Ilocos Region),2,16.012346,120.395379,540,0,0,
1197,0603005006,Camambugan,Balasan,Iloilo,Region VI (Western Visayas),2,11.473085,123.084167,183,4,16,-91.2
1198,0500508032,Nasisi,City of Ligao,Albay,Region V (Bicol Region),2,13.259084,123.584589,146,0,0,
1199,0604531008,Barangay V,City of Victorias,Negros Occidental,Region VI (Western Visayas),2,10.90203,123.075349,146,2,8,-62.2
1200,0305409002,Bical,Mabalacat City,Pampanga,Region III (Central Luzon),2,15.813502,120.438179,381,1,4,-88
1201,0305406031,Sta. Monica,Floridablanca,Pampanga,Region III (Central Luzon),2,14.965011,120.511804,312,3,12,-84.2
1202,0402109035,Anabu II-B,City of Imus,Cavite,Region IV-A (CALABARZON),2,14.435759,120.940211,711,0,0,
1203,1004303010,San Alonzo,Balingoan,Misamis Oriental,Region X (Northern Mindanao),2,9.003715,124.838889,132,12,48,-89.7
1204,0603047011,Jalaud Norte,Zarraga,Iloilo,Region VI (Western Visayas),2,10.829771,122.615819,194,7,28,-79
1205,0301420030,Francisco Homes-Yakal,City of San Jose Del Monte,Bulacan,Region III (Central Luzon),2,14.808807,121.051759,333,1,4,-59.4
1206,0402103075,Zapote V,City of Bacoor,Cavite,Region IV-A (CALABARZON),2,14.468771,120.965613,1776,0,0,
1207,0405809005,San Guillermo,Morong,Rizal,Region IV-A (CALABARZON),2,14.52333,121.213101,1018,2,8,-67.9
1208,0301417012,Lumang Bayan,Plaridel,Bulacan,Region III (Central Luzon),2,14.895412,120.854439,502,1,4,-55.5
1209,0304927003,Burgos District,San Leonardo,Nueva Ecija,Region III (Central Luzon),2,15.359469,120.938452,203,0,0,
1210,0704610009,Calindagan,City of Dumaguete,Negros Oriental,Region VII (Central Visayas),2,9.298351,123.310478,551,19,76,-98.5
1211,0907322040,San Jose,City of Pagadian,Zamboanga del Sur,Region IX (Zamboanga Peninsula),2,7.832814,123.431692,644,1,4,-60.3
1212,0105511016,Bical Norte,Bayambang,Pangasinan,Region I (Ilocos Region),2,15.813433,120.438142,308,5,20,-75.4
1213,0203131028,Zone II,San Mariano,Isabela,Region II (Cagayan Valley),2,16.982484,122.014674,202,33,132,-101.9
1214,1408102003,Caglayan,Conner,Apayao,Cordillera Administrative Region (CAR),2,17.795323,121.32322,174,104,416,-102
1215,0731300021,Pagsabungan,City of Mandaue,Cebu,Region VII (Central Visayas),2,10.356473,123.940547,1739,0,0,
1216,0402120021,Sahud Ulan,Tanza,Cavite,Region IV-A (CALABARZON),2,14.377595,120.824587,2060,0,0,
1217,0403405039,Barangay 2,City of Calamba,Laguna,Region IV-A (CALABARZON),2,14.198217,121.138171,1059,0,0,
1218,0501731012,Nato,Sagñay,Camarines Sur,Region V (Bicol Region),2,13.609603,123.53591,291,16,64,-92.7
1219,0405641014,Poblacion,San Antonio,Quezon,Region IV-A (CALABARZON),2,13.890385,121.287178,158,1,4,-48.9
1220,0105523008,Calzada,Mabini,Pangasinan,Region I (Ilocos Region),2,16.082594,119.927524,158,6,24,-81.7
1221,0330100003,Balibago,City of Angeles,Pampanga,Region III (Central Luzon),2,15.169895,120.583703,3679,0,0,
1222,0405615004,Bulakin I,Dolores,Quezon,Region IV-A (CALABARZON),2,14.017059,121.386161,215,2,8,-62.8
1223,0702232016,Tunghaan,Minglanilla,Cebu,Region VII (Central Visayas),2,10.246005,123.778563,1335,1,4,-70.6
1224,0403428016,Pook,City of Santa Rosa,Laguna,Region IV-A (CALABARZON),2,14.302413,121.109597,5551,1,4,-45.6
1225,0403426013,Patimbao,Santa Cruz,Laguna,Region IV-A (CALABARZON),2,14.272373,121.417215,927,0,0,
1226,0203132002,Bagong Sikat,San Mateo,Isabela,Region II (Cagayan Valley),2,16.88307,121.587768,206,4,16,-80.8
1227,0105514011,Germinal,Bolinao,Pangasinan,Region I (Ilocos Region),2,16.38609,119.89395,242,0,0,
1228,0301403016,Sabang,Baliuag,Bulacan,Region III (Central Luzon),2,14.96534,120.909244,1124,0,0,
1229,0405608011,Mangilag Sur,Candelaria,Quezon,Region IV-A (CALABARZON),2,13.931656,121.450459,596,4,16,-85.6
1230,0403405044,Barangay 7,City of Calamba,Laguna,Region IV-A (CALABARZON),2,14.202288,121.126178,235,0,0,
1231,0403413003,Balubad,Lumban,Laguna,Region IV-A (CALABARZON),2,14.28849,121.463024,212,0,0,
1232,0501724024,Peñafrancia,City of Naga,Camarines Sur,Region V (Bicol Region),2,13.631481,123.18949,321,0,0,
1233,1102303007,Ising,Carmen,Davao del Norte,Region XI (Davao Region),2,7.359804,125.706349,1171,7,28,-87.5
1234,0306902013,San Roque,Bamban,Tarlac,Region III (Central Luzon),2,15.276307,120.566169,962,5,20,-77.5
1235,0300804016,Luacan,Dinalupihan,Bataan,Region III (Central Luzon),2,14.865126,120.448626,518,1,4,-69.4
1236,0506209021,San Agustin,Irosin,Sorsogon,Region V (Bicol Region),2,12.70266,124.041104,178,0,0,
1237,1705203033,Aplaya,Bongabong,Oriental Mindoro,MIMAROPA Region,2,12.750071,121.487047,210,19,76,-96.9
1238,0307113018,Pagatpat,Santa Cruz,Zambales,Region III (Central Luzon),2,15.78163,119.90063,295,17,68,-98.1
1239,0401021036,Putingkahoy,Rosario,Batangas,Region IV-A (CALABARZON),2,13.829152,121.329005,257,11,44,-82.7
1240,0402121009,Poblacion I A,Ternate,Cavite,Region IV-A (CALABARZON),2,14.284669,120.719291,177,0,0,
1241,1130700153,Barangay 20-B,City of Davao,Davao del Sur,Region XI (Davao Region),2,7.086607,125.612967,453,1,4,-65.7
1242,0402109085,Pasong Buaya II,City of Imus,Cavite,Region IV-A (CALABARZON),2,14.389862,120.964913,3307,0,0,
1243,0330100025,Sta. Teresita,City of Angeles,Pampanga,Region III (Central Luzon),2,15.149405,120.59989,797,0,0,
1244,0907322039,San Francisco,City of Pagadian,Zamboanga del Sur,Region IX (Zamboanga Peninsula),2,7.827162,123.438697,249,0,0,
1245,0403417048,Talangan,Nagcarlan,Laguna,Region IV-A (CALABARZON),2,14.143685,121.413781,203,1,4,-73
1246,0401007037,Salong,City of Calaca,Batangas,Region IV-A (CALABARZON),2,13.920457,120.816762,419,11,44,-92.7
1247,0306906027,Pinasling,Gerona,Tarlac,Region III (Central Luzon),2,15.601513,120.589317,297,5,20,-82.5
1248,0702232018,Vito,Minglanilla,Cebu,Region VII (Central Visayas),2,10.254286,123.792496,899,0,0,
1249,0630200011,Barangay 16,City of Bacolod,Negros Occidental,Region VI (Western Visayas),2,10.664548,122.94271,656,5,20,-96.6
1250,1030500049,Gusa,City of Cagayan De Oro,Misamis Oriental,Region X (Northern Mindanao),2,8.476355,124.682773,2458,12,48,-86.3
1251,1001312064,Sinanglanan,City of Malaybalay,Bukidnon,Region X (Northern Mindanao),2,7.992002,125.210689,322,20,80,-96.1
1252,0301415002,Bagong Barrio,Pandi,Bulacan,Region III (Central Luzon),2,14.892092,120.954389,1374,1,4,-60.5
1253,0403402013,Santo Domingo,Bay,Laguna,Region IV-A (CALABARZON),2,14.17683,121.265994,987,0,0,
1254,0501707001,Barcelonita,Cabusao,Camarines Sur,Region V (Bicol Region),2,13.772201,123.044605,177,41,164,-96.4
1255,0201508005,Centro,Buguey,Cagayan,Region II (Cagayan Valley),2,18.288342,121.834743,178,53,212,-98.6
1256,0402109058,Malagasang I-C,City of Imus,Cavite,Region IV-A (CALABARZON),2,14.388761,120.928181,414,1,4,-63.4
1257,1004308045,Barangay 20,City of Gingoog,Misamis Oriental,Region X (Northern Mindanao),2,8.826942,125.10032,259,2,8,-76.6
1258,0500517008,Bogñabong,City of Tabaco,Albay,Region V (Bicol Region),2,13.352617,123.720489,236,0,0,
1259,0304904013,San Fernando Norte,Cabiao,Nueva Ecija,Region III (Central Luzon),2,15.276323,120.876642,357,3,12,-78.6
1260,0403407006,Duhat,Cavinti,Laguna,Region IV-A (CALABARZON),2,14.247309,121.501138,182,4,16,-76.9
1261,0401014032,Munting Pulo,City of Lipa,Batangas,Region IV-A (CALABARZON),2,13.950894,121.182219,416,3,12,-77.9
1262,0304903048,Macatbong,City of Cabanatuan,Nueva Ecija,Region III (Central Luzon),2,15.503668,121.078413,338,8,32,-81.2
1263,0402116012,San Jose II,Noveleta,Cavite,Region IV-A (CALABARZON),2,14.431754,120.886427,171,0,0,
1264,1030500045,Consolacion,City of Cagayan De Oro,Misamis Oriental,Region X (Northern Mindanao),2,8.49121,124.64582,797,1,4,-71.9
1265,0330100030,Sapalibutad,City of Angeles,Pampanga,Region III (Central Luzon),2,15.158827,120.625478,1243,2,8,-68.1
1266,0300805008,Culis,Hermosa,Bataan,Region III (Central Luzon),2,14.839606,120.481801,898,1,4,-40.6
1267,0300804013,Happy Valley,Dinalupihan,Bataan,Region III (Central Luzon),2,14.84696,120.40095,166,2,8,-67.4
1268,0305415014,Jalung,Porac,Pampanga,Region III (Central Luzon),2,15.066045,120.534685,382,2,8,-82.4
1269,0600403013,Linabuan Sur,Banga,Aklan,Region VI (Western Visayas),2,11.64993,122.344354,315,6,24,-77.1
1270,0304930053,Sibul,Talavera,Nueva Ecija,Region III (Central Luzon),2,15.168423,121.063523,303,21,84,-102.1
1271,0402106027,San Dionisio,City of Dasmariñas,Cavite,Region IV-A (CALABARZON),2,14.319874,120.978641,626,1,4,-32.5
1272,0405630014,Ilayang Polo,Pagbilao,Quezon,Region IV-A (CALABARZON),2,13.930393,121.775886,176,35,140,-95.6
1273,0500514022,Itaran,Polangui,Albay,Region V (Bicol Region),2,13.329495,123.516362,164,6,24,-75.8
1274,0301420058,Santo Niño II,City of San Jose Del Monte,Bulacan,Region III (Central Luzon),2,14.84456,121.024631,336,3,12,-68.5
1275,0501724032,Triangulo,City of Naga,Camarines Sur,Region V (Bicol Region),2,13.619466,123.195868,620,1,4,-63
1276,0203126020,San Placido,Roxas,Isabela,Region II (Cagayan Valley),2,17.121174,121.619988,286,0,0,
1277,0702210015,Japitan,Barili,Cebu,Region VII (Central Visayas),2,10.127175,123.494073,344,20,80,-95.3
1278,0702219016,Pulpogan,Consolacion,Cebu,Region VII (Central Visayas),2,10.386186,123.956724,1187,1,4,-41.7
1279,0704610015,Looc,City of Dumaguete,Negros Oriental,Region VII (Central Visayas),2,9.31357,123.310219,334,13,52,-98.2
1280,0402103002,Aniban I,City of Bacoor,Cavite,Region IV-A (CALABARZON),2,14.429221,120.966386,310,0,0,
1281,0305411010,San Isidro,Magalang,Pampanga,Region III (Central Luzon),2,15.23251,120.63622,2132,0,0,
1282,0330100024,San Nicolas,City of Angeles,Pampanga,Region III (Central Luzon),2,15.161159,120.582424,419,0,0,
1283,1401110008,Betag,La Trinidad,Benguet,Cordillera Administrative Region (CAR),2,16.450879,120.595843,818,0,0,
1284,0500504009,Calzada,Guinobatan,Albay,Region V (Bicol Region),2,13.190562,123.597411,190,1,4,-59.3
1285,0402109073,Medicion I-C,City of Imus,Cavite,Region IV-A (CALABARZON),2,14.434808,120.930795,285,0,0,
1286,0103320007,Gonzales,Tubao,La Union,Region I (Ilocos Region),2,16.3254,120.369,155,0,0,
1287,0305402014,Sulipan,Apalit,Pampanga,Region III (Central Luzon),2,14.940246,120.759788,931,1,4,-62.6
1288,0402106034,San Manuel I,City of Dasmariñas,Cavite,Region IV-A (CALABARZON),2,14.287809,120.961681,262,0,0,
1289,1705319008,Poblacion,San Vicente,Palawan,MIMAROPA Region,2,10.536539,119.282294,577,72,288,-102
1290,0304922001,Bertese,Quezon,Nueva Ecija,Region III (Central Luzon),2,15.574849,120.815113,338,8,32,-80.6
1291,0301420056,Santa Cruz IV,City of San Jose Del Monte,Bulacan,Region III (Central Luzon),2,14.858056,121.084686,284,6,24,-87.7
1292,0402109003,Anabu I-A,City of Imus,Cavite,Region IV-A (CALABARZON),2,14.402298,120.940476,582,0,0,
1293,0301420041,Minuyan Proper,City of San Jose Del Monte,Bulacan,Region III (Central Luzon),2,14.84466,121.080132,4137,1,4,-82.9
1294,0105530032,Talogtog,Pozorrubio,Pangasinan,Region I (Ilocos Region),2,16.111294,120.541214,189,1,4,-75.8
1295,0401023004,Bataan,San Juan,Batangas,Region IV-A (CALABARZON),2,13.695656,121.433314,164,80,320,-102.9
1296,0402117020,Wawa II,Rosario,Cavite,Region IV-A (CALABARZON),2,14.423203,120.877756,546,0,0,
1297,1030500001,Agusan,City of Cagayan De Oro,Misamis Oriental,Region X (Northern Mindanao),2,8.491424,124.742869,1615,12,48,-89.8
1298,0305416009,Del Rosario,City of San Fernando,Pampanga,Region III (Central Luzon),2,15.068494,120.639435,645,1,4,-75.3
1299,1401114006,Caponga,Tublay,Benguet,Cordillera Administrative Region (CAR),2,16.488283,120.634782,460,8,32,-89.2
1300,0631000156,San Juan,City of Iloilo,Iloilo,Region VI (Western Visayas),2,10.6849,122.545302,847,16,64,-103.7
1301,0702214012,Poblacion I,City of Carcar,Cebu,Region VII (Central Visayas),2,10.106039,123.63136,850,7,28,-86
1302,0402116004,San Antonio I,Noveleta,Cavite,Region IV-A (CALABARZON),2,14.431639,120.87488,512,0,0,
1303,0704614030,Poblacion,Mabinay,Negros Oriental,Region VII (Central Visayas),2,9.720816,122.935209,581,65,260,-101.5
1304,0301412009,Iba,City of Meycauayan,Bulacan,Region III (Central Luzon),2,14.753868,120.981834,839,2,8,-63.2
1305,0201526010,Centro Norte,Santo Niño,Cagayan,Region II (Cagayan Valley),2,17.890291,121.567318,240,43,172,-98.5
1306,0330100020,Pulungbulu,City of Angeles,Pampanga,Region III (Central Luzon),2,15.136301,120.594506,1133,1,4,-68.1
1307,1004319003,Cabug,Medina,Misamis Oriental,Region X (Northern Mindanao),2,8.903268,125.023906,225,9,36,-91.7
1308,1401111011,Sapid,Mankayan,Benguet,Cordillera Administrative Region (CAR),2,16.853502,120.784228,254,8,32,-88.8
1309,0105517025,Talibaew,Calasiao,Pangasinan,Region I (Ilocos Region),2,16.005278,120.372778,406,1,4,-51.5
1310,0402121007,San Juan I,Ternate,Cavite,Region IV-A (CALABARZON),2,14.287667,120.710643,266,29,116,-102.2
1311,0704601008,Tandayag,Amlan,Negros Oriental,Region VII (Central Visayas),2,9.447805,123.236069,322,14,56,-86
1312,0402115032,Timalan Concepcion,Naic,Cavite,Region IV-A (CALABARZON),2,14.337003,120.779236,424,4,16,-77.3
1313,0205004020,San Antonio North,Bambang,Nueva Vizcaya,Region II (Cagayan Valley),2,16.36708,121.10588,203,7,28,-87.2
1314,0402106024,Saint Peter I,City of Dasmariñas,Cavite,Region IV-A (CALABARZON),2,14.29978,120.966705,212,0,0,
1315,0405801011,San Roque,Angono,Rizal,Region IV-A (CALABARZON),2,14.532458,121.161439,1017,1,4,-38.7
1316,0600416016,Poblacion,Numancia,Aklan,Region VI (Western Visayas),2,11.704739,122.327426,141,4,16,-78.3
1317,1004307003,Bolobolo,City of El Salvador,Misamis Oriental,Region X (Northern Mindanao),2,8.556069,124.533285,365,17,68,-96.2
1318,0631000001,Santa Cruz,City of Iloilo,Iloilo,Region VI (Western Visayas),2,10.708765,122.552701,282,0,0,
1319,0603023020,Damo-ong,Janiuay,Iloilo,Region VI (Western Visayas),2,10.94179,122.515656,158,78,312,-102.1
1320,0305411021,Santa Lucia,Magalang,Pampanga,Region III (Central Luzon),2,15.223442,120.627871,770,2,8,-66.9
1321,0301421044,San Jose,San Miguel,Bulacan,Region III (Central Luzon),2,15.148254,120.981636,413,1,4,-72.2
1322,0702215009,Cogon East,Carmen,Cebu,Region VII (Central Visayas),2,10.59086,124.021216,268,5,20,-93.4
1323,0105503019,Palamis,City of Alaminos,Pangasinan,Region I (Ilocos Region),2,16.150033,119.975975,395,9,36,-89.6
1324,0105530022,Nama,Pozorrubio,Pangasinan,Region I (Ilocos Region),2,16.130582,120.546593,276,12,48,-92.8
1325,0702231014,Poblacion,Medellin,Cebu,Region VII (Central Visayas),2,11.12874,123.960704,551,2,8,-72.2
1326,1230800035,Dadiangas North,City of General Santos,South Cotabato,Region XII (SOCCSKSARGEN),2,6.115603,125.16692,542,1,4,-70.4
1327,1130700161,Barangay 28-C,City of Davao,Davao del Sur,Region XI (Davao Region),2,7.072307,125.619089,288,1,4,-62.7
1328,0304926002,Abar Ist,San Jose City,Nueva Ecija,Region III (Central Luzon),2,15.789481,120.981054,1982,1,4,-57.3
1329,0405622008,Talolong,Lopez,Quezon,Region IV-A (CALABARZON),2,13.878955,122.261626,299,28,112,-100.3
1330,0301419017,Lapnit,San Ildefonso,Bulacan,Region III (Central Luzon),2,15.077966,120.936032,293,3,12,-71.6
1331,0405601012,Poblacion I,Agdangan,Quezon,Region IV-A (CALABARZON),2,13.873654,121.914613,111,27,108,-99.4
1332,0702215008,Dawis Sur,Carmen,Cebu,Region VII (Central Visayas),2,10.56795,124.01981,214,6,24,-87.1
1333,0301423024,Tabing Bakod,Santa Maria,Bulacan,Region III (Central Luzon),2,14.801688,120.954185,485,0,0,
1334,0500517032,Quinastillojan,City of Tabaco,Albay,Region V (Bicol Region),2,13.341085,123.661456,140,1,4,-79.7
1335,0105522033,Tonton,Lingayen,Pangasinan,Region I (Ilocos Region),2,16.027222,120.25,402,9,36,-90.4
1336,0306916018,Binauganan,City of Tarlac,Tarlac,Region III (Central Luzon),2,15.476856,120.604469,465,0,0,
1337,0201526011,Centro Sur,Santo Niño,Cagayan,Region II (Cagayan Valley),2,17.881279,121.570989,196,22,88,-92.4
1338,0401028003,Barangay III,City of Sto. Tomas,Batangas,Region IV-A (CALABARZON),2,13.893731,121.045781,187,0,0,
1339,0402116014,San Rafael III,Noveleta,Cavite,Region IV-A (CALABARZON),2,14.436514,120.878316,573,0,0,
1340,0402103010,Ligas I,City of Bacoor,Cavite,Region IV-A (CALABARZON),2,14.453566,120.968586,446,0,0,
1341,1600210005,La Paz,Santiago,Agusan del Norte,Region XIII (Caraga),2,9.266982,125.558832,144,10,40,-87.1
1342,0304926021,Canuto Ramos Pob.,San Jose City,Nueva Ecija,Region III (Central Luzon),2,15.788743,120.989653,193,0,0,
1343,1030900025,Tambacan,City of Iligan,Lanao del Norte,Region X (Northern Mindanao),2,8.220246,124.235383,1542,11,44,-96
1344,0330100036,Ninoy Aquino,City of Angeles,Pampanga,Region III (Central Luzon),2,15.151179,120.600671,987,0,0,
1345,0908302017,Poblacion,Buug,Zamboanga Sibugay,Region IX (Zamboanga Peninsula),2,7.727559,123.063181,555,54,216,-102.3
1346,0304904003,Bagong Silang,Cabiao,Nueva Ecija,Region III (Central Luzon),2,15.254814,120.850981,399,3,12,-68.6
1347,0401026020,Poblacion,San Pascual,Batangas,Region IV-A (CALABARZON),2,13.786693,121.025875,948,1,4,-64.5
1348,0500506005,Bgy. 1 - Em's Barrio,City of Legazpi,Albay,Region V (Bicol Region),2,13.146273,123.730127,244,0,0,
1349,0604521003,Barangay II,Pontevedra,Negros Occidental,Region VI (Western Visayas),2,10.368023,122.869435,167,23,92,-96
1350,0402121001,Poblacion I,Ternate,Cavite,Region IV-A (CALABARZON),2,14.285012,120.718516,176,0,0,
1351,0600407008,Estancia,Kalibo,Aklan,Region VI (Western Visayas),2,11.687293,122.366054,760,2,8,-76.9
1352,0402103053,P.F. Espiritu II,City of Bacoor,Cavite,Region IV-A (CALABARZON),2,14.456188,120.954969,162,0,0,
1353,0402115003,Bancaan,Naic,Cavite,Region IV-A (CALABARZON),2,14.318485,120.754098,449,1,4,-46.8
1354,0401005112,Talumpok Kanluran,Batangas City,Batangas,Region IV-A (CALABARZON),2,13.733695,121.136426,249,12,48,-84.7
1355,0402120034,Daang Amaya II,Tanza,Cavite,Region IV-A (CALABARZON),2,14.396733,120.853495,638,0,0,
1356,0806417044,Tampoong,Sogod,Southern Leyte,Region VIII (Eastern Visayas),2,10.388267,124.985827,155,40,160,-104
1357,1130700116,Talomo,City of Davao,Davao del Sur,Region XI (Davao Region),2,7.049438,125.546312,5665,1,4,-70
1358,1130700086,Pampanga,City of Davao,Davao del Sur,Region XI (Davao Region),2,7.119849,125.646925,1434,0,0,
1359,1030500058,Nazareth,City of Cagayan De Oro,Misamis Oriental,Region X (Northern Mindanao),2,8.47283,124.647799,591,0,0,
1360,0405810008,Quisao,Pililla,Rizal,Region IV-A (CALABARZON),2,14.436469,121.335593,1380,9,36,-82.8
1361,0331400001,Asinan,City of Olongapo,Zambales,Region III (Central Luzon),2,14.828546,120.286423,287,12,48,-97.5
1362,0301420036,Maharlika,City of San Jose Del Monte,Bulacan,Region III (Central Luzon),2,14.793628,121.06547,274,0,0,
1363,0405603004,Barangay Zone 1,Atimonan,Quezon,Region IV-A (CALABARZON),2,14.000264,121.92455,232,1,4,-94.5
1364,0501715016,Matacla,Goa,Camarines Sur,Region V (Bicol Region),2,13.687917,123.495564,398,1,4,-56
1365,0105510021,Baluyot,Bautista,Pangasinan,Region I (Ilocos Region),2,15.801084,120.463678,311,7,28,-86.9
1366,0600407013,Poblacion,Kalibo,Aklan,Region VI (Western Visayas),2,11.707751,122.367925,952,0,0,
1367,0501724019,Mabolo,City of Naga,Camarines Sur,Region V (Bicol Region),2,13.614591,123.181081,579,0,0,
1368,0304917008,Catalanacan,Science City of Muñoz,Nueva Ecija,Region III (Central Luzon),2,15.713671,120.885121,353,10,40,-87.4
1369,0305415032,Sepung Bulaon,Porac,Pampanga,Region III (Central Luzon),2,15.071199,120.547498,445,2,8,-74.8
1370,0603019017,Poblacion Zone 1,Estancia,Iloilo,Region VI (Western Visayas),2,11.462109,123.131392,223,2,8,-59.9
1371,0501610019,Tabugon,Santa Elena,Camarines Norte,Region V (Bicol Region),2,14.072734,122.372133,138,42,168,-92.3
1372,1001314005,Damilag,Manolo Fortich,Bukidnon,Region X (Northern Mindanao),2,8.369475,124.854524,1440,0,0,
1373,0405806014,Looc,Cardona,Rizal,Region IV-A (CALABARZON),2,14.479683,121.223726,827,1,4,-79.3
1374,0305413043,Santo Rosario,Mexico,Pampanga,Region III (Central Luzon),2,15.070156,120.724146,331,2,8,-72
1375,0304928033,San Josep,Santa Rosa,Nueva Ecija,Region III (Central Luzon),2,15.434103,120.918115,252,2,8,-61.5
1376,0203112020,Gucab,Echague,Isabela,Region II (Cagayan Valley),2,16.70139,121.67995,253,17,68,-95.3
1377,0306916007,Atioc,City of Tarlac,Tarlac,Region III (Central Luzon),2,15.477882,120.604922,206,1,4,-67.1
1378,0301410016,Caingin,City of Malolos,Bulacan,Region III (Central Luzon),2,14.844168,120.804491,658,0,0,
1379,0603034017,Lambuyao,Oton,Iloilo,Region VI (Western Visayas),2,10.701051,122.491295,259,0,0,
1380,0501706020,Pawili,Bula,Camarines Sur,Region V (Bicol Region),2,13.522344,123.296147,214,7,28,-79.7
1381,0402103005,Daang Bukid,City of Bacoor,Cavite,Region IV-A (CALABARZON),2,14.437525,120.969199,264,0,0,
1382,0401014048,Poblacion Barangay 7,City of Lipa,Batangas,Region IV-A (CALABARZON),2,13.93742,121.161184,395,1,4,-50.3
1383,1400101002,Angad,Bangued,Abra,Cordillera Administrative Region (CAR),2,17.588702,120.625207,217,20,80,-99.3
1384,1402701005,Bocos,Banaue,Ifugao,Cordillera Administrative Region (CAR),2,16.916235,121.063186,202,55,220,-103.4
1385,0301421051,Sapang,San Miguel,Bulacan,Region III (Central Luzon),2,15.192211,120.990846,179,1,4,-66.1
1386,1004302010,Cogon,Balingasag,Misamis Oriental,Region X (Northern Mindanao),2,8.748877,124.771273,569,23,92,-100
1387,0331400012,New Kalalake,City of Olongapo,Zambales,Region III (Central Luzon),2,14.83049,120.289094,850,5,20,-89.8
1388,0500508033,Nabonton,City of Ligao,Albay,Region V (Bicol Region),2,13.25217,123.591136,209,6,24,-80.3
1389,0105532086,Tarece,City of San Carlos,Pangasinan,Region I (Ilocos Region),2,15.93927,120.36223,376,2,8,-69.2
1390,0600416002,Aliputos,Numancia,Aklan,Region VI (Western Visayas),2,11.6993,122.335,203,3,12,-70.2
1391,1102408016,Poblacion,Malalag,Davao del Sur,Region XI (Davao Region),2,6.589039,125.398769,592,2,8,-69.2
1392,0402104001,Bancal,Carmona,Cavite,Region IV-A (CALABARZON),2,14.28197,121.007246,1507,0,0,
1393,0305409006,Camachiles,Mabalacat City,Pampanga,Region III (Central Luzon),2,15.192918,120.585698,1040,1,4,-66.2
1394,0105533014,Longos,San Fabian,Pangasinan,Region I (Ilocos Region),2,16.105891,120.395249,239,0,0,
1395,0500514013,Centro Occidental,Polangui,Albay,Region V (Bicol Region),2,13.296535,123.486475,244,1,4,-57
1396,0405805016,San Juan,Cainta,Rizal,Region IV-A (CALABARZON),2,14.539798,121.110934,8307,1,4,-71.3
1397,0907322041,San Pedro,City of Pagadian,Zamboanga del Sur,Region IX (Zamboanga Peninsula),2,7.823695,123.444147,653,0,0,
1398,0105530024,Palacpalac,Pozorrubio,Pangasinan,Region I (Ilocos Region),2,16.126749,120.533888,264,2,8,-70.4
1399,0306909026,San Julian,Moncada,Tarlac,Region III (Central Luzon),2,15.718772,120.583969,239,5,20,-84.9
1400,0305408034,Santa Cruz,Lubao,Pampanga,Region III (Central Luzon),2,14.910409,120.562721,1408,2,8,-75.9
1401,1600201001,Abilan,Buenavista,Agusan del Norte,Region XIII (Caraga),2,8.977366,125.40837,238,15,60,-99.2
1402,0402103035,Ligas II,City of Bacoor,Cavite,Region IV-A (CALABARZON),2,14.452593,120.942567,467,0,0,
1403,0604526015,Mambulac,City of Silay,Negros Occidental,Region VI (Western Visayas),2,10.797384,122.967578,1578,7,28,-90.5
1404,1003522019,Poblacion,Tubod,Lanao del Norte,Region X (Northern Mindanao),2,8.05132,123.793894,832,42,168,-101.8
1405,0402109046,Bayan Luma VII,City of Imus,Cavite,Region IV-A (CALABARZON),2,14.442001,120.956282,384,0,0,
1406,0405804035,Tatala,Binangonan,Rizal,Region IV-A (CALABARZON),2,14.482869,121.205019,1288,1,4,-58.3
1407,0403425008,Magsaysay,City of San Pedro,Laguna,Region IV-A (CALABARZON),2,14.339132,121.033219,1275,1,4,-44.8
1408,0105518001,Bacayao Norte,City of Dagupan,Pangasinan,Region I (Ilocos Region),2,16.032283,120.344237,361,0,0,
1409,0403411008,Maahas,Los Baños,Laguna,Region IV-A (CALABARZON),2,14.177395,121.251076,875,1,4,-45
1410,0402112013,Urdaneta,Magallanes,Cavite,Region IV-A (CALABARZON),2,14.165003,120.732326,207,6,24,-82.1
1411,0405641018,Sampaguita,San Antonio,Quezon,Region IV-A (CALABARZON),2,13.888858,121.28645,156,2,8,-83.6
1412,0201506019,Poblacion,Baggao,Cagayan,Region II (Cagayan Valley),2,17.934351,121.771773,269,48,192,-95.2
1413,0907322046,Tuburan,City of Pagadian,Zamboanga del Sur,Region IX (Zamboanga Peninsula),2,7.836469,123.445924,768,1,4,-50
1414,0301412006,Calvario,City of Meycauayan,Bulacan,Region III (Central Luzon),2,14.733488,120.961015,454,1,4,-38
1415,0403424054,San Juan,City of San Pablo,Laguna,Region IV-A (CALABARZON),2,14.092771,121.302756,334,0,0,
1416,0604518002,Barangay I,Manapla,Negros Occidental,Region VI (Western Visayas),2,10.956097,123.126617,183,26,104,-94.6
1417,0403429019,P. Burgos,Siniloan,Laguna,Region IV-A (CALABARZON),2,14.468919,121.480916,479,19,76,-92.9
1418,0301405016,Tibig,Bulacan,Bulacan,Region III (Central Luzon),2,14.802355,120.868125,284,2,8,-59.5
1419,0301403026,Tiaong,Baliuag,Bulacan,Region III (Central Luzon),2,14.94424,120.896068,525,0,0,
1420,0506203006,Zone II Pob.,Bulan,Sorsogon,Region V (Bicol Region),2,12.659528,123.875712,446,47,188,-102.7
1421,0401005097,Santa Rita Karsada,Batangas City,Batangas,Region IV-A (CALABARZON),2,13.778323,121.041051,1744,0,0,
1422,0105522028,Poblacion,Lingayen,Pangasinan,Region I (Ilocos Region),2,16.03158,120.230988,1080,14,56,-97.5
1423,0500511004,Buyo,Manito,Albay,Region V (Bicol Region),2,13.110592,123.865571,300,28,112,-94.5
1424,1001314016,Mantibugao,Manolo Fortich,Bukidnon,Region X (Northern Mindanao),2,8.360065,124.859287,329,12,48,-92.2
1425,0401003029,Gumamela,Balayan,Batangas,Region IV-A (CALABARZON),2,13.945306,120.741743,262,1,4,-73
1426,0306903044,Poblacion B,Camiling,Tarlac,Region III (Central Luzon),2,15.688858,120.41334,148,0,0,
1427,0501710012,San Agustin,Canaman,Camarines Sur,Region V (Bicol Region),2,13.6455,123.183,227,0,0,
1428,0702251019,Ilihan,City of Toledo,Cebu,Region VII (Central Visayas),2,10.379133,123.657576,357,3,12,-77.4
1429,0730600060,Pung-ol-Sibugay,City of Cebu,Cebu,Region VII (Central Visayas),2,10.331068,123.890675,219,1,4,-55.6
1430,0402117017,Sapa III,Rosario,Cavite,Region IV-A (CALABARZON),2,14.431185,120.864676,392,8,32,-96.3
1431,0731100019,Pajo,City of Lapu-Lapu,Cebu,Region VII (Central Visayas),2,10.310916,123.966634,2216,2,8,-67.9
1432,0306916085,Suizo,City of Tarlac,Tarlac,Region III (Central Luzon),2,15.464334,120.605165,318,1,4,-61.9
1433,0105526002,Amansabina,Mangaldan,Pangasinan,Region I (Ilocos Region),2,16.066589,120.400055,228,0,0,
1434,0501703027,San Miguel,Bato,Camarines Sur,Region V (Bicol Region),2,13.34753,123.38363,313,8,32,-83.3
1435,1130700124,Tibungco,City of Davao,Davao del Sur,Region XI (Davao Region),2,7.189,125.641201,4557,9,36,-85.3
1436,0201505038,San Antonio,Aparri,Cagayan,Region II (Cagayan Valley),2,18.35925,121.64075,314,17,68,-98.8
1437,1001321003,Barobo,City of Valencia,Bukidnon,Region X (Northern Mindanao),2,7.908603,125.11106,364,2,8,-71.4
1438,0403403016,Poblacion,City of Biñan,Laguna,Region IV-A (CALABARZON),2,14.320009,121.066957,500,1,4,-42.4
1439,0205704014,Lusod,Maddela,Quirino,Region II (Cagayan Valley),2,16.334024,121.679162,147,28,112,-93.7
1440,1430300126,Ambiong,City of Baguio,Benguet,Cordillera Administrative Region (CAR),2,16.488826,120.629555,264,1,4,-51.6
1441,0630200015,Barangay 2,City of Bacolod,Negros Occidental,Region VI (Western Visayas),2,10.659921,122.95657,284,1,4,-65.4
1442,0500510010,Comun,Malinao,Albay,Region V (Bicol Region),2,13.34373,123.66295,135,6,24,-86.2
1443,0300802002,Banawang,Bagac,Bataan,Region III (Central Luzon),2,14.620019,120.386743,301,34,136,-97.5
1444,1705309024,Tagumpay,Coron,Palawan,MIMAROPA Region,2,12.008559,120.24431,750,142,568,-103.8
1445,0402106080,H-2,City of Dasmariñas,Cavite,Region IV-A (CALABARZON),2,14.378258,120.939683,864,0,0,
1446,0506207034,Rawis,Donsol,Sorsogon,Region V (Bicol Region),2,12.903364,123.59588,174,29,116,-103.3
1447,0301408011,Tabang,Guiguinto,Bulacan,Region III (Central Luzon),2,14.831474,120.864071,1027,0,0,
1448,0330100002,Anunas,City of Angeles,Pampanga,Region III (Central Luzon),2,15.155526,120.555332,2268,2,8,-71.4
1449,0402103061,Salinas II,City of Bacoor,Cavite,Region IV-A (CALABARZON),2,14.438401,120.942294,537,0,0,
1450,0402109055,Magdalo,City of Imus,Cavite,Region IV-A (CALABARZON),2,14.45339,120.931454,416,0,0,
1451,0405801012,San Vicente,Angono,Rizal,Region IV-A (CALABARZON),2,14.522961,121.146764,1137,3,12,-75.9
1452,0403405046,Punta,City of Calamba,Laguna,Region IV-A (CALABARZON),2,14.177142,121.117842,730,1,4,-59.3
1453,0402114022,Galicia III,Mendez,Cavite,Region IV-A (CALABARZON),2,14.149751,120.892945,394,1,4,-71
1454,0603019022,Tacbuyan,Estancia,Iloilo,Region VI (Western Visayas),2,11.465809,123.140175,361,3,12,-81.5
1455,1004325015,Santa Ines,Talisayan,Misamis Oriental,Region X (Northern Mindanao),2,8.96885,124.94049,155,51,204,-97.2
1456,0301404010,Caingin,Bocaue,Bulacan,Region III (Central Luzon),2,14.797469,120.936192,431,0,0,
1457,0405607060,Pinagkamaligan,Calauag,Quezon,Region IV-A (CALABARZON),2,13.956108,122.284969,146,3,12,-78.8
1458,0506203057,San Vicente,Bulan,Sorsogon,Region V (Bicol Region),2,12.66272,123.88132,406,0,0,
1459,0105538011,Leet,Santa Barbara,Pangasinan,Region I (Ilocos Region),2,15.991257,120.464475,611,4,16,-72
1460,0806407028,Ibarra,City of Maasin,Southern Leyte,Region VIII (Eastern Visayas),2,10.128318,124.878282,322,13,52,-94.3
1461,0305415019,Manibaug Pasig,Porac,Pampanga,Region III (Central Luzon),2,15.221361,120.610016,401,1,4,-56.7
1462,1102411012,Quirino District,Padada,Davao del Sur,Region XI (Davao Region),2,6.638321,125.340932,155,1,4,-64.1
1463,0405642004,Cawayan I,San Francisco,Quezon,Region IV-A (CALABARZON),2,13.358726,122.522782,304,42,168,-98.5
1464,0304929024,Malaya,Santo Domingo,Nueva Ecija,Region III (Central Luzon),2,15.579266,120.878244,326,4,16,-78.3
1465,0103301025,San Julian West,Agoo,La Union,Region I (Ilocos Region),2,16.328401,120.369769,173,2,8,-60.7
1466,0304932017,San Vicente,Zaragoza,Nueva Ecija,Region III (Central Luzon),2,15.454565,120.790438,146,1,4,-88.9
1467,0301420034,Gumaoc West,City of San Jose Del Monte,Bulacan,Region III (Central Luzon),2,14.799492,121.06107,796,0,0,
1468,0402117007,Muzon I,Rosario,Cavite,Region IV-A (CALABARZON),2,14.422312,120.865857,361,0,0,
1469,0403403007,Ganado,City of Biñan,Laguna,Region IV-A (CALABARZON),2,14.285039,121.080421,644,0,0,
1470,0603009002,Alinsolong,Batad,Iloilo,Region VI (Western Visayas),2,11.418281,123.111122,105,12,48,-99.3
1471,0300803021,Tenejero,City of Balanga,Bataan,Region III (Central Luzon),2,14.678683,120.532953,803,1,4,-44.9
1472,0401002018,San Jose,Alitagtag,Batangas,Region IV-A (CALABARZON),2,13.864713,120.996892,209,1,4,-53.7
1473,0330100035,Amsic,City of Angeles,Pampanga,Region III (Central Luzon),2,15.16004,120.5679,1475,0,0,
1474,0600613028,San Fernando,San Jose,Antique,Region VI (Western Visayas),2,10.7763,121.9416,261,16,64,-101
1475,0105525036,Pantal,Manaoag,Pangasinan,Region I (Ilocos Region),2,16.034781,120.485559,270,2,8,-77.7
1476,1401106001,Ampucao,Itogon,Benguet,Cordillera Administrative Region (CAR),2,16.325264,120.654748,962,11,44,-89.5
1477,0403424056,San Lucas 1,City of San Pablo,Laguna,Region IV-A (CALABARZON),2,14.083934,121.325255,610,0,0,
1478,0701216010,Poblacion,Cortes,Bohol,Region VII (Central Visayas),2,9.719729,123.876805,101,42,168,-101.4
1479,0105517020,Quesban,Calasiao,Pangasinan,Region I (Ilocos Region),2,16.0125,120.372778,268,0,0,
1480,0403404002,Banaybanay,City of Cabuyao,Laguna,Region IV-A (CALABARZON),2,14.253986,121.130877,3414,0,0,
1481,0403426023,Santisima Cruz,Santa Cruz,Laguna,Region IV-A (CALABARZON),2,14.288084,121.41196,977,1,4,-85.6
1482,0401014031,Mataas Na Lupa,City of Lipa,Batangas,Region IV-A (CALABARZON),2,13.935191,121.165823,387,0,0,
1483,0401002011,Muzon Primero,Alitagtag,Batangas,Region IV-A (CALABARZON),2,13.848213,120.991423,217,4,16,-77.1
1484,0730600068,San Nicolas Central,City of Cebu,Cebu,Region VII (Central Visayas),2,10.293991,123.890256,500,0,0,
1485,0431200003,Barangay 10,City of Lucena,Quezon,Region IV-A (CALABARZON),2,13.926824,121.618252,388,1,4,-51
1486,0305417006,San Nicolas,San Luis,Pampanga,Region III (Central Luzon),2,15.04102,120.79084,146,2,8,-65
1487,0501706029,San Roque,Bula,Camarines Sur,Region V (Bicol Region),2,13.469541,123.276385,174,2,8,-82.7
1488,0105517006,Cabilocaan,Calasiao,Pangasinan,Region I (Ilocos Region),2,16.023333,120.378333,251,0,0,
1489,0306903018,Cacamilingan Sur,Camiling,Tarlac,Region III (Central Luzon),2,15.694846,120.413755,182,0,0,
1490,0604531028,Barangay XXI,City of Victorias,Negros Occidental,Region VI (Western Visayas),2,10.891469,123.091927,420,12,48,-90.3
1491,0301423019,San Jose Patag,Santa Maria,Bulacan,Region III (Central Luzon),2,14.824626,120.980003,1253,1,4,-46.6
1492,0403429022,Wawa,Siniloan,Laguna,Region IV-A (CALABARZON),2,14.415491,121.446581,302,1,4,-66.6
1493,0402118051,Ipil I,Silang,Cavite,Region IV-A (CALABARZON),2,14.273925,120.994709,276,2,8,-77.1
1494,0403428004,Dila,City of Santa Rosa,Laguna,Region IV-A (CALABARZON),2,14.28948,121.109097,3936,0,0,
1495,0702219020,Tolotolo,Consolacion,Cebu,Region VII (Central Visayas),2,10.389285,123.941729,329,2,8,-64
1496,0402103044,Mambog V,City of Bacoor,Cavite,Region IV-A (CALABARZON),2,14.397257,120.951339,356,0,0,
1497,0105526029,Tebag,Mangaldan,Pangasinan,Region I (Ilocos Region),2,16.080269,120.406985,257,1,4,-39.3
1498,0501715006,Buyo,Goa,Camarines Sur,Region V (Bicol Region),2,13.67924,123.474233,316,8,32,-87.5
1499,0500516021,San Isidro,Santo Domingo,Albay,Region V (Bicol Region),2,13.22958,123.768293,231,5,20,-80.9
1500,0405813005,Santa Ana,Taytay,Rizal,Region IV-A (CALABARZON),2,14.537187,121.109282,8569,1,4,-47.8
1501,0105503021,Poblacion,City of Alaminos,Pangasinan,Region I (Ilocos Region),2,16.160199,119.981796,914,0,0,
1502,0803726014,Natubgan,Kananga,Leyte,Region VIII (Eastern Visayas),2,11.197476,124.565412,247,7,28,-89.9
1503,0304915023,Victoria,Llanera,Nueva Ecija,Region III (Central Luzon),2,15.678894,121.016017,298,13,52,-86.1
1504,0702219007,Lamac,Consolacion,Cebu,Region VII (Central Visayas),2,10.385678,123.965076,906,0,0,
1505,1403209020,Pinukpuk Junction,Pinukpuk,Kalinga,Cordillera Administrative Region (CAR),2,17.6153,121.40847,220,30,120,-91.9
1506,1430300076,New Lucban,City of Baguio,Benguet,Cordillera Administrative Region (CAR),2,16.422531,120.594785,164,1,4,-47.9
1507,0730600056,Pasil,City of Cebu,Cebu,Region VII (Central Visayas),2,10.290588,123.894406,788,2,8,-80.1
1508,1401110011,Pico,La Trinidad,Benguet,Cordillera Administrative Region (CAR),2,16.440891,120.584087,2271,2,8,-63.9
1509,0604532002,Bagong Silang,Salvador Benedicto,Negros Occidental,Region VI (Western Visayas),2,10.605586,123.28141,236,57,228,-97.5
1510,0401005116,Tulo,Batangas City,Batangas,Region IV-A (CALABARZON),2,13.754118,121.12303,374,5,20,-78.9
1511,0305407023,San Pedro,Guagua,Pampanga,Region III (Central Luzon),2,14.965294,120.624169,434,1,4,-51.6
1512,0506208028,Panganiban,Gubat,Sorsogon,Region V (Bicol Region),2,12.913911,124.119636,163,0,0,
1513,0201504020,Centro,Amulung,Cagayan,Region II (Cagayan Valley),2,17.8343,121.72431,224,20,80,-96.7
1514,0604530017,Tabao Proper,Valladolid,Negros Occidental,Region VI (Western Visayas),2,10.445052,122.826255,362,24,96,-96.4
1515,0301422007,Diliman I,San Rafael,Bulacan,Region III (Central Luzon),2,15.02595,120.949069,326,0,0,
1516,0201522010,Langagan,Sanchez-Mira,Cagayan,Region II (Cagayan Valley),2,18.553466,121.241429,193,60,240,-101.8
1517,0501716033,Santa Teresita,City of Iriga,Camarines Sur,Region V (Bicol Region),2,13.48404,123.424494,220,17,68,-86.3
1518,0403413011,Primera Pulo,Lumban,Laguna,Region IV-A (CALABARZON),2,14.303782,121.458563,210,2,8,-85.3
1519,0102820002,San Ildefonso,San Nicolas,Ilocos Norte,Region I (Ilocos Region),2,18.172798,120.594616,143,0,0,
1520,0701242012,Poblacion III,City of Tagbilaran,Bohol,Region VII (Central Visayas),2,9.638974,123.864244,383,0,0,
1521,0306905043,Santa Rita,Concepcion,Tarlac,Region III (Central Luzon),2,15.316536,120.660523,448,10,40,-92.7
1522,1600209018,Santa Ana,Nasipit,Agusan del Norte,Region XIII (Caraga),2,8.969863,125.33963,214,1,4,-69.9
1523,0402106073,San Manuel II,City of Dasmariñas,Cavite,Region IV-A (CALABARZON),2,14.282662,120.909188,240,1,4,-56.4
1524,1705205049,San Antonio,City of Calapan,Oriental Mindoro,MIMAROPA Region,2,13.426113,121.19557,274,6,24,-98.7
1525,0405811001,Ampid I,San Mateo,Rizal,Region IV-A (CALABARZON),2,14.677812,121.116756,2182,1,4,-68.3
1526,0403422007,Labuin,Pila,Laguna,Region IV-A (CALABARZON),2,14.245992,121.368321,574,0,0,
1527,0403403020,San Jose,City of Biñan,Laguna,Region IV-A (CALABARZON),2,14.345833,121.081739,658,0,0,
1528,0501736024,Vinagre,Tigaon,Camarines Sur,Region V (Bicol Region),2,13.628934,123.507765,217,2,8,-73.5
1529,0403403021,San Vicente,City of Biñan,Laguna,Region IV-A (CALABARZON),2,14.329604,121.077912,920,0,0,
1530,0402118044,Santol,Silang,Cavite,Region IV-A (CALABARZON),2,14.169419,120.953243,213,1,4,-75
1531,0405805014,San Andres,Cainta,Rizal,Region IV-A (CALABARZON),2,14.574142,121.110612,9617,1,4,-54.2
1532,0401006041,Santa Maria,Bauan,Batangas,Region IV-A (CALABARZON),2,13.782246,120.965148,410,5,20,-80.1
1533,1606724041,San Juan,City of Surigao,Surigao del Norte,Region XIII (Caraga),2,9.790904,125.484509,1282,53,212,-103.9
1534,0331400005,East Bajac-bajac,City of Olongapo,Zambales,Region III (Central Luzon),2,14.836692,120.289984,1600,0,0,
1535,0402101010,Luksuhin,Alfonso,Cavite,Region IV-A (CALABARZON),2,14.093428,120.880982,443,0,0,
1536,0501730029,Poblacion Ilaod,Ragay,Camarines Sur,Region V (Bicol Region),2,13.819178,122.790902,129,3,12,-82
1537,1130700135,Barangay 2-A,City of Davao,Davao del Sur,Region XI (Davao Region),2,7.063092,125.607644,269,0,0,
1538,0704601003,Jugno,Amlan,Negros Oriental,Region VII (Central Visayas),2,9.459603,123.200169,352,10,40,-97.4
1539,0500514027,Lanigay,Polangui,Albay,Region V (Bicol Region),2,13.314077,123.478888,322,8,32,-77.6
1540,0405804012,Ithan,Binangonan,Rizal,Region IV-A (CALABARZON),2,14.431714,121.214309,300,23,92,-92.3
1541,0304911003,Bacayao,Guimba,Nueva Ecija,Region III (Central Luzon),2,15.662537,120.75335,259,14,56,-88.3
1542,0205706014,Sangbay,Nagtipunan,Quirino,Region II (Cagayan Valley),2,16.25194,121.66549,142,44,176,-96.1
1543,0402109075,Medicion II-B,City of Imus,Cavite,Region IV-A (CALABARZON),2,14.388998,120.865618,142,0,0,
1544,0307114019,Pamatawan,Subic,Zambales,Region III (Central Luzon),2,14.924061,120.219173,408,24,96,-97.7
1545,0402121002,Poblacion II,Ternate,Cavite,Region IV-A (CALABARZON),2,14.286292,120.71757,186,0,0,
1546,0301423006,Catmon,Santa Maria,Bulacan,Region III (Central Luzon),2,14.828694,121.001365,1428,2,8,-66.9
1547,0405805017,San Roque,Cainta,Rizal,Region IV-A (CALABARZON),2,14.576316,121.117329,821,0,0,
1548,0105518018,Malued,City of Dagupan,Pangasinan,Region I (Ilocos Region),2,16.029101,120.33488,778,1,4,-50.2
1549,0403414005,Nanguma,Mabitac,Laguna,Region IV-A (CALABARZON),2,14.444987,121.421433,250,2,8,-57.7
1550,0501612014,Barangay I,Vinzons,Camarines Norte,Region V (Bicol Region),2,14.175707,122.909025,160,8,32,-80.9
1551,0501727005,Caranan,Pasacao,Camarines Sur,Region V (Bicol Region),2,13.524045,123.014827,746,57,228,-101.2
1552,0402120020,Punta I,Tanza,Cavite,Region IV-A (CALABARZON),2,14.376443,120.849208,1895,1,4,-54.2
1553,0600407010,Mabilo,Kalibo,Aklan,Region VI (Western Visayas),2,11.706124,122.364448,204,0,0,
1554,1004320002,Linangkayan,Naawan,Misamis Oriental,Region X (Northern Mindanao),2,8.411537,124.291796,240,11,44,-95.4
1555,0105524014,Banawang,Malasiqui,Pangasinan,Region I (Ilocos Region),2,15.912859,120.426089,270,1,4,-53.5
1556,0304908010,San Lorenzo,City of Gapan,Nueva Ecija,Region III (Central Luzon),2,15.312456,120.953845,554,0,0,
1557,0603018013,Cali,Dumangas,Iloilo,Region VI (Western Visayas),2,10.831072,122.711189,161,0,0,
1558,0306906018,Magaspac,Gerona,Tarlac,Region III (Central Luzon),2,15.615363,120.59787,393,3,12,-72.2
1559,0301404009,Bunlo,Bocaue,Bulacan,Region III (Central Luzon),2,14.78817,120.932024,360,0,0,
1560,0500517037,San Carlos,City of Tabaco,Albay,Region V (Bicol Region),2,13.375743,123.718919,309,7,28,-94.8
1561,1401111012,Tabio,Mankayan,Benguet,Cordillera Administrative Region (CAR),2,16.85757,120.81389,314,15,60,-89.3
1562,0402103056,P.F. Espiritu V,City of Bacoor,Cavite,Region IV-A (CALABARZON),2,14.390283,120.974716,524,1,4,-48.2
1563,0403428015,Kanluran,City of Santa Rosa,Laguna,Region IV-A (CALABARZON),2,14.295672,121.095902,422,0,0,
1564,0702218011,Magay,Compostela,Cebu,Region VII (Central Visayas),2,10.471592,124.018787,306,11,44,-92.7
1565,1404402015,Monamon Sur,Bauko,Mountain Province,Cordillera Administrative Region (CAR),2,16.881361,120.88376,298,23,92,-94
1566,0701219011,Totolan,Dauis,Bohol,Region VII (Central Visayas),2,9.633848,123.851858,601,1,4,-54.3
1567,0501736015,Poblacion,Tigaon,Camarines Sur,Region V (Bicol Region),2,13.633234,123.495876,219,1,4,-54.3
1568,0330100010,Lourdes North West,City of Angeles,Pampanga,Region III (Central Luzon),2,15.145377,120.584709,875,0,0,
1569,0330100001,Agapito del Rosario,City of Angeles,Pampanga,Region III (Central Luzon),2,15.148784,120.591648,222,0,0,
1570,0702243002,Argawanon,San Remigio,Cebu,Region VII (Central Visayas),2,11.0703,123.957299,382,2,8,-60.7
1571,0500508015,Bonga,City of Ligao,Albay,Region V (Bicol Region),2,13.227396,123.547137,276,2,8,-78.1
1572,0600414021,Union,Nabas,Aklan,Region VI (Western Visayas),2,11.933028,121.955795,288,13,52,-87.8
1573,0403425022,Narra,City of San Pedro,Laguna,Region IV-A (CALABARZON),2,14.341704,121.029726,229,0,0,
1574,0908302029,Datu Panas,Buug,Zamboanga Sibugay,Region IX (Zamboanga Peninsula),2,7.729381,123.05088,158,46,184,-102.1
1575,0402106037,San Nicolas I,City of Dasmariñas,Cavite,Region IV-A (CALABARZON),2,14.31507,120.96845,192,0,0,
1576,0305409008,Dau,Mabalacat City,Pampanga,Region III (Central Luzon),2,15.18196,120.585443,4964,2,8,-63.6
1577,0301421020,Camias,San Miguel,Bulacan,Region III (Central Luzon),2,15.163577,120.973085,766,6,24,-82.5
1578,0203113025,Upi,Gamu,Isabela,Region II (Cagayan Valley),2,17.06933,121.85969,422,9,36,-80.7
1579,0405647003,Angeles Zone I,City of Tayabas,Quezon,Region IV-A (CALABARZON),2,14.02231,121.595921,141,5,20,-79.5
1580,1004319011,North Poblacion,Medina,Misamis Oriental,Region X (Northern Mindanao),2,8.913649,125.014228,448,34,136,-97.7
1581,0105538015,Maticmatic,Santa Barbara,Pangasinan,Region I (Ilocos Region),2,15.987055,120.450662,430,3,12,-76.7
1582,0702233013,Tomonoy,Moalboal,Cebu,Region VII (Central Visayas),2,9.930471,123.400536,213,13,52,-90.6
1583,0307109004,West Dirita,San Antonio,Zambales,Region III (Central Luzon),2,14.961108,120.074536,318,8,32,-91.8
1584,1004311002,Bobontugan,Jasaan,Misamis Oriental,Region X (Northern Mindanao),2,8.657116,124.74643,544,31,124,-99
1585,0105512015,Poblacion,Binalonan,Pangasinan,Region I (Ilocos Region),2,16.05294,120.589157,618,0,0,
1586,0402107011,Tabora,General Emilio Aguinaldo,Cavite,Region IV-A (CALABARZON),2,14.188621,120.792063,188,4,16,-74.9
1587,0504111021,Malinta,City of Masbate,Masbate,Region V (Bicol Region),2,12.375704,123.628695,341,31,124,-100.9
1588,0401019016,Bucana,Nasugbu,Batangas,Region IV-A (CALABARZON),2,14.065063,120.62627,388,22,88,-97.2
1589,1004317016,Poblacion,Magsaysay,Misamis Oriental,Region X (Northern Mindanao),2,9.021345,125.181744,132,57,228,-102.4
1590,0403425017,Santo Niño,City of San Pedro,Laguna,Region IV-A (CALABARZON),2,14.367814,121.059302,388,2,8,-86.1
1591,0307109005,East Dirita,San Antonio,Zambales,Region III (Central Luzon),2,14.96898,120.088747,319,6,24,-82
1592,0401015026,Poblacion,Lobo,Batangas,Region IV-A (CALABARZON),2,13.647905,121.208984,228,48,192,-100.1
1593,0305410015,San Roque,Macabebe,Pampanga,Region III (Central Luzon),2,14.908008,120.715892,328,2,8,-69.8
1594,0405638008,Maragondon,Real,Quezon,Region IV-A (CALABARZON),2,14.533625,121.574613,157,32,128,-90.9
1595,0730600067,San Jose,City of Cebu,Cebu,Region VII (Central Visayas),2,10.379845,123.913531,754,2,8,-78.6
1596,1705307012,Salvacion,Busuanga,Palawan,MIMAROPA Region,2,12.132794,119.931138,312,178,712,-104.8
1597,0405811010,Santa Ana,San Mateo,Rizal,Region IV-A (CALABARZON),2,14.696335,121.115968,866,3,12,-76.9
1598,0304903033,Dionisio S. Garcia,City of Cabanatuan,Nueva Ecija,Region III (Central Luzon),2,15.47224,120.96088,692,0,0,
1599,0908305006,Don Andres,Ipil,Zamboanga Sibugay,Region IX (Zamboanga Peninsula),2,7.771021,122.581363,501,0,0,
1600,0402104008,Lantic,Carmona,Cavite,Region IV-A (CALABARZON),2,14.297643,121.049992,2296,1,4,-48
1601,0600403015,Mangan,Banga,Aklan,Region VI (Western Visayas),2,11.62927,122.3444,142,0,0,
1602,0401017005,Luta Del Norte,Malvar,Batangas,Region IV-A (CALABARZON),2,14.038777,121.158025,377,1,4,-68.1
1603,0401014069,Santo Toribio,City of Lipa,Batangas,Region IV-A (CALABARZON),2,13.904611,121.221571,309,0,0,
1604,0731300024,Tawason,City of Mandaue,Cebu,Region VII (Central Visayas),2,10.378396,123.927155,599,0,0,
1605,0701205013,San Roque,Baclayon,Bohol,Region VII (Central Visayas),2,9.618203,123.91084,132,1,4,-64.3
1606,0403422008,Linga,Pila,Laguna,Region IV-A (CALABARZON),2,14.255079,121.360037,357,1,4,-67.6
1607,0403406013,Kanluran,Calauan,Laguna,Region IV-A (CALABARZON),2,14.147012,121.313599,140,0,0,
1608,0731100015,Mactan,City of Lapu-Lapu,Cebu,Region VII (Central Visayas),2,10.310332,124.00952,4370,44,176,-100.4
1609,0704610001,Bagacay,City of Dumaguete,Negros Oriental,Region VII (Central Visayas),2,9.3021,123.293162,788,0,0,
1610,0201525012,Villa,Santa Teresita,Cagayan,Region II (Cagayan Valley),2,18.247642,121.917028,175,63,252,-102
1611,0402113024,Garita I B,Maragondon,Cavite,Region IV-A (CALABARZON),2,14.276847,120.734058,146,0,0,
1612,0401022031,Taysan,San Jose,Batangas,Region IV-A (CALABARZON),2,13.883501,121.099648,268,0,0,
1613,0702232015,Tulay,Minglanilla,Cebu,Region VII (Central Visayas),2,10.239071,123.792724,955,3,12,-75.4
1614,0403428008,Labas,City of Santa Rosa,Laguna,Region IV-A (CALABARZON),2,14.306393,121.11126,2121,0,0,
1615,0601914014,Poblacion VII,City of Roxas,Capiz,Region VI (Western Visayas),2,11.582532,122.747142,173,1,4,-58.8
1616,0401014056,San Benito,City of Lipa,Batangas,Region IV-A (CALABARZON),2,13.930708,121.218048,387,7,28,-81.2
1617,0402123027,Tiniente Tiago,Gen. Mariano Alvarez,Cavite,Region IV-A (CALABARZON),2,14.326918,120.994915,289,0,0,
1618,0402118057,Hoyo,Silang,Cavite,Region IV-A (CALABARZON),2,14.195642,121.006295,225,1,4,-62
1619,0304916017,Namulandayan,Lupao,Nueva Ecija,Region III (Central Luzon),2,15.882426,120.904947,192,6,24,-78.7
1620,0803708092,Poblacion Zone 1,City of Baybay,Leyte,Region VIII (Eastern Visayas),2,10.668096,124.793134,253,25,100,-99.3
1621,0730600008,Basak San Nicolas,City of Cebu,Cebu,Region VII (Central Visayas),2,10.286004,123.870694,3657,0,0,
1622,0730600036,Camputhaw,City of Cebu,Cebu,Region VII (Central Visayas),2,10.31899,123.89693,1658,1,4,-69.7
1623,1600206006,Poblacion,Kitcharao,Agusan del Norte,Region XIII (Caraga),2,9.454599,125.5794,181,6,24,-94.2
1624,0330100023,San Jose,City of Angeles,Pampanga,Region III (Central Luzon),2,15.143571,120.586566,626,0,0,
1625,0402103013,Mambog I,City of Bacoor,Cavite,Region IV-A (CALABARZON),2,14.441596,120.957193,1145,1,4,-50.4
1626,0401014040,Poblacion Barangay 1,City of Lipa,Batangas,Region IV-A (CALABARZON),2,13.942152,121.156818,301,0,0,
1627,0603009004,Batad Viejo,Batad,Iloilo,Region VI (Western Visayas),2,11.419,123.111,95,0,0,
1628,0300803016,San Jose,City of Balanga,Bataan,Region III (Central Luzon),2,14.675246,120.538478,585,0,0,
1629,0205004012,Homestead,Bambang,Nueva Vizcaya,Region II (Cagayan Valley),2,16.376749,121.093763,348,12,48,-92.3
1630,0501724029,Santa Cruz,City of Naga,Camarines Sur,Region V (Bicol Region),2,13.626276,123.181992,508,0,0,
1631,0603031021,Tolarucan,Mina,Iloilo,Region VI (Western Visayas),2,10.93327,122.567429,156,1,4,-69.9
1632,1401110004,Bahong,La Trinidad,Benguet,Cordillera Administrative Region (CAR),2,16.46815,120.607713,528,2,8,-70.2
1633,1001320021,Barangay 3,Talakag,Bukidnon,Region X (Northern Mindanao),2,8.234746,124.600241,130,36,144,-96.9
1634,0402103018,P.F. Espiritu I,City of Bacoor,Cavite,Region IV-A (CALABARZON),2,14.426845,120.950984,400,0,0,
1635,0803738073,Naungan,Ormoc City,Leyte,Region VIII (Eastern Visayas),2,11.012501,124.578635,319,3,12,-70.2
1636,1600211007,Poblacion 2,Tubay,Agusan del Norte,Region XIII (Caraga),2,9.157085,125.546972,250,16,64,-95.7
1637,0403408020,Tunhac,Famy,Laguna,Region IV-A (CALABARZON),2,14.438743,121.449917,195,0,0,
1638,0702215001,Baring,Carmen,Cebu,Region VII (Central Visayas),2,10.587497,124.014573,452,13,52,-99.3
1639,0301411016,Tabing Ilog,Marilao,Bulacan,Region III (Central Luzon),2,14.764857,120.948871,722,0,0,
1640,0500518014,Libtong,Tiwi,Albay,Region V (Bicol Region),2,13.453022,123.670759,167,1,4,-76.5
1641,0330100028,Sto. Domingo,City of Angeles,Pampanga,Region III (Central Luzon),2,15.137885,120.594427,1625,0,0,
1642,0401004010,Sala,Balete,Batangas,Region IV-A (CALABARZON),2,14.018877,121.099841,149,1,4,-61.8
1643,0304924009,Poblacion,San Antonio,Nueva Ecija,Region III (Central Luzon),2,15.306722,120.85536,184,2,8,-71.9
1644,0600407006,Buswang Old,Kalibo,Aklan,Region VI (Western Visayas),2,11.706794,122.364467,292,0,0,
1645,0403419011,Pinagsanjan,Pagsanjan,Laguna,Region IV-A (CALABARZON),2,14.267055,121.457669,512,1,4,-41.2
1646,0301405002,Balubad,Bulacan,Bulacan,Region III (Central Luzon),2,14.80156,120.8753,335,0,0,
1647,0301412011,Lawa,City of Meycauayan,Bulacan,Region III (Central Luzon),2,14.734847,120.9778,1397,3,12,-74.2
1648,0301420039,Minuyan IV,City of San Jose Del Monte,Bulacan,Region III (Central Luzon),2,14.84742,121.074476,427,0,0,
1649,1430300003,Atok Trail,City of Baguio,Benguet,Cordillera Administrative Region (CAR),2,16.403296,120.597684,154,0,0,
1650,0702221009,Lanao,Daanbantayan,Cebu,Region VII (Central Visayas),2,11.245954,124.02774,344,70,280,-104
1651,1705211008,Santo Niño,Puerto Galera,Oriental Mindoro,MIMAROPA Region,2,13.502993,120.94769,211,12,48,-94.5
1652,0403424071,Santa Maria Magdalena,City of San Pablo,Laguna,Region IV-A (CALABARZON),2,14.094789,121.307294,277,0,0,
1653,0402107007,Kaypaaba,General Emilio Aguinaldo,Cavite,Region IV-A (CALABARZON),2,14.183621,120.789301,195,1,4,-73.3
1654,0305403013,Mangga-Cacutud,Arayat,Pampanga,Region III (Central Luzon),2,15.147053,120.762848,875,5,20,-81.9
1655,0405623004,Ayuti,Lucban,Quezon,Region IV-A (CALABARZON),2,14.116914,121.548662,807,4,16,-77.4
1656,0402109056,Maharlika,City of Imus,Cavite,Region IV-A (CALABARZON),2,14.396649,120.959322,537,0,0,
1657,0403405019,Lawa,City of Calamba,Laguna,Region IV-A (CALABARZON),2,14.206953,121.145267,1220,1,4,-53.4
1658,0201505002,Bangag,Aparri,Cagayan,Region II (Cagayan Valley),2,18.298199,121.55904,145,25,100,-88.6
1659,0730600021,Carreta,City of Cebu,Cebu,Region VII (Central Visayas),2,10.307533,123.908767,1070,0,0,
1660,0405802013,Dalig,City of Antipolo,Rizal,Region IV-A (CALABARZON),2,14.560952,121.189738,4675,3,12,-71.3
1661,0305403017,Plazang Luma,Arayat,Pampanga,Region III (Central Luzon),2,15.151035,120.767152,427,0,0,
1662,0704624006,Macapso,Vallehermoso,Negros Oriental,Region VII (Central Visayas),2,10.37996,123.332195,124,39,156,-96.7
1663,0304911049,Saint John District,Guimba,Nueva Ecija,Region III (Central Luzon),2,15.660046,120.771638,166,0,0,
1664,0702251029,Poog,City of Toledo,Cebu,Region VII (Central Visayas),2,10.321909,123.685621,572,2,8,-69.6
1665,0702245006,Looc,Santander,Cebu,Region VII (Central Visayas),2,9.419454,123.321644,177,3,12,-82.6
1666,0631000115,Navais,City of Iloilo,Iloilo,Region VI (Western Visayas),2,10.704268,122.533031,335,2,8,-77
1667,0600613020,Madrangca,San Jose,Antique,Region VI (Western Visayas),2,10.771334,121.947104,237,13,52,-97.8
1668,0103320001,Amallapay,Tubao,La Union,Region I (Ilocos Region),2,16.327825,120.408664,165,5,20,-77
1669,0203124022,Bugallon Proper,Ramon,Isabela,Region II (Cagayan Valley),2,16.781194,121.533125,600,14,56,-86.5
1670,0402116009,Santa Rosa I,Noveleta,Cavite,Region IV-A (CALABARZON),2,14.428063,120.893026,458,0,0,
1671,1108204002,Anislagan,Maco,Davao de Oro,Region XI (Davao Region),2,7.34583,125.859575,226,2,8,-77.1
1672,0300810024,Santo Domingo,Orion,Bataan,Region III (Central Luzon),2,14.633767,120.572885,382,4,16,-98
1673,0403411010,Mayondon,Los Baños,Laguna,Region IV-A (CALABARZON),2,14.188161,121.23828,1775,2,8,-69
1674,0405638004,Kiloloran,Real,Quezon,Region IV-A (CALABARZON),2,14.642183,121.606505,176,78,312,-99.4
1675,0600407001,Andagaw,Kalibo,Aklan,Region VI (Western Visayas),2,11.7041,122.377,1221,6,24,-100.4
1676,0803738081,San Antonio,Ormoc City,Leyte,Region VIII (Eastern Visayas),2,10.964322,124.644728,156,5,20,-84.1
1677,0301420014,Santa Cruz I,City of San Jose Del Monte,Bulacan,Region III (Central Luzon),2,14.811285,121.062656,435,0,0,
1678,0704603017,South Poblacion,Bacong,Negros Oriental,Region VII (Central Visayas),2,9.251502,123.288197,123,0,0,
1679,0401013003,Balibago,Lian,Batangas,Region IV-A (CALABARZON),2,13.937209,120.631448,312,1,4,-58.7
1680,0501603015,Lag-On,Daet,Camarines Norte,Region V (Bicol Region),2,14.118212,122.942114,451,0,0,
1681,0305416034,Santo Niño,City of San Fernando,Pampanga,Region III (Central Luzon),2,15.02979,120.680869,892,0,0,
1682,0501603005,Borabod,Daet,Camarines Norte,Region V (Bicol Region),2,14.126594,122.964438,306,13,52,-100.8
1683,0304932005,Del Pilar,Zaragoza,Nueva Ecija,Region III (Central Luzon),2,15.435526,120.801075,350,13,52,-88.5
1684,0403417007,Bambang,Nagcarlan,Laguna,Region IV-A (CALABARZON),2,14.134214,121.405705,217,2,8,-72
1685,0730600044,Luz,City of Cebu,Cebu,Region VII (Central Visayas),2,10.32428,123.90721,1518,0,0,
1686,1731500048,San Pedro,City of Puerto Princesa,Palawan,MIMAROPA Region,2,9.763462,118.73465,2164,16,64,-96.8
1687,0105518017,Lucao,City of Dagupan,Pangasinan,Region I (Ilocos Region),2,16.0138,120.323056,853,1,4,-74.3
1688,0300809021,Tapulao,Orani,Bataan,Region III (Central Luzon),2,14.813101,120.519797,429,2,8,-73.3
1689,1204704039,Sudapin,City of Kidapawan,Cotabato,Region XII (SOCCSKSARGEN),2,7.019021,125.093533,734,16,64,-101.5
1690,0504113020,Poblacion Dist. II,Mobo,Masbate,Region V (Bicol Region),2,12.338602,123.658045,151,2,8,-84.9
1691,0105519007,Macalang,Dasol,Pangasinan,Region I (Ilocos Region),2,15.989722,119.880562,163,14,56,-100.1
1692,0405804023,Mahabang Parang,Binangonan,Rizal,Region IV-A (CALABARZON),2,14.468428,121.207793,882,1,4,-65.7
1693,0403424049,San Gregorio,City of San Pablo,Laguna,Region IV-A (CALABARZON),2,14.049353,121.329386,869,3,12,-66.1
1694,0304917029,Poblacion West,Science City of Muñoz,Nueva Ecija,Region III (Central Luzon),2,15.723036,120.896171,303,0,0,
1695,0403428011,Malusak,City of Santa Rosa,Laguna,Region IV-A (CALABARZON),2,14.314171,121.112577,290,0,0,
1696,0403417038,Palina,Nagcarlan,Laguna,Region IV-A (CALABARZON),2,14.107463,121.395737,153,1,4,-57.1
1697,0301412008,Hulo,City of Meycauayan,Bulacan,Region III (Central Luzon),2,14.742475,120.970754,240,0,0,
1698,0401028011,San Isidro Norte,City of Sto. Tomas,Batangas,Region IV-A (CALABARZON),2,13.894621,121.057652,206,0,0,
1699,0306917025,San Vicente,Victoria,Tarlac,Region III (Central Luzon),2,15.572105,120.677559,176,0,0,
1700,0301420027,Francisco Homes-Guijo,City of San Jose Del Monte,Bulacan,Region III (Central Luzon),2,14.81437,121.061667,625,0,0,
1701,0301405005,Maysantol,Bulacan,Bulacan,Region III (Central Luzon),2,14.786668,120.883497,265,0,0,
1702,0304906023,District VI,Cuyapo,Nueva Ecija,Region III (Central Luzon),2,15.779217,120.662098,166,6,24,-89.8
1703,0704604032,Talungon,City of Bais,Negros Oriental,Region VII (Central Visayas),2,9.600787,123.119478,305,7,28,-84
1704,0501737040,Sogod,Tinambac,Camarines Sur,Region V (Bicol Region),2,13.826006,123.323087,280,44,176,-101.2
1705,0301419028,San Juan,San Ildefonso,Bulacan,Region III (Central Luzon),2,15.083328,120.939305,447,1,4,-87.7
1706,0506213005,Bayasong,Pilar,Sorsogon,Region V (Bicol Region),2,12.987615,123.683368,133,29,116,-89.5
1707,0402106030,San Isidro Labrador I,City of Dasmariñas,Cavite,Region IV-A (CALABARZON),2,14.340722,120.950604,449,0,0,
1708,0702223009,Cambanay,Danao City,Cebu,Region VII (Central Visayas),2,10.538836,124.011534,349,5,20,-83.9
1709,0702220006,Dapitan,Cordova,Cebu,Region VII (Central Visayas),2,10.251911,123.954911,273,11,44,-102.1
1710,0500506008,Bgy. 12 - Tula-tula,City of Legazpi,Albay,Region V (Bicol Region),2,13.132574,123.742566,171,1,4,-55.2
1711,0603043036,Gen. Martin T. Delgado,Santa Barbara,Iloilo,Region VI (Western Visayas),2,10.832105,122.532374,153,16,64,-97.6
1712,0402106033,San Luis I,City of Dasmariñas,Cavite,Region IV-A (CALABARZON),2,14.333627,120.977199,368,1,4,-46
1713,0307111007,Laoag,San Marcelino,Zambales,Region III (Central Luzon),2,14.976874,120.168088,266,24,96,-98.4
1714,0105530007,Batakil,Pozorrubio,Pangasinan,Region I (Ilocos Region),2,16.110673,120.532934,231,1,4,-77.3
1715,0402106021,Emmanuel Bergado I,City of Dasmariñas,Cavite,Region IV-A (CALABARZON),2,14.3113,120.972146,743,0,0,
1716,1004314011,Tubajon,Laguindingan,Misamis Oriental,Region X (Northern Mindanao),2,8.58428,124.434759,244,1,4,-53.3
1717,0501612018,Santo Domingo,Vinzons,Camarines Norte,Region V (Bicol Region),2,14.153423,122.898667,335,9,36,-83.6
1718,0306914012,San Miguel,San Manuel,Tarlac,Region III (Central Luzon),2,15.804408,120.607213,196,3,12,-80.1
1719,0305416024,San Agustin,City of San Fernando,Pampanga,Region III (Central Luzon),2,15.041843,120.669298,1793,0,0,
1720,0105538021,Poblacion Norte,Santa Barbara,Pangasinan,Region I (Ilocos Region),2,16.000694,120.402092,393,1,4,-71.4
1721,0402118011,Bulihan,Silang,Cavite,Region IV-A (CALABARZON),2,14.280155,120.996164,2321,1,4,-43.5
1722,0501723006,Inapatan,Nabua,Camarines Sur,Region V (Bicol Region),2,13.399071,123.318342,210,8,32,-89
1723,1030500047,Dansolihon,City of Cagayan De Oro,Misamis Oriental,Region X (Northern Mindanao),2,8.306522,124.57908,526,41,164,-96.1
1724,0401030004,Banga,Talisay,Batangas,Region IV-A (CALABARZON),2,14.092708,121.011926,415,4,16,-86.6
1725,0330100021,Pulung Cacutud,City of Angeles,Pampanga,Region III (Central Luzon),2,15.17093,120.61524,2209,1,4,-70.2
1726,0105526004,Banaoang,Mangaldan,Pangasinan,Region I (Ilocos Region),2,16.060255,120.409198,492,0,0,
1727,0307103007,Malabon,Candelaria,Zambales,Region III (Central Luzon),2,15.638508,119.934902,263,2,8,-89.5
1728,0405801001,Bagumbayan,Angono,Rizal,Region IV-A (CALABARZON),2,14.532207,121.164425,222,0,0,
1729,0330100007,Cutcut,City of Angeles,Pampanga,Region III (Central Luzon),2,15.139169,120.567152,2463,1,4,-74.8
1730,0403405035,Palo-Alto,City of Calamba,Laguna,Region IV-A (CALABARZON),2,14.184291,121.10731,1881,0,0,
1731,0307106005,Inhobol,Masinloc,Zambales,Region III (Central Luzon),2,15.528882,119.960279,811,31,124,-97.2
1732,0401003017,Caloocan,Balayan,Batangas,Region IV-A (CALABARZON),2,13.952706,120.723892,539,0,0,
1733,0401005052,Pinamucan,Batangas City,Batangas,Region IV-A (CALABARZON),2,13.697866,121.054127,368,15,60,-93.8
1734,0500506035,Bgy. 37 - Bitano,City of Legazpi,Albay,Region V (Bicol Region),2,13.149248,123.744789,573,0,0,
1735,0105543012,Magallanes,Tayug,Pangasinan,Region I (Ilocos Region),2,16.018683,120.738854,294,1,4,-59.1
1736,0330100011,Lourdes Sur,City of Angeles,Pampanga,Region III (Central Luzon),2,15.152981,120.581684,424,0,0,
1737,0702243021,Punta,San Remigio,Cebu,Region VII (Central Visayas),2,11.098484,123.93532,264,24,96,-99.6
1738,0402109031,Anabu I-D,City of Imus,Cavite,Region IV-A (CALABARZON),2,14.377572,120.937102,356,0,0,
1739,0702247004,Bawo,Sogod,Cebu,Region VII (Central Visayas),2,10.740634,124.008728,228,4,16,-88.4
1740,0401026029,Santo Niño,San Pascual,Batangas,Region IV-A (CALABARZON),2,13.799382,121.021246,289,1,4,-88.4
1741,0301407028,Sapang Bayan,Calumpit,Bulacan,Region III (Central Luzon),2,14.891324,120.758783,281,1,4,-49
1742,0403410028,Maslun,Liliw,Laguna,Region IV-A (CALABARZON),2,14.152651,121.455879,277,2,8,-65.4
1743,0305409007,Dapdap,Mabalacat City,Pampanga,Region III (Central Luzon),2,15.221428,120.609995,3318,0,0,
1744,0702220012,Poblacion,Cordova,Cebu,Region VII (Central Visayas),2,10.254117,123.949972,820,0,0,
1745,0304903031,Dicarma,City of Cabanatuan,Nueva Ecija,Region III (Central Luzon),2,15.484295,120.971334,406,0,0,
1746,0803722019,San Roque,Isabel,Leyte,Region VIII (Eastern Visayas),2,10.924311,124.43982,120,9,36,-88.2
1747,1102404008,Hagonoy Crossing,Hagonoy,Davao del Sur,Region XI (Davao Region),2,6.685443,125.313044,316,3,12,-73.5
1748,0731300014,Jagobiao,City of Mandaue,Cebu,Region VII (Central Visayas),2,10.364659,123.956085,1041,1,4,-53.4
1749,0603044006,Apologista,Sara,Iloilo,Region VI (Western Visayas),2,11.261696,123.005481,235,0,0,
1750,0405625007,Luctob,Macalelon,Quezon,Region IV-A (CALABARZON),2,13.747326,122.132292,150,27,108,-98.7
1751,1130700021,Buhangin,City of Davao,Davao del Sur,Region XI (Davao Region),2,7.113138,125.63124,6199,1,4,-49.7
1752,1004324001,Baluarte,Tagoloan,Misamis Oriental,Region X (Northern Mindanao),2,8.543117,124.742312,862,10,40,-85.4
1753,0301406011,San Pedro,Bustos,Bulacan,Region III (Central Luzon),2,14.949101,120.908278,727,1,4,-50.6
1754,0401005053,Pinamucan Ibaba,Batangas City,Batangas,Region IV-A (CALABARZON),2,13.687504,121.062289,156,17,68,-91.1
1755,0402103038,Mabolo III,City of Bacoor,Cavite,Region IV-A (CALABARZON),2,14.413205,120.938735,217,0,0,
1756,0305413026,San Antonio,Mexico,Pampanga,Region III (Central Luzon),2,15.06359,120.724122,458,1,4,-73.2
1757,0403405041,Barangay 4,City of Calamba,Laguna,Region IV-A (CALABARZON),2,14.1847,121.130301,329,0,0,
1758,0731300013,Ibabao-Estancia,City of Mandaue,Cebu,Region VII (Central Visayas),2,10.335268,123.943598,600,1,4,-56.6
1759,0306902007,Lourdes,Bamban,Tarlac,Region III (Central Luzon),2,15.279647,120.52603,535,4,16,-79.6
1760,0601902019,Poblacion Ilaya,Dao,Capiz,Region VI (Western Visayas),2,11.390556,122.681667,158,4,16,-73.6
1761,0306917019,San Fernando,Victoria,Tarlac,Region III (Central Luzon),2,15.567907,120.687543,267,8,32,-85.9
1762,0731300020,Pakna-an,City of Mandaue,Cebu,Region VII (Central Visayas),2,10.345007,123.958451,2620,1,4,-46.5
1763,0330100006,Cuayan,City of Angeles,Pampanga,Region III (Central Luzon),2,15.147618,120.548683,1310,7,28,-83.8
1764,0301410053,Sumapang Matanda,City of Malolos,Bulacan,Region III (Central Luzon),2,14.857047,120.827771,781,1,4,-49.7
1765,0300810021,Sabatan,Orion,Bataan,Region III (Central Luzon),2,14.614147,120.568627,328,1,4,-65.2
1766,0504111024,Nursery,City of Masbate,Masbate,Region V (Bicol Region),2,12.363925,123.627599,928,0,0,
1767,0301412014,Longos,City of Meycauayan,Bulacan,Region III (Central Luzon),2,14.737104,120.948084,260,1,4,-62.2
1768,0203123014,Santa Lucia,Quirino,Isabela,Region II (Cagayan Valley),2,17.134893,121.737136,146,30,120,-91.4
1769,0702214001,Bolinawan,City of Carcar,Cebu,Region VII (Central Visayas),2,10.089592,123.633114,1090,11,44,-86.3
1770,0201505029,Macanaya,Aparri,Cagayan,Region II (Cagayan Valley),2,18.350581,121.639627,439,3,12,-78.2
1771,1400108005,Canan,La Paz,Abra,Cordillera Administrative Region (CAR),2,17.662032,120.66889,119,37,148,-96.6
1772,0702232007,Linao,Minglanilla,Cebu,Region VII (Central Visayas),2,10.254955,123.8103,1303,1,4,-49.3
1773,0702241016,San Isidro,San Fernando,Cebu,Region VII (Central Visayas),2,10.172491,123.714927,366,3,12,-76.3
1774,0301422009,Capihan,San Rafael,Bulacan,Region III (Central Luzon),2,14.99752,120.93044,549,0,0,
1775,0501736009,Gubat,Tigaon,Camarines Sur,Region V (Bicol Region),2,13.632371,123.481786,256,2,8,-64.7
1776,1004326012,Poblacion 2,Villanueva,Misamis Oriental,Region X (Northern Mindanao),2,8.5843,124.771657,215,2,8,-68.8
1777,0105508010,Dacap Sur,Bani,Pangasinan,Region I (Ilocos Region),2,16.237127,119.806122,254,23,92,-94.2
1778,0405623001,Abang,Lucban,Quezon,Region IV-A (CALABARZON),2,14.1153,121.565029,181,1,4,-57.2
1779,0304928034,Santa Teresita,Santa Rosa,Nueva Ecija,Region III (Central Luzon),2,15.422205,120.952981,162,2,8,-76.2
1780,0201527019,Nangalisan,Solana,Cagayan,Region II (Cagayan Valley),2,17.648047,121.673402,228,10,40,-85.3
1781,0702223044,Tuburan Sur,Danao City,Cebu,Region VII (Central Visayas),2,10.513605,124.017069,644,1,4,-51.6
1782,0105518008,Bonuan Boquig,City of Dagupan,Pangasinan,Region I (Ilocos Region),2,16.077835,120.358255,1289,18,72,-96.9
1783,0702250022,Lawaan III,City of Talisay,Cebu,Region VII (Central Visayas),2,10.265078,123.828578,1164,1,4,-67.8
1784,1705211007,San Isidro,Puerto Galera,Oriental Mindoro,MIMAROPA Region,2,13.50389,120.917256,408,17,68,-96.4
1785,0105538026,Tebag West,Santa Barbara,Pangasinan,Region I (Ilocos Region),2,15.982105,120.459936,213,0,0,
1786,1108207003,Banlag,Monkayo,Davao de Oro,Region XI (Davao Region),2,7.826261,126.03413,396,57,228,-101.6
1787,0405622015,Bocboc,Lopez,Quezon,Region IV-A (CALABARZON),2,13.879066,122.261009,196,20,80,-102.4
1788,0304927013,San Roque,San Leonardo,Nueva Ecija,Region III (Central Luzon),2,15.326699,120.92541,308,1,4,-45.2
1789,0402106016,Zone I,City of Dasmariñas,Cavite,Region IV-A (CALABARZON),2,14.318983,120.966748,392,0,0,
1790,0402109033,Anabu I-F,City of Imus,Cavite,Region IV-A (CALABARZON),2,14.402815,120.96607,248,0,0,
1791,0402120010,Halayhay,Tanza,Cavite,Region IV-A (CALABARZON),2,14.372922,120.812676,616,4,16,-80.3
1792,0405809007,San Juan,Morong,Rizal,Region IV-A (CALABARZON),2,14.514183,121.246967,892,0,0,
1793,0304929026,Pulong Buli,Santo Domingo,Nueva Ecija,Region III (Central Luzon),2,15.594205,120.873058,207,0,0,
1794,0702250003,Cansojong,City of Talisay,Cebu,Region VII (Central Visayas),2,10.250299,123.854326,1402,0,0,
1795,1030500044,Carmen,City of Cagayan De Oro,Misamis Oriental,Region X (Northern Mindanao),2,8.468331,124.631411,6597,4,16,-86
1796,0103314022,Catbangen,City of San Fernando,La Union,Region I (Ilocos Region),2,16.612554,120.312426,784,37,148,-100.7
1797,0105525039,Poblacion,Manaoag,Pangasinan,Region I (Ilocos Region),2,16.04519,120.490846,460,3,12,-77.8
1798,0301418037,Tinejero,Pulilan,Bulacan,Region III (Central Luzon),2,14.912432,120.852651,372,1,4,-49.1
1799,0305406024,San Antonio,Floridablanca,Pampanga,Region III (Central Luzon),2,14.971973,120.526548,284,3,12,-75.5
1800,0301421009,Batasan Matanda,San Miguel,Bulacan,Region III (Central Luzon),2,15.17247,120.985999,305,0,0,
1801,0402109001,Alapan I-A,City of Imus,Cavite,Region IV-A (CALABARZON),2,14.400442,120.939359,1310,0,0,
1802,0304903073,San Juan Pob.,City of Cabanatuan,Nueva Ecija,Region III (Central Luzon),2,15.47175,120.958161,820,1,4,-48.2
1803,0105522018,Libsong West,Lingayen,Pangasinan,Region I (Ilocos Region),2,16.030006,120.240635,444,7,28,-88.2
1804,0304911062,Saranay District,Guimba,Nueva Ecija,Region III (Central Luzon),2,15.659199,120.77205,242,0,0,
1805,0500503035,Maroroy,Daraga,Albay,Region V (Bicol Region),2,13.15043,123.72397,398,0,0,
1806,1630400091,Obrero Pob.,City of Butuan,Agusan del Norte,Region XIII (Caraga),2,8.962778,125.537778,654,4,16,-74.3
1807,1630400027,Buhangin Pob.,City of Butuan,Agusan del Norte,Region XIII (Caraga),2,8.946499,125.549548,379,4,16,-78.4
1808,0506216035,Talisay,City of Sorsogon,Sorsogon,Region V (Bicol Region),2,12.968315,124.004149,202,4,16,-87.3
1809,0603005018,Poblacion Sur,Balasan,Iloilo,Region VI (Western Visayas),2,11.472076,123.088028,202,3,12,-84.6
1810,0402111009,Santa Isabel,Kawit,Cavite,Region IV-A (CALABARZON),2,14.438138,120.889054,483,0,0,
1811,0803715020,Jugaban,Carigara,Leyte,Region VIII (Eastern Visayas),2,11.29913,124.6947,149,3,12,-67.6
1812,1606807004,Baybay,Carrascal,Surigao del Sur,Region XIII (Caraga),2,9.368,125.94917,122,80,320,-103.5
1813,1705318031,Barangay IV,Roxas,Palawan,MIMAROPA Region,2,10.319872,119.333293,574,68,272,-104.2
1814,0405811005,Guitnang Bayan I,San Mateo,Rizal,Region IV-A (CALABARZON),2,14.695341,121.120946,2802,0,0,
1815,1001321004,Batangan,City of Valencia,Bukidnon,Region X (Northern Mindanao),2,7.9128,125.10135,1261,1,4,-65.8
1816,1004307016,Taytay,City of El Salvador,Misamis Oriental,Region X (Northern Mindanao),2,8.542419,124.540844,342,3,12,-78.8
1817,0803740050,Pinagdait Pob.,Palompon,Leyte,Region VIII (Eastern Visayas),2,11.048519,124.382917,137,19,76,-96.8
1818,0402109059,Malagasang I-D,City of Imus,Cavite,Region IV-A (CALABARZON),2,14.40409,120.882026,435,0,0,
1819,0401018004,District IV,Mataasnakahoy,Batangas,Region IV-A (CALABARZON),2,13.958292,121.115787,149,0,0,
1820,0301420011,Tungkong Mangga,City of San Jose Del Monte,Bulacan,Region III (Central Luzon),2,14.787546,121.071831,1462,1,4,-40.8
1821,0500516019,San Andres,Santo Domingo,Albay,Region V (Bicol Region),2,13.260216,123.77772,328,12,48,-92.1
1822,1408104020,Poblacion,Kabugao,Apayao,Cordillera Administrative Region (CAR),2,18.025596,121.183304,229,158,632,-103.9
1823,0731300016,Looc,City of Mandaue,Cebu,Region VII (Central Visayas),2,10.32322,123.952757,1492,0,0,
1824,1102319023,Magugpo East,City of Tagum,Davao del Norte,Region XI (Davao Region),2,7.449749,125.816705,1300,10,40,-93.5
1825,0305407029,Santa Ines,Guagua,Pampanga,Region III (Central Luzon),2,14.98039,120.64902,312,0,0,
1826,0301405010,San Jose,Bulacan,Bulacan,Region III (Central Luzon),2,14.790866,120.87355,320,8,32,-96.1
1827,0103313030,Tabtabungao,Rosario,La Union,Region I (Ilocos Region),2,16.224374,120.46664,265,13,52,-87
1828,0402116003,Salcedo I,Noveleta,Cavite,Region IV-A (CALABARZON),2,14.428454,120.876282,176,0,0,
1829,0305408029,San Roque Arbol,Lubao,Pampanga,Region III (Central Luzon),2,14.896549,120.545109,271,1,4,-64.2
1830,0103311010,Baraoas Sur,Naguilian,La Union,Region I (Ilocos Region),2,16.545046,120.389576,288,11,44,-84.1
1831,0102914024,Quinarayan,Narvacan,Ilocos Sur,Region I (Ilocos Region),2,17.444872,120.471675,220,52,208,-98.3
1832,1606724096,Canlanipa,City of Surigao,Surigao del Norte,Region XIII (Caraga),2,9.776213,125.495137,901,9,36,-95.9
1833,0301423015,Parada,Santa Maria,Bulacan,Region III (Central Luzon),2,14.810218,120.986536,844,2,8,-66.4
1834,0301407002,Balungao,Calumpit,Bulacan,Region III (Central Luzon),2,14.896537,120.763859,512,0,0,
1835,0300807016,Ipag,Mariveles,Bataan,Region III (Central Luzon),2,14.429846,120.478188,1001,53,212,-104.1
1836,0105522030,Rosario,Lingayen,Pangasinan,Region I (Ilocos Region),2,15.945278,120.266944,212,7,28,-79.7
1837,0701242014,Taloto,City of Tagbilaran,Bohol,Region VII (Central Visayas),2,9.675299,123.852834,485,5,20,-83.9
1838,0405603009,Caridad Ibaba,Atimonan,Quezon,Region IV-A (CALABARZON),2,14.006012,121.915893,489,33,132,-101.3
1839,1001321034,Tugaya,City of Valencia,Bukidnon,Region X (Northern Mindanao),2,7.895108,125.097692,235,4,16,-80.1
1840,0501707006,New Poblacion,Cabusao,Camarines Sur,Region V (Bicol Region),2,13.726513,123.113527,93,3,12,-66.8
1841,0105526016,Lanas,Mangaldan,Pangasinan,Region I (Ilocos Region),2,16.077504,120.386671,280,1,4,-48.6
1842,1600203018,La Union,City of Cabadbaran,Agusan del Norte,Region XIII (Caraga),2,9.116667,125.533333,565,2,8,-68.4
1843,0405802011,Bagong Nayon,City of Antipolo,Rizal,Region IV-A (CALABARZON),2,14.629665,121.167728,3917,4,16,-75.3
1844,0304932020,San Isidro,Zaragoza,Nueva Ecija,Region III (Central Luzon),2,15.448518,120.800529,573,2,8,-77.2
1845,0203120012,Palattao,Naguilian,Isabela,Region II (Cagayan Valley),2,17.00436,121.82588,214,8,32,-81.9
1846,1600302006,San Andres,Bunawan,Agusan del Sur,Region XIII (Caraga),2,8.202528,125.993887,340,37,148,-97.9
1847,0331400015,New Ilalim,City of Olongapo,Zambales,Region III (Central Luzon),2,14.83503,120.279307,129,1,4,-53.4
1848,0403428012,Market Area,City of Santa Rosa,Laguna,Region IV-A (CALABARZON),2,14.31508,121.11136,1596,0,0,
1849,1600206001,Bangayan,Kitcharao,Agusan del Norte,Region XIII (Caraga),2,9.360786,125.55284,129,16,64,-91.6
1850,0305416011,Juliana,City of San Fernando,Pampanga,Region III (Central Luzon),2,15.034624,120.690613,322,0,0,
1851,0300804040,Santa Isabel,Dinalupihan,Bataan,Region III (Central Luzon),2,14.859864,120.471413,235,1,4,-64.1
1852,0630200023,Barangay 27,City of Bacolod,Negros Occidental,Region VI (Western Visayas),2,10.67242,122.952266,150,1,4,-55.9
1853,0301419007,Basuit,San Ildefonso,Bulacan,Region III (Central Luzon),2,15.040865,120.989993,197,3,12,-67.2
1854,1600209005,Camagong,Nasipit,Agusan del Norte,Region XIII (Caraga),2,8.970162,125.336334,430,10,40,-85.8
1855,0304924003,Julo,San Antonio,Nueva Ecija,Region III (Central Luzon),2,15.304013,120.864363,475,1,4,-54.2
1856,0402105006,Barangay 13,City of Cavite,Cavite,Region IV-A (CALABARZON),2,14.473223,120.886658,154,12,48,-103.1
1857,0403426004,Calios,Santa Cruz,Laguna,Region IV-A (CALABARZON),2,14.274985,121.40293,1005,1,4,-89.7
1858,0401029006,Butong,Taal,Batangas,Region IV-A (CALABARZON),2,13.869067,120.915209,458,4,16,-86.3
1859,0304920009,Malbang,Pantabangan,Nueva Ecija,Region III (Central Luzon),2,15.805836,121.155303,262,34,136,-96.3
1860,1430300007,Balsigan,City of Baguio,Benguet,Cordillera Administrative Region (CAR),2,16.407494,120.587658,198,1,4,-55.6
1861,0631000004,Airport,City of Iloilo,Iloilo,Region VI (Western Visayas),2,10.717069,122.555473,359,0,0,
1862,0306916093,Ungot,City of Tarlac,Tarlac,Region III (Central Luzon),2,15.460511,120.613679,321,4,16,-80.1
1863,0330100032,Tabun,City of Angeles,Pampanga,Region III (Central Luzon),2,15.150867,120.615255,1188,0,0,
1864,0506216037,Tugos,City of Sorsogon,Sorsogon,Region V (Bicol Region),2,12.971261,123.988472,245,3,12,-74.8
1865,0500504043,San Francisco,Guinobatan,Albay,Region V (Bicol Region),2,13.189237,123.609474,234,0,0,
1866,0203115012,Dibuluan,Jones,Isabela,Region II (Cagayan Valley),2,16.519478,121.761097,202,65,260,-103
1867,0201507020,Santa Cruz,Ballesteros,Cagayan,Region II (Cagayan Valley),2,18.401231,121.52638,295,32,128,-94.9
1868,0601914004,Banica,City of Roxas,Capiz,Region VI (Western Visayas),2,11.582215,122.759392,733,3,12,-71.7
1869,0500503045,Salvacion,Daraga,Albay,Region V (Bicol Region),2,13.174865,123.680908,320,5,20,-82.1
1870,0803722013,Marvel,Isabel,Leyte,Region VIII (Eastern Visayas),2,10.936883,124.432153,328,34,136,-97.4
1871,0405811006,Guitnang Bayan II,San Mateo,Rizal,Region IV-A (CALABARZON),2,14.685021,121.127059,1568,1,4,-63.4
1872,0105533022,Sagud-Bahley,San Fabian,Pangasinan,Region I (Ilocos Region),2,16.119792,120.388788,366,10,40,-92.7
1873,0501724030,Tabuco,City of Naga,Camarines Sur,Region V (Bicol Region),2,13.61747,123.1838,302,1,4,-47.2
1874,0401014066,Sico,City of Lipa,Batangas,Region IV-A (CALABARZON),2,13.941673,121.129677,447,1,4,-54.3
1875,0506215003,Barangay Poblacion I,Santa Magdalena,Sorsogon,Region V (Bicol Region),2,12.644536,124.105061,83,11,44,-99.5
1876,1705110039,San Roque,San Jose,Occidental Mindoro,MIMAROPA Region,2,12.358611,121.056635,1275,43,172,-102.6
1877,0506215013,San Roque,Santa Magdalena,Sorsogon,Region V (Bicol Region),2,12.644922,124.102268,91,2,8,-78.2
1878,0401016022,Pulong Niogan,Mabini,Batangas,Region IV-A (CALABARZON),2,13.753927,120.942429,208,6,24,-81.6
1879,0731100006,Buaya,City of Lapu-Lapu,Cebu,Region VII (Central Visayas),2,10.318221,123.996713,1636,4,16,-78.6
1880,0304929033,San Pascual,Santo Domingo,Nueva Ecija,Region III (Central Luzon),2,15.590195,120.865184,280,5,20,-78
1881,0105524060,Pasima,Malasiqui,Pangasinan,Region I (Ilocos Region),2,15.925316,120.401199,229,1,4,-71.1
1882,0603018028,Pd Monfort North,Dumangas,Iloilo,Region VI (Western Visayas),2,10.84738,122.699548,366,5,20,-79.1
1883,0402106023,Luzviminda I,City of Dasmariñas,Cavite,Region IV-A (CALABARZON),2,14.327856,120.965568,331,0,0,
1884,0306903021,Cayaoan,Camiling,Tarlac,Region III (Central Luzon),2,15.69646,120.414908,182,0,0,
1885,0103307016,Dili,Bauang,La Union,Region I (Ilocos Region),2,16.528128,120.333954,182,2,8,-86.6
1886,0301415012,Mapulang Lupa,Pandi,Bulacan,Region III (Central Luzon),2,14.88028,120.965116,2709,0,0,
1887,1004319007,Maanas,Medina,Misamis Oriental,Region X (Northern Mindanao),2,8.891169,125.032247,342,17,68,-92.6
1888,0730600071,Sawang Calero,City of Cebu,Cebu,Region VII (Central Visayas),2,10.29068,123.890915,721,0,0,
1889,1206511010,New Isabela,City of Tacurong,Sultan Kudarat,Region XII (SOCCSKSARGEN),2,6.677479,124.67331,840,1,4,-60
1890,0403424064,San Roque,City of San Pablo,Laguna,Region IV-A (CALABARZON),2,14.070991,121.312323,330,1,4,-52.6
1891,0803750004,San Antonio,Tunga,Leyte,Region VIII (Eastern Visayas),2,11.246572,124.750276,69,12,48,-88.1
1892,0603017048,Poblacion A,Dueñas,Iloilo,Region VI (Western Visayas),2,11.066686,122.616905,113,14,56,-88.8
1893,0304903039,Isla,City of Cabanatuan,Nueva Ecija,Region III (Central Luzon),2,15.49256,120.959379,219,1,4,-64.4
1894,0203114082,San Isidro,City of Ilagan,Isabela,Region II (Cagayan Valley),2,17.1668,121.91569,127,11,44,-95.8
1895,0403428003,Caingin,City of Santa Rosa,Laguna,Region IV-A (CALABARZON),2,14.304657,121.125534,2440,2,8,-71.7
1896,0405814009,San Roque,Teresa,Rizal,Region IV-A (CALABARZON),2,14.567921,121.224813,277,5,20,-77.6
1897,0307110007,Manglicmot,San Felipe,Zambales,Region III (Central Luzon),2,15.055587,120.070951,144,12,48,-88.9
1898,0501724026,San Felipe,City of Naga,Camarines Sur,Region V (Bicol Region),2,13.640818,123.203952,1503,0,0,
1899,1401110010,Lubas,La Trinidad,Benguet,Cordillera Administrative Region (CAR),2,16.445028,120.599519,679,0,0,
1900,0305406027,San Nicolas,Floridablanca,Pampanga,Region III (Central Luzon),2,14.972823,120.508762,468,0,0,
1901,0105504009,Kisikis,Alcala,Pangasinan,Region I (Ilocos Region),2,15.846457,120.535518,308,9,36,-81.8
1902,0402120003,Biga,Tanza,Cavite,Region IV-A (CALABARZON),2,14.361741,120.856345,1581,0,0,
1903,1004321003,Barra,Opol,Misamis Oriental,Region X (Northern Mindanao),2,8.514044,124.607633,1178,12,48,-92.6
1904,0301418011,Lumbac,Pulilan,Bulacan,Region III (Central Luzon),2,14.916008,120.834465,427,2,8,-78.8
1905,0103309002,Gana,Caba,La Union,Region I (Ilocos Region),2,16.4288,120.354717,183,12,48,-89.5
1906,0500517007,Basud,City of Tabaco,Albay,Region V (Bicol Region),2,13.354064,123.728925,197,0,0,
1907,1705205048,Salong,City of Calapan,Oriental Mindoro,MIMAROPA Region,2,13.420325,121.190184,295,17,68,-98.9
1908,0403425007,Laram,City of San Pedro,Laguna,Region IV-A (CALABARZON),2,14.352385,121.047934,651,1,4,-56.4
1909,0500518003,Baybay,Tiwi,Albay,Region V (Bicol Region),2,13.460301,123.683086,176,49,196,-103.2
1910,0301413022,Poblacion,Norzagaray,Bulacan,Region III (Central Luzon),2,14.907854,121.044003,1368,7,28,-79.2
1911,0402122014,Lapidario,City of Trece Martires,Cavite,Region IV-A (CALABARZON),2,14.271657,120.86711,1191,0,0,
1912,0402116001,Magdiwang,Noveleta,Cavite,Region IV-A (CALABARZON),2,14.427441,120.884811,207,1,4,-32.3
1913,0105506016,Poblacion East,Asingan,Pangasinan,Region I (Ilocos Region),2,16.008073,120.659941,208,0,0,
1914,0402114004,Palocpoc I,Mendez,Cavite,Region IV-A (CALABARZON),2,14.128133,120.878942,153,1,4,-64.4
1915,0405630026,Talipan,Pagbilao,Quezon,Region IV-A (CALABARZON),2,13.963053,121.65461,530,8,32,-84.9
1916,0300806008,Reformista,Limay,Bataan,Region III (Central Luzon),2,14.563732,120.595486,450,3,12,-98.9
1917,0305407027,San Juan,Guagua,Pampanga,Region III (Central Luzon),2,14.972351,120.618073,218,0,0,
1918,0403424063,San Rafael,City of San Pablo,Laguna,Region IV-A (CALABARZON),2,14.07285,121.308997,466,1,4,-76.6
1919,0506203009,Zone V Pob.,Bulan,Sorsogon,Region V (Bicol Region),2,12.669355,123.875399,112,1,4,-63.2
1920,1130700057,Lizada,City of Davao,Davao del Sur,Region XI (Davao Region),2,7.002049,125.494365,2177,8,32,-91.7
1921,0500510003,Balading,Malinao,Albay,Region V (Bicol Region),2,13.388158,123.709071,229,1,4,-61.9
1922,0304926033,Sibut,San Jose City,Nueva Ecija,Region III (Central Luzon),2,15.789411,120.997783,605,4,16,-82
1923,0401001022,Subic Ilaya,Agoncillo,Batangas,Region IV-A (CALABARZON),2,13.951117,120.941691,314,7,28,-84.5
1924,0730600007,Banilad,City of Cebu,Cebu,Region VII (Central Visayas),2,10.346682,123.912418,595,0,0,
1925,0731300025,Tingub,City of Mandaue,Cebu,Region VII (Central Visayas),2,10.355485,123.936484,522,0,0,
1926,1030500053,Lapasan,City of Cagayan De Oro,Misamis Oriental,Region X (Northern Mindanao),2,8.481374,124.663775,3329,1,4,-55.6
1927,1102319026,Magugpo West,City of Tagum,Davao del Norte,Region XI (Davao Region),2,7.433629,125.791563,1066,4,16,-85.3
1928,0201516011,Catayauan,Lal-Lo,Cagayan,Region II (Cagayan Valley),2,18.174731,121.659569,326,7,28,-88.5
1929,1600302010,San Teodoro,Bunawan,Agusan del Sur,Region XIII (Caraga),2,8.170309,125.999443,546,33,132,-96.1
1930,1004309007,Matangad,Gitagum,Misamis Oriental,Region X (Northern Mindanao),2,8.575181,124.372011,320,16,64,-94.7
1931,1102412011,Zone I,Santa Cruz,Davao del Sur,Region XI (Davao Region),2,6.849436,125.418896,825,30,120,-95.8
1932,0304926006,Calaocan,San Jose City,Nueva Ecija,Region III (Central Luzon),2,15.785982,120.99485,555,4,16,-86.8
1933,0506207012,Dancalan,Donsol,Sorsogon,Region V (Bicol Region),2,12.915189,123.585323,268,48,192,-100.3
1934,0306905026,Pitabunan,Concepcion,Tarlac,Region III (Central Luzon),2,15.341686,120.653961,270,9,36,-87.6
1935,0402106064,Sampaloc V,City of Dasmariñas,Cavite,Region IV-A (CALABARZON),2,14.279967,120.964924,302,1,4,-77.4
1936,0401022001,Aguila,San Jose,Batangas,Region IV-A (CALABARZON),2,13.879046,121.09805,253,0,0,
1937,0501602015,Magsaysay,Capalonga,Camarines Norte,Region V (Bicol Region),2,14.226551,122.552211,147,57,228,-97.4
1938,0105526024,Palua,Mangaldan,Pangasinan,Region I (Ilocos Region),2,16.070889,120.41137,200,0,0,
1939,0907322052,Kawit,City of Pagadian,Zamboanga del Sur,Region IX (Zamboanga Peninsula),2,7.824243,123.448224,766,0,0,
1940,0500516022,San Roque,Santo Domingo,Albay,Region V (Bicol Region),2,13.236636,123.772603,132,0,0,
1941,0201525015,Centro West,Santa Teresita,Cagayan,Region II (Cagayan Valley),2,18.247363,121.907338,134,9,36,-97.5
1942,1004311001,Aplaya,Jasaan,Misamis Oriental,Region X (Northern Mindanao),2,8.605424,124.765559,478,7,28,-83.6
1943,1600203010,Calamba,City of Cabadbaran,Agusan del Norte,Region XIII (Caraga),2,9.11685,125.533317,220,1,4,-84.2
1944,1030500040,Bonbon,City of Cagayan De Oro,Misamis Oriental,Region X (Northern Mindanao),2,8.508013,124.648505,931,4,16,-94.5
1945,0600411007,Cajilo,Makato,Aklan,Region VI (Western Visayas),2,11.722167,122.295685,158,38,152,-101.9
1946,0402106063,Sampaloc IV,City of Dasmariñas,Cavite,Region IV-A (CALABARZON),2,14.313223,120.971774,3871,0,0,
1947,0201522004,Centro II,Sanchez-Mira,Cagayan,Region II (Cagayan Valley),2,18.56566,121.22841,211,34,136,-98.5
1948,0201528022,Mungo,Tuao,Cagayan,Region II (Cagayan Valley),2,17.71973,121.467453,395,1,4,-62.1
1949,0105533017,Nibaliw East,San Fabian,Pangasinan,Region I (Ilocos Region),2,16.126488,120.400194,213,1,4,-84.3
1950,0201527015,Lanna,Solana,Cagayan,Region II (Cagayan Valley),2,17.694253,121.702977,344,7,28,-80.2
1951,0201513021,Centro Sur,Gattaran,Cagayan,Region II (Cagayan Valley),2,18.060504,121.642505,169,32,128,-93
1952,0402106017,Zone II,City of Dasmariñas,Cavite,Region IV-A (CALABARZON),2,14.305466,120.958873,156,0,0,
1953,0631000041,Cubay,City of Iloilo,Iloilo,Region VI (Western Visayas),2,10.732547,122.56414,499,0,0,
1954,0403404019,Barangay Tres,City of Cabuyao,Laguna,Region IV-A (CALABARZON),2,14.249478,121.118553,426,2,8,-63.4
1955,0702219021,Tugbongan,Consolacion,Cebu,Region VII (Central Visayas),2,10.363672,123.961796,700,0,0,
1956,0702211001,Cogon,City of Bogo,Cebu,Region VII (Central Visayas),2,11.043468,124.003661,226,0,0,
1957,0105506004,Bantog,Asingan,Pangasinan,Region I (Ilocos Region),2,16.009851,120.691274,364,4,16,-71.1
1958,0402109065,Malagasang II-D,City of Imus,Cavite,Region IV-A (CALABARZON),2,14.372425,120.884588,357,1,4,-41.8
1959,0203129003,Gomez,San Isidro,Isabela,Region II (Cagayan Valley),2,16.73551,121.64081,249,8,32,-79.2
1960,0306902001,Anupul,Bamban,Tarlac,Region III (Central Luzon),2,15.293706,120.562903,1749,6,24,-75.6
1961,1004315001,Dulong,Libertad,Misamis Oriental,Region X (Northern Mindanao),2,8.564406,124.359052,127,6,24,-88.7
1962,0307105017,Santa Barbara,Iba,Zambales,Region III (Central Luzon),2,15.331912,119.999137,375,59,236,-103.2
1963,0401014009,Balintawak,City of Lipa,Batangas,Region IV-A (CALABARZON),2,13.954017,121.160984,1654,2,8,-67.6
1964,0300811016,Nagwaling,Pilar,Bataan,Region III (Central Luzon),2,14.63409,120.524458,311,11,44,-86.3
1965,0307106013,Tapuac,Masinloc,Zambales,Region III (Central Luzon),2,15.548808,119.962474,256,23,92,-99.4
1966,0102820009,San Gregorio,San Nicolas,Ilocos Norte,Region I (Ilocos Region),2,18.174622,120.588803,164,1,4,-60.8
1967,0401014063,San Salvador,City of Lipa,Batangas,Region IV-A (CALABARZON),2,13.969202,121.125798,376,2,8,-72.1
1968,0403414004,Matalatala,Mabitac,Laguna,Region IV-A (CALABARZON),2,14.417253,121.410449,434,4,16,-74.4
1969,0201506022,Dalla,Baggao,Cagayan,Region II (Cagayan Valley),2,17.95462,121.89069,132,94,376,-102.1
1970,0631000011,Balantang,City of Iloilo,Iloilo,Region VI (Western Visayas),2,10.756725,122.573861,352,0,0,
1971,0405809008,San Pedro,Morong,Rizal,Region IV-A (CALABARZON),2,14.5105,121.241549,483,1,4,-74.5
1972,0405608001,Poblacion,Candelaria,Quezon,Region IV-A (CALABARZON),2,13.931484,121.426819,455,0,0,
1973,1102401019,Rizal,Bansalan,Davao del Sur,Region XI (Davao Region),2,6.78372,125.192446,334,3,12,-71
1974,1108203014,Del Pilar,Mabini,Davao de Oro,Region XI (Davao Region),2,7.299102,125.859133,203,5,20,-87.6
1975,0501734020,Impig,Sipocot,Camarines Sur,Region V (Bicol Region),2,13.776384,122.977241,238,9,36,-83.4
1976,0702251033,Sangi,City of Toledo,Cebu,Region VII (Central Visayas),2,10.386829,123.652755,434,1,4,-68.4
1977,1130700143,Barangay 10-A,City of Davao,Davao del Sur,Region XI (Davao Region),2,7.079128,125.606524,722,0,0,
1978,0501721014,San Antonio,Milaor,Camarines Sur,Region V (Bicol Region),2,13.598054,123.231506,281,1,4,-77.8
1979,0831600120,Barangay 87,City of Tacloban,Leyte,Region VIII (Eastern Visayas),2,11.204755,125.022259,241,17,68,-100.1
1980,0603043019,Bolong Oeste,Santa Barbara,Iloilo,Region VI (Western Visayas),2,10.814172,122.529156,236,2,8,-76.1
1981,0501712020,Poblacion Zone III,Del Gallego,Camarines Sur,Region V (Bicol Region),2,13.922752,122.596832,109,65,260,-98.1
1982,0403406004,Hanggan,Calauan,Laguna,Region IV-A (CALABARZON),2,14.178244,121.302263,310,2,8,-67
1983,1600204010,Rojales,Carmen,Agusan del Norte,Region XIII (Caraga),2,8.981477,125.27602,231,9,36,-85.8
1984,0301421036,Pinambaran,San Miguel,Bulacan,Region III (Central Luzon),2,15.201558,120.978565,410,2,8,-58.1
1985,0105503017,Magsaysay,City of Alaminos,Pangasinan,Region I (Ilocos Region),2,16.172728,119.984408,335,19,76,-93.5
1986,0600403026,Tabayon,Banga,Aklan,Region VI (Western Visayas),2,11.632712,122.346967,154,2,8,-77.6
1987,0500503003,Anislag,Daraga,Albay,Region V (Bicol Region),2,13.063598,123.692736,945,17,68,-94
1988,0403403025,Tubigan,City of Biñan,Laguna,Region IV-A (CALABARZON),2,14.328847,121.069984,622,0,0,
1989,0304903057,Pagas,City of Cabanatuan,Nueva Ecija,Region III (Central Luzon),2,15.502261,120.955058,304,3,12,-79.4
1990,0603036001,Aganan,Pavia,Iloilo,Region VI (Western Visayas),2,10.767469,122.537254,398,6,24,-81.2
1991,0301418003,Cutcot,Pulilan,Bulacan,Region III (Central Luzon),2,14.911811,120.844418,746,0,0,
1992,0405639017,San Isidro,Sampaloc,Quezon,Region IV-A (CALABARZON),2,14.163267,121.639868,123,14,56,-95.9
1993,0603006026,San Salvador,Banate,Iloilo,Region VI (Western Visayas),2,10.998511,122.834297,271,57,228,-99
1994,0603037011,Cato-ogan,Pototan,Iloilo,Region VI (Western Visayas),2,10.936986,122.647276,203,0,0,
1995,0305410014,San Rafael,Macabebe,Pampanga,Region III (Central Luzon),2,14.90576,120.70421,286,3,12,-77.6
1996,1403209004,Apatan,Pinukpuk,Kalinga,Cordillera Administrative Region (CAR),2,17.557135,121.339977,148,87,348,-100.9
1997,0501705018,Monte Calvario,Buhi,Camarines Sur,Region V (Bicol Region),2,13.411766,123.527473,231,14,56,-90.2
1998,0603036017,Tigum,Pavia,Iloilo,Region VI (Western Visayas),2,10.780556,122.548056,209,0,0,
1999,0301404003,Bambang,Bocaue,Bulacan,Region III (Central Luzon),2,14.78854,120.928601,792,0,0,
2000,0205013008,Osmeña,Solano,Nueva Vizcaya,Region II (Cagayan Valley),2,16.52246,121.1783,504,0,0,
2001,0105506012,Domanpot,Asingan,Pangasinan,Region I (Ilocos Region),3,15.999914,120.659366,458,2,8,-79.1
2002,0301409015,San Pablo,Hagonoy,Bulacan,Region III (Central Luzon),3,14.831774,120.751603,311,6,24,-99.6
2003,0500512024,Ilaor Norte,Oas,Albay,Region V (Bicol Region),3,13.262808,123.496502,108,7,28,-78.4
2004,1004302031,Talusan,Balingasag,Misamis Oriental,Region X (Northern Mindanao),3,8.736688,124.793631,272,11,44,-92.2
2005,0403425023,Chrysanthemum,City of San Pedro,Laguna,Region IV-A (CALABARZON),3,14.361257,121.046754,1239,1,4,-70
2006,0601910013,Cogon,Panitan,Capiz,Region VI (Western Visayas),3,11.459444,122.8175,312,8,32,-84.7
2007,0704604018,Lo-oc,City of Bais,Negros Oriental,Region VII (Central Visayas),3,9.588534,123.134757,209,5,20,-78.8
2008,0301420015,Fatima I,City of San Jose Del Monte,Bulacan,Region III (Central Luzon),3,14.828873,121.058521,279,0,0,
2009,0102809016,Madamba,Dingras,Ilocos Norte,Region I (Ilocos Region),3,18.104159,120.699044,161,9,36,-86.2
2010,0203136019,Centro,Santo Tomas,Isabela,Region II (Cagayan Valley),3,17.397428,121.764436,228,15,60,-90.3
2011,0201514020,San Jose,Gonzaga,Cagayan,Region II (Cagayan Valley),3,18.357913,122.10302,122,18,72,-97.6
2012,0304928021,Zamora,Santa Rosa,Nueva Ecija,Region III (Central Luzon),3,15.430487,120.961628,122,1,4,-51.3
2013,0307114003,Asinan Proper,Subic,Zambales,Region III (Central Luzon),3,14.895313,120.228021,749,7,28,-88.3
2014,0305408019,San Juan,Lubao,Pampanga,Region III (Central Luzon),3,14.920876,120.555879,206,1,4,-63.6
2015,0401005020,Cuta,Batangas City,Batangas,Region IV-A (CALABARZON),3,13.751126,121.054961,1208,0,0,
2016,0506205026,Tulay,Casiguran,Sorsogon,Region V (Bicol Region),3,12.872865,124.005305,175,19,76,-93.9
2017,0201503011,Centro West,Allacapan,Cagayan,Region II (Cagayan Valley),3,18.221996,121.555827,150,19,76,-90.2
2018,0201528023,Naruangan,Tuao,Cagayan,Region II (Cagayan Valley),3,17.669305,121.515054,166,39,156,-94
2019,0205013011,Quezon,Solano,Nueva Vizcaya,Region II (Cagayan Valley),3,16.516667,121.173333,478,3,12,-78.4
2020,0604515025,Barangay 4,City of Kabankalan,Negros Occidental,Region VI (Western Visayas),3,9.988341,122.815795,120,75,300,-102.7
2021,0301404015,Sulucan,Bocaue,Bulacan,Region III (Central Luzon),3,14.790194,120.92463,250,2,8,-66.1
2022,0704608009,Mabigo,City of Canlaon,Negros Oriental,Region VII (Central Visayas),3,10.38935,123.217042,1020,14,56,-89.1
2023,0301406008,Malamig,Bustos,Bulacan,Region III (Central Luzon),3,14.932491,120.927973,686,0,0,
2024,0304926003,Abar 2nd,San Jose City,Nueva Ecija,Region III (Central Luzon),3,15.781659,120.969812,376,3,12,-80.7
2025,0304909005,Belen,General Mamerto Natividad,Nueva Ecija,Region III (Central Luzon),3,15.581404,121.048379,219,5,20,-79.8
2026,0305409012,Mabiga,Mabalacat City,Pampanga,Region III (Central Luzon),3,15.212113,120.579958,1913,1,4,-74.2
2027,0506216010,Buenavista,City of Sorsogon,Sorsogon,Region V (Bicol Region),3,13.03905,124.107289,155,40,160,-95.4
2028,0304919003,Bo. Militar,City of Palayan,Nueva Ecija,Region III (Central Luzon),3,15.434048,121.074314,642,20,80,-93.5
2029,0403425025,Maharlika,City of San Pedro,Laguna,Region IV-A (CALABARZON),3,14.354954,121.025679,556,1,4,-80.9
2030,1630400009,Antongalon,City of Butuan,Agusan del Norte,Region XIII (Caraga),3,8.948576,125.621224,315,15,60,-93.4
2031,0304928004,Malacañang,Santa Rosa,Nueva Ecija,Region III (Central Luzon),3,15.4357,120.966717,179,0,0,
2032,0401027010,Poblacion I,Santa Teresita,Batangas,Region IV-A (CALABARZON),3,13.871428,120.969636,148,1,4,-61.8
2033,0402115005,Bucana Sasahan,Naic,Cavite,Region IV-A (CALABARZON),3,14.322733,120.75986,554,2,8,-86
2034,0105545018,Poblacion,Urbiztondo,Pangasinan,Region I (Ilocos Region),3,15.822928,120.329045,440,2,8,-69.5
2035,0702232009,Pakigne,Minglanilla,Cebu,Region VII (Central Visayas),3,10.25915,123.792174,1159,1,4,-31.9
2036,0405804024,Macamot,Binangonan,Rizal,Region IV-A (CALABARZON),3,14.486396,121.19707,822,1,4,-68.8
2037,0401003013,Barangay 8,Balayan,Batangas,Region IV-A (CALABARZON),3,13.943066,120.736228,181,1,4,-40.2
2038,0105527011,Bogtong Silag,Mangatarem,Pangasinan,Region I (Ilocos Region),3,15.812665,120.281191,158,52,208,-98.5
2039,0931700074,Santa Barbara,City of Zamboanga,Zamboanga del Sur,Region IX (Zamboanga Peninsula),3,6.902876,122.082556,583,0,0,
2040,0501708024,Paolbo,Calabanga,Camarines Sur,Region V (Bicol Region),3,13.718713,123.250209,312,4,16,-76.3
2041,0402118038,Pulong Bunga,Silang,Cavite,Region IV-A (CALABARZON),3,14.172781,120.984873,336,1,4,-77.8
2042,0201529046,Linao Norte,Tuguegarao City,Cagayan,Region II (Cagayan Valley),3,17.65403,121.725597,292,2,8,-75.4
2043,0403428006,Don Jose,City of Santa Rosa,Laguna,Region IV-A (CALABARZON),3,14.254868,121.064387,1798,3,12,-71.9
2044,0403424062,San Pedro,City of San Pablo,Laguna,Region IV-A (CALABARZON),3,14.097433,121.331155,311,3,12,-76
2045,0305417018,Santo Tomas,San Luis,Pampanga,Region III (Central Luzon),3,15.04084,120.78975,201,1,4,-88.8
2046,0306916034,Dela Paz,City of Tarlac,Tarlac,Region III (Central Luzon),3,15.424636,120.581493,274,10,40,-89.8
2047,0304929006,Cabugao,Santo Domingo,Nueva Ecija,Region III (Central Luzon),3,15.584814,120.874666,228,1,4,-67.4
2048,0405804007,Calumpang,Binangonan,Rizal,Region IV-A (CALABARZON),3,14.477658,121.188831,1523,2,8,-81.3
2049,0300804050,"Jose C. Payumo, Jr.",Dinalupihan,Bataan,Region III (Central Luzon),3,14.866891,120.433936,340,6,24,-90.4
2050,0301403002,Barangca,Baliuag,Bulacan,Region III (Central Luzon),3,14.987555,120.89577,303,2,8,-69.4
2051,0304902022,San Roque,Bongabon,Nueva Ecija,Region III (Central Luzon),3,15.627997,121.162998,259,12,48,-87.8
2052,0501724003,Bagumbayan Sur,City of Naga,Camarines Sur,Region V (Bicol Region),3,13.633297,123.185806,561,1,4,-43.9
2053,0403425014,San Antonio,City of San Pedro,Laguna,Region IV-A (CALABARZON),3,14.353424,121.041147,5916,0,0,
2054,0402106071,San Lorenzo Ruiz II,City of Dasmariñas,Cavite,Region IV-A (CALABARZON),3,14.358942,120.925155,397,2,8,-66.3
2055,0401029015,Ilog,Taal,Batangas,Region IV-A (CALABARZON),3,13.896899,120.927118,120,0,0,
2056,0304919001,Aulo,City of Palayan,Nueva Ecija,Region III (Central Luzon),3,15.520831,121.094514,120,1,4,-64
2057,0631000021,Bolilao,City of Iloilo,Iloilo,Region VI (Western Visayas),3,10.710864,122.554393,394,0,0,
2058,0301412017,Pandayan,City of Meycauayan,Bulacan,Region III (Central Luzon),3,14.750533,120.968367,1538,0,0,
2059,0301412026,Caingin,City of Meycauayan,Bulacan,Region III (Central Luzon),3,14.726766,120.968765,618,0,0,
2060,0304932004,Concepcion,Zaragoza,Nueva Ecija,Region III (Central Luzon),3,15.444543,120.799462,557,0,0,
2061,1401111010,Poblacion,Mankayan,Benguet,Cordillera Administrative Region (CAR),3,16.859916,120.79044,194,2,8,-75.2
2062,1430300005,Bakakeng North,City of Baguio,Benguet,Cordillera Administrative Region (CAR),3,16.390785,120.594404,863,3,12,-72.6
2063,0305409018,Mawaque,Mabalacat City,Pampanga,Region III (Central Luzon),3,15.20856,120.591061,294,1,4,-62.7
2064,0702211022,Polambato,City of Bogo,Cebu,Region VII (Central Visayas),3,11.061138,123.986632,350,5,20,-77.9
2065,0600415012,Pinamuk-an,New Washington,Aklan,Region VI (Western Visayas),3,11.639667,122.429565,229,5,20,-79.5
2066,0403404015,San Isidro,City of Cabuyao,Laguna,Region IV-A (CALABARZON),3,14.240795,121.139685,2324,1,4,-61.5
2067,0402106012,Salitran I,City of Dasmariñas,Cavite,Region IV-A (CALABARZON),3,14.314876,120.95401,479,0,0,
2068,0301404008,Bundukan,Bocaue,Bulacan,Region III (Central Luzon),3,14.789589,120.941368,997,1,4,-53.1
2069,0402103042,Mambog III,City of Bacoor,Cavite,Region IV-A (CALABARZON),3,14.423108,120.958053,1992,1,4,-49
2070,0306905027,San Agustin,Concepcion,Tarlac,Region III (Central Luzon),3,15.403583,120.607866,596,3,12,-77.1
2071,1401111003,Bulalacao,Mankayan,Benguet,Cordillera Administrative Region (CAR),3,16.842184,120.811181,296,1,4,-69
2072,0403427002,Bagong Pook,Santa Maria,Laguna,Region IV-A (CALABARZON),3,14.470824,121.429457,230,1,4,-67.8
2073,0405618034,Manlayo,Guinayangan,Quezon,Region IV-A (CALABARZON),3,13.902895,122.451058,136,21,84,-89.6
2074,1600206010,Crossing,Kitcharao,Agusan del Norte,Region XIII (Caraga),3,9.44981,125.574848,256,6,24,-83.7
2075,0803738068,Mas-in,Ormoc City,Leyte,Region VIII (Eastern Visayas),3,11.06315,124.51473,153,11,44,-86.4
2076,0305411017,San Pedro II,Magalang,Pampanga,Region III (Central Luzon),3,15.210882,120.648653,429,1,4,-59.3
2077,0401001016,Pook,Agoncillo,Batangas,Region IV-A (CALABARZON),3,13.931124,120.92706,240,1,4,-64.5
2078,0102908015,San Juan,Cervantes,Ilocos Sur,Region I (Ilocos Region),3,16.983692,120.719582,173,71,284,-103
2079,0501705035,Santa Clara,Buhi,Camarines Sur,Region V (Bicol Region),3,13.424317,123.507953,192,8,32,-87.7
2080,1705312003,Barotuan,El Nido,Palawan,MIMAROPA Region,3,11.306396,119.450395,223,107,428,-101.9
2081,0401026024,Sambat,San Pascual,Batangas,Region IV-A (CALABARZON),3,13.801396,121.012672,515,2,8,-61.2
2082,1004314003,Kibaghot,Laguindingan,Misamis Oriental,Region X (Northern Mindanao),3,8.589303,124.453269,319,14,56,-95.6
2083,0304904015,San Gregorio,Cabiao,Nueva Ecija,Region III (Central Luzon),3,15.255121,120.860014,201,1,4,-59.8
2084,0405807008,Pagkalinawan,Jala-Jala,Rizal,Region IV-A (CALABARZON),3,14.315468,121.339058,169,9,36,-85.5
2085,0306914015,Santa Maria,San Manuel,Tarlac,Region III (Central Luzon),3,15.797991,120.611641,132,0,0,
2086,0405608022,San Andres,Candelaria,Quezon,Region IV-A (CALABARZON),3,13.909613,121.444594,410,5,20,-76.6
2087,0402106035,San Mateo,City of Dasmariñas,Cavite,Region IV-A (CALABARZON),3,14.334051,120.940131,460,1,4,-44.3
2088,0402118048,Ulat,Silang,Cavite,Region IV-A (CALABARZON),3,14.146754,120.988607,298,0,0,
2089,0305410021,Sto. Niño,Macabebe,Pampanga,Region III (Central Luzon),3,14.898445,120.706088,209,0,0,
2090,0401009014,San Isidro,Cuenca,Batangas,Region IV-A (CALABARZON),3,13.904951,121.059579,220,0,0,
2091,1430300086,Pinget,City of Baguio,Benguet,Cordillera Administrative Region (CAR),3,16.43192,120.583497,617,0,0,
2092,0403412013,San Isidro,Luisiana,Laguna,Region IV-A (CALABARZON),3,14.178562,121.522085,278,5,20,-76.5
2093,0405639013,Ilayang Owain,Sampaloc,Quezon,Region IV-A (CALABARZON),3,14.162112,121.641417,137,11,44,-93.8
2094,1705210010,Casiligan,Pola,Oriental Mindoro,MIMAROPA Region,3,13.117714,121.425117,136,55,220,-98.5
2095,0306914007,Poblacion,San Manuel,Tarlac,Region III (Central Luzon),3,15.799738,120.608091,124,0,0,
2096,0331400014,New Cabalan,City of Olongapo,Zambales,Region III (Central Luzon),3,14.849576,120.335374,2752,13,52,-97
2097,0401031029,Natatas,City of Tanauan,Batangas,Region IV-A (CALABARZON),3,14.082517,121.119162,497,1,4,-66.3
2098,0306909011,Camangaan East,Moncada,Tarlac,Region III (Central Luzon),3,15.72637,120.571667,137,0,0,
2099,0401008017,Barangay 2,Calatagan,Batangas,Region IV-A (CALABARZON),3,13.833123,120.629968,121,20,80,-97.9
2100,0402106051,Fatima II,City of Dasmariñas,Cavite,Region IV-A (CALABARZON),3,14.300171,120.920346,400,2,8,-61.8
2101,0307105009,Zone 1 Pob.,Iba,Zambales,Region III (Central Luzon),3,15.328542,119.976295,199,1,4,-61.3
2102,0402117014,Ligtong IV,Rosario,Cavite,Region IV-A (CALABARZON),3,14.414629,120.871258,275,0,0,
2103,0806417031,Zone V,Sogod,Southern Leyte,Region VIII (Eastern Visayas),3,10.397642,124.974587,327,28,112,-100.4
2104,0401031007,Bagumbayan,City of Tanauan,Batangas,Region IV-A (CALABARZON),3,14.075821,121.139112,657,1,4,-73.4
2105,0403426025,Santo Angel Norte,Santa Cruz,Laguna,Region IV-A (CALABARZON),3,14.288492,121.405798,540,6,24,-80.3
2106,0301411007,Nagbalon,Marilao,Bulacan,Region III (Central Luzon),3,14.768224,120.975609,315,1,4,-39.3
2107,0806417032,Rizal,Sogod,Southern Leyte,Region VIII (Eastern Visayas),3,10.39178,124.982083,141,0,0,
2108,0403424027,Barangay VI-D,City of San Pablo,Laguna,Region IV-A (CALABARZON),3,14.077619,121.320954,152,0,0,
2109,0500518028,Tigbi,Tiwi,Albay,Region V (Bicol Region),3,13.453187,123.679969,215,2,8,-67.9
2110,0403424057,San Lucas 2,City of San Pablo,Laguna,Region IV-A (CALABARZON),3,14.087219,121.326755,645,1,4,-40.9
2111,0301412010,Langka,City of Meycauayan,Bulacan,Region III (Central Luzon),3,14.739487,120.980556,387,2,8,-80.6
2112,0102806011,Poblacion,Burgos,Ilocos Norte,Region I (Ilocos Region),3,18.512405,120.643892,121,70,280,-99.1
2113,0402109048,Bayan Luma IX,City of Imus,Cavite,Region IV-A (CALABARZON),3,14.361504,120.947688,272,0,0,
2114,0306916088,Tibag,City of Tarlac,Tarlac,Region III (Central Luzon),3,15.507317,120.570703,1428,9,36,-88.2
2115,0504101004,Bagauma,Aroroy,Masbate,Region V (Bicol Region),3,12.517539,123.402463,208,31,124,-102.2
2116,0201518012,Masi,Pamplona,Cagayan,Region II (Cagayan Valley),3,18.456967,121.33896,178,45,180,-99
2117,0403407003,Bukal,Cavinti,Laguna,Region IV-A (CALABARZON),3,14.238548,121.544413,126,10,40,-86.5
2118,1130700072,Marapangi,City of Davao,Davao del Sur,Region XI (Davao Region),3,7.015217,125.487116,731,15,60,-96.7
2119,0405608019,Pahinga Norte,Candelaria,Quezon,Region IV-A (CALABARZON),3,13.916253,121.422258,1144,7,28,-83.1
2120,0203137042,San Pedro,Tumauini,Isabela,Region II (Cagayan Valley),3,17.277472,121.810288,244,3,12,-89.1
2121,0501722024,Tariric,Minalabac,Camarines Sur,Region V (Bicol Region),3,13.574719,123.226824,220,7,28,-81
2122,0702219006,Jugan,Consolacion,Cebu,Region VII (Central Visayas),3,10.380016,123.972453,1031,2,8,-72.5
2123,0907322042,Santa Lucia,City of Pagadian,Zamboanga del Sur,Region IX (Zamboanga Peninsula),3,7.820539,123.433424,472,0,0,
2124,0203126017,San Antonio,Roxas,Isabela,Region II (Cagayan Valley),3,17.095107,121.61503,289,10,40,-87.8
2125,0330100018,Pandan,City of Angeles,Pampanga,Region III (Central Luzon),3,15.152106,120.604215,2082,0,0,
2126,0401014007,Bagong Pook,City of Lipa,Batangas,Region IV-A (CALABARZON),3,13.94363,121.110197,608,1,4,-49.1
2127,0601916020,Poblacion Sur,Sigma,Capiz,Region VI (Western Visayas),3,11.421886,122.661688,149,21,84,-95.6
2128,0105519005,Gais-Guipe,Dasol,Pangasinan,Region I (Ilocos Region),3,15.978889,119.869167,220,50,200,-99.3
2129,0401009011,Labac,Cuenca,Batangas,Region IV-A (CALABARZON),3,13.895421,121.058235,190,1,4,-70.2
2130,0401014043,Poblacion Barangay 2,City of Lipa,Batangas,Region IV-A (CALABARZON),3,13.942217,121.157321,271,0,0,
2131,0601905007,Ilaya-Ivisan,Ivisan,Capiz,Region VI (Western Visayas),3,11.517778,122.719722,320,3,12,-71.5
2132,0405627021,Sadsaran,Mauban,Quezon,Region IV-A (CALABARZON),3,14.188681,121.732756,323,73,292,-103.6
2133,0631000009,Bakhaw,City of Iloilo,Iloilo,Region VI (Western Visayas),3,10.71828,122.55449,484,0,0,
2134,0702232013,Poblacion Ward IV,Minglanilla,Cebu,Region VII (Central Visayas),3,10.253938,123.787189,349,1,4,-83.8
2135,0305404005,Calibutbut,Bacolor,Pampanga,Region III (Central Luzon),3,15.102358,120.605505,1011,1,4,-63.8
2136,0301410051,Santor,City of Malolos,Bulacan,Region III (Central Luzon),3,14.852533,120.829354,766,0,0,
2137,0403425019,United Better Living,City of San Pedro,Laguna,Region IV-A (CALABARZON),3,14.344701,121.053334,618,0,0,
2138,0401017016,San Juan,Malvar,Batangas,Region IV-A (CALABARZON),3,14.021793,121.144768,263,3,12,-70.6
2139,0304925001,Alua,San Isidro,Nueva Ecija,Region III (Central Luzon),3,15.309684,120.894092,482,1,4,-62.8
2140,0301421031,Masalipit,San Miguel,Bulacan,Region III (Central Luzon),3,15.148883,121.037154,302,11,44,-85
2141,1600201015,Poblacion 3,Buenavista,Agusan del Norte,Region XIII (Caraga),3,8.975098,125.4078,278,0,0,
2142,0401034008,Luntal,Tuy,Batangas,Region IV-A (CALABARZON),3,14.034014,120.709351,311,5,20,-73.9
2143,0731300012,Guizo,City of Mandaue,Cebu,Region VII (Central Visayas),3,10.32888,123.93581,623,0,0,
2144,1001304005,Don Carlos Norte,Don Carlos,Bukidnon,Region X (Northern Mindanao),3,7.69065,124.997674,652,4,16,-76.5
2145,0306906034,Salapungan,Gerona,Tarlac,Region III (Central Luzon),3,15.594048,120.611378,245,3,12,-66.8
2146,0501603021,Mancruz,Daet,Camarines Norte,Region V (Bicol Region),3,14.096506,122.955187,262,0,0,
2147,1004323006,Mangga,Sugbongcogon,Misamis Oriental,Region X (Northern Mindanao),3,8.960638,124.782478,119,19,76,-100.1
2148,0301419019,Makapilapil,San Ildefonso,Bulacan,Region III (Central Luzon),3,15.089108,120.941577,246,4,16,-72.7
2149,0301420028,Francisco Homes-Mulawin,City of San Jose Del Monte,Bulacan,Region III (Central Luzon),3,14.806844,121.062056,1006,0,0,
2150,0305416030,San Nicolas,City of San Fernando,Pampanga,Region III (Central Luzon),3,15.016682,120.703462,788,4,16,-73.7
2151,0603037031,Primitivo Ledesma Ward,Pototan,Iloilo,Region VI (Western Visayas),3,10.940709,122.63413,176,1,4,-36.2
2152,0403411006,Bayog,Los Baños,Laguna,Region IV-A (CALABARZON),3,14.190931,121.24439,1157,9,36,-91.5
2153,0403429007,Halayhayin,Siniloan,Laguna,Region IV-A (CALABARZON),3,14.423701,121.448312,483,0,0,
2154,0301408009,Santa Cruz,Guiguinto,Bulacan,Region III (Central Luzon),3,14.839845,120.867851,1052,1,4,-75.5
2155,0301403020,Santo Cristo,Baliuag,Bulacan,Region III (Central Luzon),3,14.956442,120.896711,860,0,0,
2156,0506203065,Zone VIII Pob.,Bulan,Sorsogon,Region V (Bicol Region),3,12.668922,123.881091,167,2,8,-62.8
2157,1731500010,Binduyan,City of Puerto Princesa,Palawan,MIMAROPA Region,3,10.014146,119.070972,127,137,548,-103.3
2158,0704606027,Villareal,City of Bayawan,Negros Oriental,Region VII (Central Visayas),3,9.357075,122.824747,882,12,48,-98.9
2159,0500503044,Sagpon,Daraga,Albay,Region V (Bicol Region),3,13.148616,123.726095,389,0,0,
2160,0831600094,Barangay 64,City of Tacloban,Leyte,Region VIII (Eastern Visayas),3,11.215959,125.002583,161,0,0,
2161,0405814010,Calumpang Santo Cristo,Teresa,Rizal,Region IV-A (CALABARZON),3,14.554404,121.21693,116,2,8,-60.8
2162,0304909010,Mag-asawang Sampaloc,General Mamerto Natividad,Nueva Ecija,Region III (Central Luzon),3,15.59217,121.051963,116,1,4,-42
2163,0305409010,Duquit,Mabalacat City,Pampanga,Region III (Central Luzon),3,15.177958,120.600051,1106,0,0,
2164,0301403010,Pagala,Baliuag,Bulacan,Region III (Central Luzon),3,14.959053,120.892754,648,0,0,
2165,0403424004,Barangay I-B,City of San Pablo,Laguna,Region IV-A (CALABARZON),3,14.06908,121.316098,399,0,0,
2166,0803714002,Balud,Capoocan,Leyte,Region VIII (Eastern Visayas),3,11.292292,124.650827,234,14,56,-89.2
2167,1108203018,San Antonio,Mabini,Davao de Oro,Region XI (Davao Region),3,7.29218,125.854163,253,44,176,-98.3
2168,0401011002,Balakilong,Laurel,Batangas,Region IV-A (CALABARZON),3,14.070201,120.93355,372,7,28,-78.8
2169,0506202018,Poblacion Central,Barcelona,Sorsogon,Region V (Bicol Region),3,12.866386,124.143628,80,33,132,-97.2
2170,1001320026,San Antonio,Talakag,Bukidnon,Region X (Northern Mindanao),3,8.213518,124.606232,359,48,192,-98
2171,0402103064,San Nicolas II,City of Bacoor,Cavite,Region IV-A (CALABARZON),3,14.433232,120.974513,1118,0,0,
2172,0105512002,Bued,Binalonan,Pangasinan,Region I (Ilocos Region),3,16.040444,120.590352,238,1,4,-80.3
2173,0501715008,Catagbacan,Goa,Camarines Sur,Region V (Bicol Region),3,13.672686,123.500644,324,2,8,-56.5
2174,0702232019,Tungkil,Minglanilla,Cebu,Region VII (Central Visayas),3,10.240701,123.812367,1098,3,12,-82.9
2175,0501716035,Santo Domingo,City of Iriga,Camarines Sur,Region V (Bicol Region),3,13.420312,123.4305,469,4,16,-82.2
2176,0702232014,Tubod,Minglanilla,Cebu,Region VII (Central Visayas),3,10.261808,123.796856,415,4,16,-87.7
2177,0501608027,Tugos,Paracale,Camarines Norte,Region V (Bicol Region),3,14.271371,122.780544,453,1,4,-65.1
2178,0702241014,Panadtaran,San Fernando,Cebu,Region VII (Central Visayas),3,10.151402,123.698799,502,9,36,-92.6
2179,1130700156,Barangay 23-C,City of Davao,Davao del Sur,Region XI (Davao Region),3,7.071576,125.625694,1564,12,48,-98.2
2180,0201522003,Centro I,Sanchez-Mira,Cagayan,Region II (Cagayan Valley),3,18.558968,121.234745,196,6,24,-84.5
2181,1004301006,Loguilo,Alubijid,Misamis Oriental,Region X (Northern Mindanao),3,8.57593,124.494103,275,21,84,-95.8
2182,0305415022,Palat,Porac,Pampanga,Region III (Central Luzon),3,15.04237,120.536452,352,8,32,-79.4
2183,0630200059,Villamonte,City of Bacolod,Negros Occidental,Region VI (Western Visayas),3,10.671389,122.965,3032,2,8,-61
2184,0103314015,Cabaroan,City of San Fernando,La Union,Region I (Ilocos Region),3,16.592324,120.338147,298,2,8,-80
2185,0401009015,Barangay 1,Cuenca,Batangas,Region IV-A (CALABARZON),3,13.897768,121.057163,172,0,0,
2186,0405644013,Pagkakaisa,San Narciso,Quezon,Region IV-A (CALABARZON),3,13.567906,122.554129,115,71,284,-100.4
2187,0301410034,Mojon,City of Malolos,Bulacan,Region III (Central Luzon),3,14.866241,120.812517,1449,0,0,
2188,0402106081,Victoria Reyes,City of Dasmariñas,Cavite,Region IV-A (CALABARZON),3,14.318559,120.975172,1286,0,0,
2189,0301406007,Liciada,Bustos,Bulacan,Region III (Central Luzon),3,14.909175,120.930646,550,1,4,-68.9
2190,1004303003,Baukbauk Pob.,Balingoan,Misamis Oriental,Region X (Northern Mindanao),3,8.987419,124.846269,224,8,32,-82.8
2191,0105514030,Victory,Bolinao,Pangasinan,Region I (Ilocos Region),3,16.386602,119.892944,118,6,24,-90.2
2192,0301412003,Bancal,City of Meycauayan,Bulacan,Region III (Central Luzon),3,14.720653,120.961758,1137,1,4,-62.2
2193,1130700036,Crossing Bayabas,City of Davao,Davao del Sur,Region XI (Davao Region),3,7.0252,125.494812,1139,6,24,-80.9
2194,0500506056,Bgy. 62 - Homapon,City of Legazpi,Albay,Region V (Bicol Region),3,13.091199,123.739287,390,12,48,-87.5
2195,0402119018,San Jose,City of Tagaytay,Cavite,Region IV-A (CALABARZON),3,14.122968,120.968002,629,4,16,-73.1
2196,0500512030,Maramba,Oas,Albay,Region V (Bicol Region),3,13.640822,123.203949,215,1,4,-70.2
2197,0403428005,Dita,City of Santa Rosa,Laguna,Region IV-A (CALABARZON),3,14.281497,121.112218,3453,1,4,-61.5
2198,0301408003,Ilang-Ilang,Guiguinto,Bulacan,Region III (Central Luzon),3,14.839099,120.866003,515,1,4,-40.6
2199,1108204011,Hijo,Maco,Davao de Oro,Region XI (Davao Region),3,7.37171,125.8363,349,6,24,-79.1
2200,0301406003,Buisan,Bustos,Bulacan,Region III (Central Luzon),3,14.928507,120.930706,168,1,4,-69
2201,0500510012,Estancia,Malinao,Albay,Region V (Bicol Region),3,13.359113,123.681025,349,4,16,-83.2
2202,1600210011,Poblacion II,Santiago,Agusan del Norte,Region XIII (Caraga),3,9.274775,125.57648,365,33,132,-100.1
2203,0402102007,Maitim I,Amadeo,Cavite,Region IV-A (CALABARZON),3,14.14178,120.947888,300,0,0,
2204,0405615013,San Mateo,Dolores,Quezon,Region IV-A (CALABARZON),3,13.990158,121.387261,135,5,20,-75.9
2205,0501727016,Santa Rosa Del Norte,Pasacao,Camarines Sur,Region V (Bicol Region),3,13.513799,123.042686,295,58,232,-101.7
2206,0701205008,Montana,Baclayon,Bohol,Region VII (Central Visayas),3,9.625073,123.92179,142,5,20,-82.1
2207,0506211001,Aguada Norte,Magallanes,Sorsogon,Region V (Bicol Region),3,12.824054,123.842422,106,12,48,-92.7
2208,0631000010,Balabago,City of Iloilo,Iloilo,Region VI (Western Visayas),3,10.739145,122.579869,741,2,8,-65.5
2209,1102411007,N C Ordaneza District,Padada,Davao del Sur,Region XI (Davao Region),3,6.638006,125.341553,197,0,0,
2210,0401029005,Buli,Taal,Batangas,Region IV-A (CALABARZON),3,13.881834,120.954437,489,0,0,
2211,0201524004,Centro II,Santa Praxedes,Cagayan,Region II (Cagayan Valley),3,18.563197,120.9902,72,59,236,-99.2
2212,0201501011,Lucban,Abulug,Cagayan,Region II (Cagayan Valley),3,18.336705,121.431792,248,18,72,-89.7
2213,0401019009,Barangay 4,Nasugbu,Batangas,Region IV-A (CALABARZON),3,14.073481,120.633488,114,1,4,-70.8
2214,0702251006,Bunga,City of Toledo,Cebu,Region VII (Central Visayas),3,10.30342,123.685273,433,11,44,-88.9
2215,0603045025,Buyu-an,Tigbauan,Iloilo,Region VI (Western Visayas),3,10.670634,122.357507,305,68,272,-103.5
2216,0301420005,Kaybanban,City of San Jose Del Monte,Bulacan,Region III (Central Luzon),3,14.810356,121.087847,291,4,16,-81.9
2217,0401005051,Pallocan Kanluran,Batangas City,Batangas,Region IV-A (CALABARZON),3,13.754212,121.066221,588,0,0,
2218,1430300034,"Quirino Hill, East",City of Baguio,Benguet,Cordillera Administrative Region (CAR),3,16.389802,120.583881,278,3,12,-79.2
2219,0301418020,Penabatan,Pulilan,Bulacan,Region III (Central Luzon),3,14.906598,120.839342,213,0,0,
2220,0405615016,Bulakin II,Dolores,Quezon,Region IV-A (CALABARZON),3,14.019302,121.389378,176,13,52,-89.9
2221,0702223041,Taboc,Danao City,Cebu,Region VII (Central Visayas),3,10.529517,124.014006,563,1,4,-42.6
2222,0501606008,Bautista,Labo,Camarines Norte,Region V (Bicol Region),3,14.14451,122.8456,220,11,44,-88.4
2223,0603026011,Gua-an,Leganes,Iloilo,Region VI (Western Visayas),3,10.78847,122.585757,103,0,0,
2224,1402709008,Piwong,Hingyon,Ifugao,Cordillera Administrative Region (CAR),3,16.845577,121.093173,96,28,112,-98.3
2225,0304924006,Maugat,San Antonio,Nueva Ecija,Region III (Central Luzon),3,15.316348,120.858498,503,4,16,-92.5
2226,0405628018,Ibabang Cambuga,Mulanay,Quezon,Region IV-A (CALABARZON),3,13.584848,122.459197,296,33,132,-91.6
2227,0305402011,San Juan,Apalit,Pampanga,Region III (Central Luzon),3,14.95439,120.77022,705,2,8,-77.3
2228,0403414007,Paagahan,Mabitac,Laguna,Region IV-A (CALABARZON),3,14.442338,121.400445,403,3,12,-66.8
2229,0105527023,Cabayaoasan,Mangatarem,Pangasinan,Region I (Ilocos Region),3,15.769705,120.388489,123,4,16,-72.4
2230,0402109047,Bayan Luma VIII,City of Imus,Cavite,Region IV-A (CALABARZON),3,14.407269,120.936042,254,0,0,
2231,0702231003,Daanlungsod,Medellin,Cebu,Region VII (Central Visayas),3,11.146722,123.9499,238,12,48,-95.3
2232,0730600015,Bulacao,City of Cebu,Cebu,Region VII (Central Visayas),3,10.27601,123.849719,2692,1,4,-42.6
2233,0730600027,Duljo,City of Cebu,Cebu,Region VII (Central Visayas),3,10.294889,123.885656,1488,1,4,-33.6
2234,0305402012,San Vicente,Apalit,Pampanga,Region III (Central Luzon),3,14.945661,120.746781,1885,3,12,-77.1
2235,0401031015,Cale,City of Tanauan,Batangas,Region IV-A (CALABARZON),3,14.117737,121.094078,339,5,20,-79.7
2236,0501730026,Panaytayan,Ragay,Camarines Sur,Region V (Bicol Region),3,13.823106,122.78141,166,16,64,-98.6
2237,1705209031,Sta. Isabel,Pinamalayan,Oriental Mindoro,MIMAROPA Region,3,13.030583,121.469634,226,3,12,-74.8
2238,0401031006,Bagbag,City of Tanauan,Batangas,Region IV-A (CALABARZON),3,14.034672,121.091516,314,7,28,-82.8
2239,0501606022,Dalas,Labo,Camarines Norte,Region V (Bicol Region),3,14.14588,122.8207,407,23,92,-97.2
2240,0305404004,Cabetican,Bacolor,Pampanga,Region III (Central Luzon),3,15.222056,120.60878,279,2,8,-77.4
2241,0803726023,Tugbong,Kananga,Leyte,Region VIII (Eastern Visayas),3,11.166946,124.54533,299,4,16,-77.5
2242,0603026005,Cagamutan Sur,Leganes,Iloilo,Region VI (Western Visayas),3,10.785633,122.595948,160,1,4,-68.4
2243,0304912007,Langla,Jaen,Nueva Ecija,Region III (Central Luzon),3,15.32636,120.918771,308,0,0,
2244,1403209016,Malagnat,Pinukpuk,Kalinga,Cordillera Administrative Region (CAR),3,17.64235,121.38966,140,35,140,-96.7
2245,0402115008,Palangue 2 & 3,Naic,Cavite,Region IV-A (CALABARZON),3,14.261967,120.82977,344,7,28,-75.9
2246,0401017012,San Andres,Malvar,Batangas,Region IV-A (CALABARZON),3,14.002905,121.152801,278,1,4,-68
2247,0401028006,San Antonio,City of Sto. Tomas,Batangas,Region IV-A (CALABARZON),3,13.886047,121.05117,1438,1,4,-36
2248,0405809003,Lagundi,Morong,Rizal,Region IV-A (CALABARZON),3,14.527438,121.254404,804,2,8,-70.2
2249,0403403018,Santo Niño,City of Biñan,Laguna,Region IV-A (CALABARZON),3,14.32801,121.082263,771,0,0,
2250,0501734014,Calagbangan,Sipocot,Camarines Sur,Region V (Bicol Region),3,13.837238,122.963402,276,22,88,-92.8
2251,0205013020,Bagahabag,Solano,Nueva Vizcaya,Region II (Cagayan Valley),3,16.509,121.20817,394,5,20,-82.1
2252,0305406009,Consuelo,Floridablanca,Pampanga,Region III (Central Luzon),3,14.970005,120.497428,287,4,16,-75.8
2253,1705204007,Campaasan,Bulalacao,Oriental Mindoro,MIMAROPA Region,3,12.336533,121.339355,251,6,24,-88.1
2254,0402102003,Dagatan,Amadeo,Cavite,Region IV-A (CALABARZON),3,14.183719,120.931682,281,5,20,-81
2255,0402101014,Pajo,Alfonso,Cavite,Region IV-A (CALABARZON),3,14.143718,120.858155,204,4,16,-76.2
2256,1004324005,Natumolan,Tagoloan,Misamis Oriental,Region X (Northern Mindanao),3,8.534541,124.76622,864,4,16,-80.2
2257,0603034028,San Antonio,Oton,Iloilo,Region VI (Western Visayas),3,10.692991,122.491478,195,0,0,
2258,0501608023,Poblacion Sur,Paracale,Camarines Norte,Region V (Bicol Region),3,14.28012,122.784871,125,0,0,
2259,1030500064,Puntod,City of Cagayan De Oro,Misamis Oriental,Region X (Northern Mindanao),3,8.499824,124.657199,1593,6,24,-77.7
2260,0305407002,Bancal,Guagua,Pampanga,Region III (Central Luzon),3,14.961204,120.633423,539,0,0,
2261,0301403013,Pinagbarilan,Baliuag,Bulacan,Region III (Central Luzon),3,14.956581,120.878717,590,0,0,
2262,0305407031,Santo Cristo,Guagua,Pampanga,Region III (Central Luzon),3,14.981377,120.620027,300,1,4,-67.6
2263,1102303022,Tuganay,Carmen,Davao del Norte,Region XI (Davao Region),3,7.369251,125.722211,410,10,40,-90.3
2264,0402106031,San Juan,City of Dasmariñas,Cavite,Region IV-A (CALABARZON),3,14.301425,120.979503,340,1,4,-37.4
2265,0500509013,San Isidro Ilawod,Malilipot,Albay,Region V (Bicol Region),3,13.331104,123.737723,289,2,8,-51
2266,0600407014,Pook,Kalibo,Aklan,Region VI (Western Visayas),3,11.691529,122.380619,501,5,20,-97.2
2267,1130700006,Bago Oshiro,City of Davao,Davao del Sur,Region XI (Davao Region),3,7.077652,125.497458,1627,6,24,-87.4
2268,1108204003,Binuangan,Maco,Davao de Oro,Region XI (Davao Region),3,7.37025,125.85401,560,12,48,-99.4
2269,0402115031,Timalan Balsahan,Naic,Cavite,Region IV-A (CALABARZON),3,14.330808,120.801337,1689,3,12,-74.6
2270,1102403005,Cogon,City of Digos,Davao del Sur,Region XI (Davao Region),3,6.758938,125.369439,882,6,24,-87.8
2271,1230800007,Dadiangas East,City of General Santos,South Cotabato,Region XII (SOCCSKSARGEN),3,6.115916,125.177084,270,1,4,-73.4
2272,0402109061,Malagasang I-F,City of Imus,Cavite,Region IV-A (CALABARZON),3,14.349413,120.930968,980,0,0,
2273,0105526028,Salay,Mangaldan,Pangasinan,Region I (Ilocos Region),3,16.079417,120.397696,494,0,0,
2274,0301409025,Tampok,Hagonoy,Bulacan,Region III (Central Luzon),3,14.849329000000001,120.734918,270,3,12,-75.5
2275,1230800033,Calumpang,City of General Santos,South Cotabato,Region XII (SOCCSKSARGEN),3,6.078484,125.140973,6987,26,104,-95.1
2276,0402103004,Bayanan,City of Bacoor,Cavite,Region IV-A (CALABARZON),3,14.425421,120.974601,1037,0,0,
2277,0702243013,Kinawahan,San Remigio,Cebu,Region VII (Central Visayas),3,10.947189,123.920501,97,18,72,-95.2
2278,1130700082,New Carmen,City of Davao,Davao del Sur,Region XI (Davao Region),3,7.150409,125.571343,275,21,84,-90.9
2279,0601914043,Punta Tabuc,City of Roxas,Capiz,Region VI (Western Visayas),3,11.574752,122.74459,474,2,8,-68.2
2280,0405808002,Burgos,Rodriguez,Rizal,Region IV-A (CALABARZON),3,14.71937,121.139269,4104,2,8,-72.1
2281,0402121008,Sapang I,Ternate,Cavite,Region IV-A (CALABARZON),3,14.282732,120.710141,688,17,68,-96.5
2282,1600209007,Culit,Nasipit,Agusan del Norte,Region XIII (Caraga),3,8.95935,125.35443,262,23,92,-96
2283,0205006003,Bugnay,Diadi,Nueva Vizcaya,Region II (Cagayan Valley),3,16.657099,121.373123,138,28,112,-95.5
2284,0604531029,Barangay VI-A,City of Victorias,Negros Occidental,Region VI (Western Visayas),3,10.909749,123.060783,534,27,108,-96.1
2285,0305416015,Maimpis,City of San Fernando,Pampanga,Region III (Central Luzon),3,15.068857,120.652675,1022,0,0,
2286,0403424001,Bagong Bayan II-A,City of San Pablo,Laguna,Region IV-A (CALABARZON),3,14.067026,121.319486,645,0,0,
2287,0105544047,Poblacion West,Umingan,Pangasinan,Region I (Ilocos Region),3,15.927978,120.839339,202,17,68,-95.6
2288,1401106006,Tinongdan,Itogon,Benguet,Cordillera Administrative Region (CAR),3,16.390088,120.72984,321,63,252,-97.9
2289,0306910027,Salumague,Paniqui,Tarlac,Region III (Central Luzon),3,15.666187,120.565569,283,2,8,-75.2
2290,0203137005,Arcon,Tumauini,Isabela,Region II (Cagayan Valley),3,17.27544,121.82384,179,9,36,-85.5
2291,0702216018,San Jose Pob.,Catmon,Cebu,Region VII (Central Visayas),3,10.728302,124.01267,304,11,44,-92.3
2292,1401107017,Poblacion,Kabayan,Benguet,Cordillera Administrative Region (CAR),3,16.623013,120.838701,169,98,392,-100.8
2293,0701242006,Dampas,City of Tagbilaran,Bohol,Region VII (Central Visayas),3,9.64591,123.87214,689,2,8,-67.7
2294,0402117021,Wawa III,Rosario,Cavite,Region IV-A (CALABARZON),3,14.400513,120.849373,1104,0,0,
2295,0203114102,Imelda Bliss Village,City of Ilagan,Isabela,Region II (Cagayan Valley),3,17.12194,121.87544,650,5,20,-79.3
2296,0603009012,Caw-i,Batad,Iloilo,Region VI (Western Visayas),3,11.417698,123.109825,71,0,0,
2297,0105522029,Quibaol,Lingayen,Pangasinan,Region I (Ilocos Region),3,16.003581,120.230389,274,6,24,-85
2298,0203130013,District 3,San Manuel,Isabela,Region II (Cagayan Valley),3,17.034356,121.621319,246,20,80,-93.5
2299,0403411001,Anos,Los Baños,Laguna,Region IV-A (CALABARZON),3,14.179788,121.229463,878,0,0,
2300,0330100029,Sto. Rosario,City of Angeles,Pampanga,Region III (Central Luzon),3,15.159657,120.572132,508,1,4,-48.2
2301,0305410003,Candelaria,Macabebe,Pampanga,Region III (Central Luzon),3,14.88372,120.72038,241,1,4,-69.5
2302,0102812004,"Bgy. No. 56-B, Bacsil South",City of Laoag,Ilocos Norte,Region I (Ilocos Region),3,18.206385,120.582946,111,7,28,-94.6
2303,0405808008,Rosario,Rodriguez,Rizal,Region IV-A (CALABARZON),3,14.74653,121.161654,548,52,208,-102.7
2304,0403402010,San Antonio,Bay,Laguna,Region IV-A (CALABARZON),3,14.19343,121.28166,571,5,20,-85.7
2305,0301420033,Gumaoc East,City of San Jose Del Monte,Bulacan,Region III (Central Luzon),3,14.839445,121.081023,482,2,8,-79.6
2306,0301415003,Bunsuran III,Pandi,Bulacan,Region III (Central Luzon),3,14.879587,120.956885,220,1,4,-51.6
2307,0103314050,Sagayad,City of San Fernando,La Union,Region I (Ilocos Region),3,16.593831,120.332638,257,1,4,-58.7
2308,0105530015,Imbalbalatong,Pozorrubio,Pangasinan,Region I (Ilocos Region),3,16.120275,120.553961,204,5,20,-89.9
2309,0105514001,Arnedo,Bolinao,Pangasinan,Region I (Ilocos Region),3,16.382654,119.883606,487,52,208,-102
2310,0604531007,Barangay IV,City of Victorias,Negros Occidental,Region VI (Western Visayas),3,10.898917,123.073174,96,0,0,
2311,0105519011,Malimpin,Dasol,Pangasinan,Region I (Ilocos Region),3,15.989758,119.880562,138,4,16,-104.3
2312,0306903064,Surgui 2nd,Camiling,Tarlac,Region III (Central Luzon),3,15.676132,120.414528,121,4,16,-85.9
2313,0301403022,Subic,Baliuag,Bulacan,Region III (Central Luzon),3,14.963488,120.903327,577,1,4,-40.9
2314,0307113023,San Fernando,Santa Cruz,Zambales,Region III (Central Luzon),3,15.757573,119.916464,215,21,84,-97.4
2315,0600407016,Tinigaw,Kalibo,Aklan,Region VI (Western Visayas),3,11.706274,122.364016,259,0,0,
2316,0506215005,Barangay Poblacion III,Santa Magdalena,Sorsogon,Region V (Bicol Region),3,12.645668,124.105022,65,0,0,
2317,0500502033,Quirangay,Camalig,Albay,Region V (Bicol Region),3,13.195448,123.656308,261,15,60,-88.2
2318,0403424002,Bagong Pook VI-C,City of San Pablo,Laguna,Region IV-A (CALABARZON),3,14.073049,121.321187,185,0,0,
2319,0304926031,Santo Niño 2nd,San Jose City,Nueva Ecija,Region III (Central Luzon),3,15.797525,120.975075,569,2,8,-80.7
2320,0603026012,Guihaman,Leganes,Iloilo,Region VI (Western Visayas),3,10.776759,122.584308,184,1,4,-66.3
2321,1003522021,San Antonio,Tubod,Lanao del Norte,Region X (Northern Mindanao),3,8.037181,123.805132,167,17,68,-97.9
2322,0105526023,Osiem,Mangaldan,Pangasinan,Region I (Ilocos Region),3,16.059545,120.421971,281,2,8,-70.2
2323,0702210011,Guibuangan,Barili,Cebu,Region VII (Central Visayas),3,10.115316,123.495965,209,3,12,-66.5
2324,0504113019,Poblacion Dist. I,Mobo,Masbate,Region V (Bicol Region),3,12.337323,123.655716,138,2,8,-87.7
2325,1705213007,Poblacion,San Teodoro,Oriental Mindoro,MIMAROPA Region,3,13.435578,121.019042,121,66,264,-98.8
2326,0205005023,La Torre South,Bayombong,Nueva Vizcaya,Region II (Cagayan Valley),3,16.496152,121.136582,222,0,0,
2327,0831600134,Barangay 109,City of Tacloban,Leyte,Region VIII (Eastern Visayas),3,11.205357,124.996211,385,1,4,-82.8
2328,0603035040,Poblacion Ilaya,City of Passi,Iloilo,Region VI (Western Visayas),3,11.109307,122.643637,206,13,52,-94.4
2329,0102908004,Concepcion,Cervantes,Ilocos Sur,Region I (Ilocos Region),3,16.983448,120.719706,164,46,184,-99.4
2330,0203104007,District II,Benito Soliven,Isabela,Region II (Cagayan Valley),3,16.986538,121.958807,159,11,44,-86.6
2331,0730600062,Punta Princesa,City of Cebu,Cebu,Region VII (Central Visayas),3,10.29439,123.871997,2127,0,0,
2332,1606701001,Poblacion,Alegria,Surigao del Norte,Region XIII (Caraga),3,9.466201,125.574331,141,7,28,-94.1
2333,0103309006,Poblacion Norte,Caba,La Union,Region I (Ilocos Region),3,16.431208,120.345736,110,1,4,-82.5
2334,0603019007,Cano-an,Estancia,Iloilo,Region VI (Western Visayas),3,11.457481,123.129616,225,0,0,
2335,0702243019,Mano,San Remigio,Cebu,Region VII (Central Visayas),3,11.051834,123.936626,350,24,96,-94.9
2336,0405618032,Manggagawa,Guinayangan,Quezon,Region IV-A (CALABARZON),3,13.89481,122.453624,220,23,92,-93.5
2337,0603037012,Cau-ayan,Pototan,Iloilo,Region VI (Western Visayas),3,10.951388,122.647423,244,1,4,-80.9
2338,1030500068,Taglimao,City of Cagayan De Oro,Misamis Oriental,Region X (Northern Mindanao),3,8.393908,124.522163,118,37,148,-94.9
2339,1130700138,Barangay 5-A,City of Davao,Davao del Sur,Region XI (Davao Region),3,7.071533,125.596187,1024,2,8,-68.3
2340,0402119006,Iruhin West,City of Tagaytay,Cavite,Region IV-A (CALABARZON),3,14.13893,121.000429,317,2,8,-63.6
2341,0301403006,Hinukay,Baliuag,Bulacan,Region III (Central Luzon),3,15.012495,120.881488,200,0,0,
2342,0730600032,Inayawan,City of Cebu,Cebu,Region VII (Central Visayas),3,10.271823,123.856042,3067,0,0,
2343,0306907019,San Isidro,La Paz,Tarlac,Region III (Central Luzon),3,15.441317,120.728033,290,3,12,-75.1
2344,1705202001,Alcadesma,Bansud,Oriental Mindoro,MIMAROPA Region,3,12.839513,121.459766,147,46,184,-100
2345,0403428001,Aplaya,City of Santa Rosa,Laguna,Region IV-A (CALABARZON),3,14.317957,121.121116,1580,9,36,-86.4
2346,0405804025,Mambog,Binangonan,Rizal,Region IV-A (CALABARZON),3,14.480876,121.212364,907,1,4,-52.4
2347,0301421004,Bantog,San Miguel,Bulacan,Region III (Central Luzon),3,15.211181,120.956102,354,9,36,-90.6
2348,0105502003,Baybay,Aguilar,Pangasinan,Region I (Ilocos Region),3,15.900833,120.229444,309,27,108,-94.7
2349,0501716021,San Nicolas,City of Iriga,Camarines Sur,Region V (Bicol Region),3,13.435132,123.419646,831,3,12,-79.6
2350,1230800036,Dadiangas South,City of General Santos,South Cotabato,Region XII (SOCCSKSARGEN),3,6.110512,125.175515,383,15,60,-96.5
2351,0402106056,Paliparan III,City of Dasmariñas,Cavite,Region IV-A (CALABARZON),3,14.3144,120.982099,6776,0,0,
2352,0501701017,San Jose,Baao,Camarines Sur,Region V (Bicol Region),3,13.463792,123.359497,173,1,4,-66.3
2353,0105523007,Cabinuangan,Mabini,Pangasinan,Region I (Ilocos Region),3,16.081705,119.922633,131,15,60,-90.8
2354,0405630021,Barangay 3 Del Carmen,Pagbilao,Quezon,Region IV-A (CALABARZON),3,13.969529,121.683418,109,8,32,-87
2355,0702234001,Alfaco,City of Naga,Cebu,Region VII (Central Visayas),3,10.242266,123.694765,322,17,68,-87.6
2356,0701219010,Tinago,Dauis,Bohol,Region VII (Central Visayas),3,9.608695,123.82566,253,15,60,-93.5
2357,0103312003,Cares,Pugo,La Union,Region I (Ilocos Region),3,16.320778,120.468581,220,27,108,-89.8
2358,0304930006,Bakal III,Talavera,Nueva Ecija,Region III (Central Luzon),3,15.703519,120.898915,612,2,8,-62.6
2359,1705209037,Guinhawa,Pinamalayan,Oriental Mindoro,MIMAROPA Region,3,13.066545,121.503307,174,10,40,-90.7
2360,0403405001,Bagong Kalsada,City of Calamba,Laguna,Region IV-A (CALABARZON),3,14.189913,121.135361,388,0,0,
2361,0306910010,Canan,Paniqui,Tarlac,Region III (Central Luzon),3,15.683856,120.595306,258,5,20,-76.6
2362,0301410001,Anilao,City of Malolos,Bulacan,Region III (Central Luzon),3,14.842475,120.797676,270,1,4,-51.2
2363,0803738101,Tambulilid,Ormoc City,Leyte,Region VIII (Eastern Visayas),3,11.023663,124.584048,924,1,4,-60.1
2364,0431200028,Mayao Kanluran,City of Lucena,Quezon,Region IV-A (CALABARZON),3,13.949653,121.635236,977,1,4,-65.8
2365,0500508010,Batang,City of Ligao,Albay,Region V (Bicol Region),3,13.250714,123.564111,271,0,0,
2366,0501703035,Tres Reyes,Bato,Camarines Sur,Region V (Bicol Region),3,13.354388,123.365363,110,2,8,-93.3
2367,0403413015,Santo Niño,Lumban,Laguna,Region IV-A (CALABARZON),3,14.298503,121.461484,110,0,0,
2368,0604521010,Canroma,Pontevedra,Negros Occidental,Region VI (Western Visayas),3,10.355196,122.881165,280,23,92,-91.9
2369,0402109019,Palico I,City of Imus,Cavite,Region IV-A (CALABARZON),3,14.389543,120.942128,192,1,4,-41.6
2370,0402108025,San Juan I,City of General Trias,Cavite,Region IV-A (CALABARZON),3,14.382556,120.87727,485,0,0,
2371,0504121002,Armenia,Uson,Masbate,Region V (Bicol Region),3,12.25342,123.74381,317,43,172,-99.9
2372,0501606016,Bulhao,Labo,Camarines Norte,Region V (Bicol Region),3,14.16198,122.832207,179,4,16,-76.7
2373,1130700164,Barangay 31-D,City of Davao,Davao del Sur,Region XI (Davao Region),3,7.172184,125.4513,779,10,40,-94.3
2374,0405802003,Dela Paz,City of Antipolo,Rizal,Region IV-A (CALABARZON),3,14.597466,121.172621,6159,2,8,-76.8
2375,0402123022,Pantaleon Granados,Gen. Mariano Alvarez,Cavite,Region IV-A (CALABARZON),3,14.304082,120.990873,322,0,0,
2376,0604502024,Sampinit,City of Bago,Negros Occidental,Region VI (Western Visayas),3,10.544036,122.852295,824,15,60,-90.5
2377,0501715028,San Juan Bautista,Goa,Camarines Sur,Region V (Bicol Region),3,13.696114,123.487295,93,0,0,
2378,0105508007,Centro Toma,Bani,Pangasinan,Region I (Ilocos Region),3,16.252773,119.802231,188,66,264,-102
2379,0402107004,Castaños Lejos,General Emilio Aguinaldo,Cavite,Region IV-A (CALABARZON),3,14.176126,120.796917,256,1,4,-46.2
2380,0402106022,Fatima I,City of Dasmariñas,Cavite,Region IV-A (CALABARZON),3,14.308303,120.948543,630,0,0,
2381,0301410004,Bagna,City of Malolos,Bulacan,Region III (Central Luzon),3,14.827068,120.821305,443,2,8,-76.4
2382,1705312013,Sibaltan,El Nido,Palawan,MIMAROPA Region,3,11.303154,119.560992,183,131,524,-103.3
2383,0401020015,Bukal,Padre Garcia,Batangas,Region IV-A (CALABARZON),3,13.859203,121.257253,244,2,8,-66.2
2384,0702248018,Poblacion,Tabogon,Cebu,Region VII (Central Visayas),3,10.941242,124.028089,129,43,172,-96.8
2385,1004326013,Poblacion 3,Villanueva,Misamis Oriental,Region X (Northern Mindanao),3,8.572544,124.785507,331,18,72,-94
2386,0405646018,Magsaysay,Tagkawayan,Quezon,Region IV-A (CALABARZON),3,13.965603,122.532106,190,11,44,-87.4
2387,0604528041,Zone 2,City of Talisay,Negros Occidental,Region VI (Western Visayas),3,10.74376,122.964142,177,2,8,-55.5
2388,0301419012,Calasag,San Ildefonso,Bulacan,Region III (Central Luzon),3,15.068973,120.930663,332,3,12,-84.7
2389,0803726010,Masarayao,Kananga,Leyte,Region VIII (Eastern Visayas),3,11.116715,124.592965,264,30,120,-97
2390,0304917026,Poblacion East,Science City of Muñoz,Nueva Ecija,Region III (Central Luzon),3,15.714273,120.905071,188,1,4,-77.7
2391,0403419013,Barangay II,Pagsanjan,Laguna,Region IV-A (CALABARZON),3,14.275165,121.453251,194,0,0,
2392,0402109051,Bucandala IV,City of Imus,Cavite,Region IV-A (CALABARZON),3,14.428505,120.896341,497,0,0,
2393,0300812005,Lalawigan,Samal,Bataan,Region III (Central Luzon),3,14.779004,120.542564,417,7,28,-99
2394,0102812044,"Bgy. No. 27, Nstra. Sra. De Soledad",City of Laoag,Ilocos Norte,Region I (Ilocos Region),3,18.174459,120.59666,136,0,0,
2395,0304932021,San Rafael,Zaragoza,Nueva Ecija,Region III (Central Luzon),3,15.454032,120.794049,128,1,4,-51.7
2396,0506211014,Caditaan,Magallanes,Sorsogon,Region V (Bicol Region),3,12.804201,123.850713,270,32,128,-94.8
2397,0702234013,Lanas,City of Naga,Cebu,Region VII (Central Visayas),3,10.273414,123.719075,264,2,8,-62.6
2398,0600401007,Lumaynay,Altavas,Aklan,Region VI (Western Visayas),3,11.533432,122.484217,92,1,4,-47.8
2399,0102809018,Medina,Dingras,Ilocos Norte,Region I (Ilocos Region),3,18.09981,120.699951,107,5,20,-92.1
2400,1001314018,San Miguel,Manolo Fortich,Bukidnon,Region X (Northern Mindanao),3,8.382621,124.834062,487,23,92,-92.1
2401,0305408009,Don Ignacio Dimson,Lubao,Pampanga,Region III (Central Luzon),3,14.916678,120.565832,454,1,4,-61.5
2402,0301403021,Santo Niño,Baliuag,Bulacan,Region III (Central Luzon),3,14.98603,120.89169,387,1,4,-57
2403,0831600129,Barangay 95,City of Tacloban,Leyte,Region VIII (Eastern Visayas),3,11.209343,124.994265,395,2,8,-71
2404,1004321008,Luyongbonbon,Opol,Misamis Oriental,Region X (Northern Mindanao),3,8.528076,124.570673,252,6,24,-98.5
2405,0402109011,Bucandala I,City of Imus,Cavite,Region IV-A (CALABARZON),3,14.401063,120.947572,923,0,0,
2406,0307110011,Sto. Niño,San Felipe,Zambales,Region III (Central Luzon),3,15.081889,120.079664,405,19,76,-94.3
2407,0730600031,Hippodromo,City of Cebu,Cebu,Region VII (Central Visayas),3,10.313607,123.907228,899,1,4,-47.7
2408,0702218006,Canamucan,Compostela,Cebu,Region VII (Central Visayas),3,10.467392,124.008572,402,5,20,-89.5
2409,0301412012,Libtong,City of Meycauayan,Bulacan,Region III (Central Luzon),3,14.744205,120.980446,1142,0,0,
2410,0402101012,Marahan I,Alfonso,Cavite,Region IV-A (CALABARZON),3,14.132828,120.848828,287,7,28,-83.9
2411,0702211011,Gairan,City of Bogo,Cebu,Region VII (Central Visayas),3,11.053771,124.021482,851,3,12,-74.3
2412,0205005017,District IV,Bayombong,Nueva Vizcaya,Region II (Cagayan Valley),3,16.47831,121.137627,325,4,16,-84
2413,0704623002,Balabag East,Valencia,Negros Oriental,Region VII (Central Visayas),3,9.295667,123.258309,322,2,8,-77.5
2414,0603018040,Tabucan,Dumangas,Iloilo,Region VI (Western Visayas),3,10.819304,122.70067,189,8,32,-94.9
2415,0305403020,San Agustin Norte,Arayat,Pampanga,Region III (Central Luzon),3,15.16357,120.779104,289,7,28,-82.4
2416,1600308018,Barangay 4,San Francisco,Agusan del Sur,Region XIII (Caraga),3,8.504451,125.984444,261,21,84,-94.9
2417,0300807015,Camaya,Mariveles,Bataan,Region III (Central Luzon),3,14.44428,120.480222,1637,13,52,-89.4
2418,0704601001,Bio-os,Amlan,Negros Oriental,Region VII (Central Visayas),3,9.470704,123.19556,338,5,20,-77.4
2419,0601914021,Cabugao,City of Roxas,Capiz,Region VI (Western Visayas),3,11.51235,122.747562,198,1,4,-57.4
2420,0305407017,San Juan Nepomuceno,Guagua,Pampanga,Region III (Central Luzon),3,14.979061,120.64145,528,0,0,
2421,0403423011,Tuy,Rizal,Laguna,Region IV-A (CALABARZON),3,14.119971,121.386989,169,3,12,-72.6
2422,0500504041,Quitago,Guinobatan,Albay,Region V (Bicol Region),3,13.176565,123.606866,201,3,12,-76.9
2423,0500506042,Bgy. 8 - Bagumbayan,City of Legazpi,Albay,Region V (Bicol Region),3,13.141641,123.735427,203,0,0,
2424,0300806009,Townsite,Limay,Bataan,Region III (Central Luzon),3,14.560995,120.595067,490,6,24,-88.5
2425,0105526010,Embarcadero,Mangaldan,Pangasinan,Region I (Ilocos Region),3,16.072421,120.41632,228,2,8,-81.8
2426,0403424006,Barangay II-B,City of San Pablo,Laguna,Region IV-A (CALABARZON),3,14.064762,121.321464,184,0,0,
2427,1230800037,Dadiangas West,City of General Santos,South Cotabato,Region XII (SOCCSKSARGEN),3,6.109692,125.169046,1042,3,12,-85.9
2428,0403404005,Bigaa,City of Cabuyao,Laguna,Region IV-A (CALABARZON),3,14.291087,121.128521,1362,1,4,-66.1
2429,0307114004,Baraca-Camachile,Subic,Zambales,Region III (Central Luzon),3,14.87882,120.233608,279,7,28,-91.3
2430,1102507009,Corporacion,Lupon,Davao Oriental,Region XI (Davao Region),3,6.910447,126.029779,285,13,52,-89.5
2431,0402122004,De Ocampo,City of Trece Martires,Cavite,Region IV-A (CALABARZON),3,14.295334,120.86693,1173,2,8,-68.8
2432,0501706026,San Jose,Bula,Camarines Sur,Region V (Bicol Region),3,13.47378,123.28528,183,4,16,-79.1
2433,0305408025,San Pablo 2nd,Lubao,Pampanga,Region III (Central Luzon),3,14.92221,120.539151,345,5,20,-76.5
2434,1430300018,Camp 8,City of Baguio,Benguet,Cordillera Administrative Region (CAR),3,16.425034,120.604664,209,1,4,-56.5
2435,0405623006,Barangay 3,Lucban,Quezon,Region IV-A (CALABARZON),3,14.110087,121.559971,122,6,24,-81.6
2436,0402103007,Dulong Bayan,City of Bacoor,Cavite,Region IV-A (CALABARZON),3,14.449678,120.935473,626,0,0,
2437,0105517003,Banaoang,Calasiao,Pangasinan,Region I (Ilocos Region),3,16.011105,120.339149,423,1,4,-56.8
2438,0402123020,Marcelino Memije,Gen. Mariano Alvarez,Cavite,Region IV-A (CALABARZON),3,14.294292,121.034286,460,1,4,-74.8
2439,0401021020,Marilag,Rosario,Batangas,Region IV-A (CALABARZON),3,13.849348,121.17965,283,4,16,-72
2440,0601914036,Loctugan,City of Roxas,Capiz,Region VI (Western Visayas),3,11.510152,122.766095,193,3,12,-86.2
2441,0304928007,Mapalad,Santa Rosa,Nueva Ecija,Region III (Central Luzon),3,15.469239,121.09369,415,5,20,-73.5
2442,0203126030,Muñoz West,Roxas,Isabela,Region II (Cagayan Valley),3,17.157943,121.611358,302,15,60,-90.2
2443,0105530028,Poblacion III,Pozorrubio,Pangasinan,Region I (Ilocos Region),3,16.112956,120.545015,122,0,0,
2444,1130700020,Bucana,City of Davao,Davao del Sur,Region XI (Davao Region),3,7.056964,125.610742,7394,20,80,-100
2445,0401031038,Poblacion Barangay 7,City of Tanauan,Batangas,Region IV-A (CALABARZON),3,14.104938,121.106869,448,2,8,-56.4
2446,0702234029,West Poblacion,City of Naga,Cebu,Region VII (Central Visayas),3,10.209996,123.755494,329,16,64,-96.1
2447,0704619016,Mantuyop,Siaton,Negros Oriental,Region VII (Central Visayas),3,9.055106,123.023025,182,87,348,-103.7
2448,0401023039,Talahiban I,San Juan,Batangas,Region IV-A (CALABARZON),3,13.808514,121.390616,224,14,56,-92.3
2449,0201512006,Barangay III,Enrile,Cagayan,Region II (Cagayan Valley),3,17.550913,121.700865,208,17,68,-90.7
2450,1030900016,Palao,City of Iligan,Lanao del Norte,Region X (Northern Mindanao),3,8.226994,124.255168,863,10,40,-97.2
2451,0501601001,Angas,Basud,Camarines Norte,Region V (Bicol Region),3,14.04594,123.01779,107,85,340,-102
2452,0301406012,Talampas,Bustos,Bulacan,Region III (Central Luzon),3,14.931206,120.906751,326,1,4,-43.4
2453,0702250011,Mohon,City of Talisay,Cebu,Region VII (Central Visayas),3,10.24923,123.826412,911,0,0,
2454,1102401018,Poblacion,Bansalan,Davao del Sur,Region XI (Davao Region),3,6.779908,125.215956,620,18,72,-92.3
2455,0402109053,Buhay na Tubig,City of Imus,Cavite,Region IV-A (CALABARZON),3,14.400077,120.960444,3624,1,4,-63
2456,0301409008,San Agustin,Hagonoy,Bulacan,Region III (Central Luzon),3,14.839848,120.74207,931,0,0,
2457,0401008003,Balibago,Calatagan,Batangas,Region IV-A (CALABARZON),3,13.927088,120.6276,330,25,100,-94.6
2458,0403422017,Santa Clara Sur,Pila,Laguna,Region IV-A (CALABARZON),3,14.223894,121.365687,588,0,0,
2459,0304903046,Mabini Extension,City of Cabanatuan,Nueva Ecija,Region III (Central Luzon),3,15.4857,120.974188,300,0,0,
2460,1004311013,Solana,Jasaan,Misamis Oriental,Region X (Northern Mindanao),3,8.62536,124.764612,363,11,44,-86.2
2461,0331400019,West Bajac-bajac,City of Olongapo,Zambales,Region III (Central Luzon),3,14.844024,120.289374,696,0,0,
2462,0304928010,Rizal,Santa Rosa,Nueva Ecija,Region III (Central Luzon),3,15.421374,120.937884,195,0,0,
2463,0702202001,Atabay,Alcoy,Cebu,Region VII (Central Visayas),3,9.702723,123.493219,188,10,40,-85.8
2464,0401020021,Pansol,Padre Garcia,Batangas,Region IV-A (CALABARZON),3,13.8861,121.247561,405,1,4,-62.6
2465,0203105005,Catabban,Burgos,Isabela,Region II (Cagayan Valley),3,17.030334,121.741898,140,17,68,-85.5
2466,1102509022,Sainz,City of Mati,Davao Oriental,Region XI (Davao Region),3,6.96017,126.224436,885,77,308,-102.9
2467,0500510004,Balza,Malinao,Albay,Region V (Bicol Region),3,13.401473,123.703193,167,6,24,-83
2468,0401006031,San Andres Proper,Bauan,Batangas,Region IV-A (CALABARZON),3,13.782815,120.997398,215,1,4,-46.9
2469,0401005075,Barangay 6,Batangas City,Batangas,Region IV-A (CALABARZON),3,13.760269,121.063735,155,0,0,
2470,0702218009,Estaca,Compostela,Cebu,Region VII (Central Visayas),3,10.437493,124.00709,584,10,40,-95.3
2471,0306905033,San Juan,Concepcion,Tarlac,Region III (Central Luzon),3,15.353804,120.605013,425,3,12,-72.7
2472,0501720010,San Juan,Magarao,Camarines Sur,Region V (Bicol Region),3,13.657011,123.176505,84,1,4,-63.9
2473,0600407011,Mobo,Kalibo,Aklan,Region VI (Western Visayas),3,11.698838,122.359949,143,1,4,-47.9
2474,0301418034,Tabon,Pulilan,Bulacan,Region III (Central Luzon),3,14.910559,120.826984,442,1,4,-54.7
2475,0405645040,Sampaloc 2,Sariaya,Quezon,Region IV-A (CALABARZON),3,13.953668,121.505998,484,12,48,-87.5
2476,0402120042,Julugan VIII,Tanza,Cavite,Region IV-A (CALABARZON),3,14.370413,120.809214,465,11,44,-99.7
2477,0500514032,Matacon,Polangui,Albay,Region V (Bicol Region),3,13.325762,123.429464,341,11,44,-84.1
2478,0604520014,Damsite,Murcia,Negros Occidental,Region VI (Western Visayas),3,10.578985,123.060339,272,11,44,-88.8
2479,0301423010,Lalakhan,Santa Maria,Bulacan,Region III (Central Luzon),3,14.815065,120.946067,208,0,0,
2480,0702223021,Looc,Danao City,Cebu,Region VII (Central Visayas),3,10.506628,124.029466,975,3,12,-84.3
2481,0301410029,Mabolo,City of Malolos,Bulacan,Region III (Central Luzon),3,14.842212,120.825892,563,0,0,
2482,0305415017,Manibaug Libutad,Porac,Pampanga,Region III (Central Luzon),3,15.107451,120.562369,444,2,8,-76
2483,0201529018,Carig,Tuguegarao City,Cagayan,Region II (Cagayan Valley),3,17.664425,121.749502,397,1,4,-53.1
2484,0402109095,Tanzang Luma III,City of Imus,Cavite,Region IV-A (CALABARZON),3,14.428077,121.028331,185,7,28,-81.8
2485,0504117025,Pasiagon,Placer,Masbate,Region V (Bicol Region),3,11.8791,123.89556,278,78,312,-103
2486,0604520001,Abo-abo,Murcia,Negros Occidental,Region VI (Western Visayas),3,10.598666,123.064812,288,6,24,-82.6
2487,1004320005,Maputi,Naawan,Misamis Oriental,Region X (Northern Mindanao),3,8.447657,124.293048,238,24,96,-96.4
2488,0501720009,San Isidro,Magarao,Camarines Sur,Region V (Bicol Region),3,13.661521,123.188989,222,1,4,-64.4
2489,0803702052,Milagrosa,Alangalang,Leyte,Region VIII (Eastern Visayas),3,11.206768,124.841348,89,18,72,-98.5
2490,0300803022,Tortugas,City of Balanga,Bataan,Region III (Central Luzon),3,14.692848,120.560115,248,7,28,-99.6
2491,0405605019,Lilukin,Buenavista,Quezon,Region IV-A (CALABARZON),3,13.743515,122.459096,104,68,272,-98
2492,0604530011,Mabini,Valladolid,Negros Occidental,Region VI (Western Visayas),3,10.493867,122.827148,346,15,60,-96.7
2493,0500508053,Tuburan,City of Ligao,Albay,Region V (Bicol Region),3,13.238213,123.551243,471,1,4,-53.3
2494,0504111016,F. Magallanes,City of Masbate,Masbate,Region V (Bicol Region),3,12.36346,123.623663,247,1,4,-51.3
2495,0600411012,Dumga,Makato,Aklan,Region VI (Western Visayas),3,11.707049,122.285432,194,44,176,-102.5
2496,1004310013,San Pedro,Initao,Misamis Oriental,Region X (Northern Mindanao),3,8.487501,124.296834,243,27,108,-98.9
2497,0205007010,Ineangan,Dupax del Norte,Nueva Vizcaya,Region II (Cagayan Valley),3,16.31601,121.09116,383,13,52,-88.7
2498,0307103011,Pamibian,Candelaria,Zambales,Region III (Central Luzon),3,15.62485,119.936318,118,0,0,
2499,0731300007,Canduman,City of Mandaue,Cebu,Region VII (Central Visayas),3,10.368427,123.93507,2012,0,0,
2500,1130700176,Bago Aplaya,City of Davao,Davao del Sur,Region XI (Davao Region),3,7.046624,125.537283,1738,2,8,-63.5
2501,0301405004,Matungao,Bulacan,Bulacan,Region III (Central Luzon),3,14.805051,120.880418,1160,2,8,-67.9
2502,0908305038,Veteran's Village,Ipil,Zamboanga Sibugay,Region IX (Zamboanga Peninsula),3,7.773363,122.571914,670,4,16,-91.8
2503,0431200007,Barangay 4,City of Lucena,Quezon,Region IV-A (CALABARZON),3,13.936564,121.616146,219,0,0,
2504,0105532053,Matagdem,City of San Carlos,Pangasinan,Region I (Ilocos Region),3,15.94744,120.35989,286,0,0,
2505,1402705007,Mabatobato,Lamut,Ifugao,Cordillera Administrative Region (CAR),3,16.659363,121.207093,166,17,68,-92.8
2506,0506216006,Bibincahan,City of Sorsogon,Sorsogon,Region V (Bicol Region),3,12.984088,124.010099,1577,3,12,-75.6
2507,0306913015,Poblacion Sur,San Clemente,Tarlac,Region III (Central Luzon),3,15.711757,120.360522,130,31,124,-98.2
2508,0603034025,Rizal,Oton,Iloilo,Region VI (Western Visayas),3,10.702986,122.484118,182,8,32,-86.4
2509,0600407005,Buswang New,Kalibo,Aklan,Region VI (Western Visayas),3,11.710819,122.375328,902,22,88,-98.4
2510,0330100014,Margot,City of Angeles,Pampanga,Region III (Central Luzon),3,15.171372,120.537894,1064,2,8,-66.5
2511,0105530010,Cablong,Pozorrubio,Pangasinan,Region I (Ilocos Region),3,16.114485,120.546763,201,0,0,
2512,0306903003,Anoling 3rd,Camiling,Tarlac,Region III (Central Luzon),3,15.686668,120.413013,107,1,4,-56.4
2513,0105538017,Minien West,Santa Barbara,Pangasinan,Region I (Ilocos Region),3,15.978647,120.472711,439,4,16,-77.5
2514,0105511010,Bacnono,Bayambang,Pangasinan,Region I (Ilocos Region),3,15.824108,120.462709,193,5,20,-78
2515,1102315026,New Visayas,City of Panabo,Davao del Norte,Region XI (Davao Region),3,7.30881,125.667724,1565,36,144,-100.4
2516,0331400013,Mabayuan,City of Olongapo,Zambales,Region III (Central Luzon),3,14.846742,120.284007,1026,2,8,-77.7
2517,0401009010,Ibabao,Cuenca,Batangas,Region IV-A (CALABARZON),3,13.908709,121.072252,328,1,4,-48.7
2518,1430300089,Poliwes,City of Baguio,Benguet,Cordillera Administrative Region (CAR),3,16.465176,120.610464,227,1,4,-76.2
2519,0500502019,Iluluan,Camalig,Albay,Region V (Bicol Region),3,13.127295,123.600038,117,24,96,-94.3
2520,0603010010,Poblacion,Bingawan,Iloilo,Region VI (Western Visayas),3,11.232498,122.56617,369,105,420,-101.6
2521,0702240011,Poblacion,Samboan,Cebu,Region VII (Central Visayas),3,9.532498,123.306316,314,27,108,-90.8
2522,0401012003,Ayao-iyao,Lemery,Batangas,Region IV-A (CALABARZON),3,13.906644,120.905345,273,2,8,-58.3
2523,0403426014,Barangay I,Santa Cruz,Laguna,Region IV-A (CALABARZON),3,14.278808,121.417729,124,0,0,
2524,0305416017,Malpitic,City of San Fernando,Pampanga,Region III (Central Luzon),3,15.0806,120.655366,598,2,8,-75.6
2525,0702233015,Tunga,Moalboal,Cebu,Region VII (Central Visayas),3,9.953876,123.400122,231,10,40,-87.2
2526,1705320001,Abongan,Taytay,Palawan,MIMAROPA Region,3,10.679006,119.452723,423,111,444,-103.4
2527,0205004007,Banggot,Bambang,Nueva Vizcaya,Region II (Cagayan Valley),3,16.38505,121.11026,381,15,60,-92.3
2528,0402106032,San Lorenzo Ruiz I,City of Dasmariñas,Cavite,Region IV-A (CALABARZON),3,14.311215,120.936088,308,0,0,
2529,0403413002,Balimbingan,Lumban,Laguna,Region IV-A (CALABARZON),3,14.295604,121.457826,105,0,0,
2530,0105512009,Linmansangan,Binalonan,Pangasinan,Region I (Ilocos Region),3,16.048167,120.571848,344,5,20,-74.9
2531,0701232010,Dipatlong,Maribojoc,Bohol,Region VII (Central Visayas),3,9.746402,123.840833,129,20,80,-95.2
2532,0506208033,Pinontingan,Gubat,Sorsogon,Region V (Bicol Region),3,12.91906,124.125723,111,7,28,-85.6
2533,0501606009,Bayabas,Labo,Camarines Norte,Region V (Bicol Region),3,14.185874,122.469405,106,46,184,-95.5
2534,0402102011,Barangay I,Amadeo,Cavite,Region IV-A (CALABARZON),3,14.16717,120.923977,144,0,0,
2535,0301415015,Pinagkuartelan,Pandi,Bulacan,Region III (Central Luzon),3,14.896887,120.980545,618,1,4,-49.5
2536,0403425024,Fatima,City of San Pedro,Laguna,Region IV-A (CALABARZON),3,14.333181,121.047891,647,1,4,-57.2
2537,0103313014,Concepcion,Rosario,La Union,Region I (Ilocos Region),3,16.223617,120.469471,312,4,16,-87.2
2538,0506211002,Aguada Sur,Magallanes,Sorsogon,Region V (Bicol Region),3,12.818658,123.84096,94,2,8,-80.1
2539,0702214011,Valladolid,City of Carcar,Cebu,Region VII (Central Visayas),3,10.097545,123.655293,1027,23,92,-96.4
2540,1606819008,Mabua,City of Tandag,Surigao del Sur,Region XIII (Caraga),3,9.063298,126.203612,626,71,284,-103.1
2541,1001321011,Kahapunan,City of Valencia,Bukidnon,Region X (Northern Mindanao),3,7.90339,125.106108,583,0,0,
2542,0405805020,Santo Domingo,Cainta,Rizal,Region IV-A (CALABARZON),3,14.58327,121.111232,3769,0,0,
2543,0403403001,Biñan,City of Biñan,Laguna,Region IV-A (CALABARZON),3,14.315811,121.076883,708,0,0,
2544,0403408007,Bulihan,Famy,Laguna,Region IV-A (CALABARZON),3,14.460551,121.478679,283,10,40,-93.4
2545,0401010012,Matala,Ibaan,Batangas,Region IV-A (CALABARZON),3,13.833887,121.134067,259,1,4,-65.6
2546,0506216008,Bitan-o/Dalipay,City of Sorsogon,Sorsogon,Region V (Bicol Region),3,13.145758,123.74559,253,0,0,
2547,0205005016,District III Pob.,Bayombong,Nueva Vizcaya,Region II (Cagayan Valley),3,16.491827,121.145584,202,1,4,-50.2
2548,1004312003,Buko,Kinoguitan,Misamis Oriental,Region X (Northern Mindanao),3,8.993916,124.804833,198,25,100,-100.5
2549,0506207025,Ogod,Donsol,Sorsogon,Region V (Bicol Region),3,12.901161,123.615249,320,42,168,-99.2
2550,0730600074,Sirao,City of Cebu,Cebu,Region VII (Central Visayas),3,10.416732,123.870732,342,6,24,-83.9
2551,0307704009,Simbahan,Dinalungan,Aurora,Region III (Central Luzon),3,16.129019,121.89498,102,111,444,-101.3
2552,0304931014,Osmeña,Talugtug,Nueva Ecija,Region III (Central Luzon),3,15.778264,120.813788,102,16,64,-86.7
2553,1001321025,San Carlos,City of Valencia,Bukidnon,Region X (Northern Mindanao),3,7.925779,125.112656,431,3,12,-76.3
2554,0105530025,Palguyod,Pozorrubio,Pangasinan,Region I (Ilocos Region),3,16.122729,120.521764,277,12,48,-85.9
2555,0501701014,Buluang,Baao,Camarines Sur,Region V (Bicol Region),3,13.469875,123.356938,568,6,24,-82.1
2556,0405813003,San Isidro,Taytay,Rizal,Region IV-A (CALABARZON),3,14.572829,121.131382,3307,2,8,-63.6
2557,0402122008,Osorio,City of Trece Martires,Cavite,Region IV-A (CALABARZON),3,14.291067,120.87966,1025,1,4,-66.2
2558,0401006002,Aplaya,Bauan,Batangas,Region IV-A (CALABARZON),3,13.781671,121.006935,673,3,12,-74.9
2559,0500508036,Pandan,City of Ligao,Albay,Region V (Bicol Region),3,13.224119,123.531199,374,8,32,-80
2560,1001312012,Casisang,City of Malaybalay,Bukidnon,Region X (Northern Mindanao),3,8.142056,125.118855,2597,29,116,-95.5
2561,1004324010,Sugbongcogon,Tagoloan,Misamis Oriental,Region X (Northern Mindanao),3,8.53633,124.767866,365,8,32,-96.9
2562,0306906001,Abagon,Gerona,Tarlac,Region III (Central Luzon),3,15.611752,120.609019,375,3,12,-63.1
2563,0105547009,Lipay,Villasis,Pangasinan,Region I (Ilocos Region),3,15.899842,120.605092,316,6,24,-79.2
2564,0105543010,Libertad,Tayug,Pangasinan,Region I (Ilocos Region),3,16.017982,120.758263,220,3,12,-86.8
2565,0102818003,Anao,Piddig,Ilocos Norte,Region I (Ilocos Region),3,18.165102,120.71207,102,14,56,-89.7
2566,0702234015,Lutac,City of Naga,Cebu,Region VII (Central Visayas),3,10.248591,123.724965,444,2,8,-68.9
2567,0401031035,Poblacion Barangay 4,City of Tanauan,Batangas,Region IV-A (CALABARZON),3,14.088383,121.113441,449,1,4,-59.7
2568,0401021044,Santa Cruz,Rosario,Batangas,Region IV-A (CALABARZON),3,13.862929,121.18927,280,1,4,-75
2569,0304928026,Gomez,Santa Rosa,Nueva Ecija,Region III (Central Luzon),3,15.416,120.93738,173,2,8,-65.1
2570,0501705037,Santa Elena,Buhi,Camarines Sur,Region V (Bicol Region),3,13.412562,123.525284,272,0,0,
2571,0305417010,Santa Catalina,San Luis,Pampanga,Region III (Central Luzon),3,15.058251,120.798136,275,10,40,-81.9
2572,0401009012,Pinagkaisahan,Cuenca,Batangas,Region IV-A (CALABARZON),3,13.9062,121.052489,168,1,4,-32.9
2573,0501731004,Buracan,Sagñay,Camarines Sur,Region V (Bicol Region),3,13.599823,123.505322,224,3,12,-77.7
2574,1430300008,Bayan Park West,City of Baguio,Benguet,Cordillera Administrative Region (CAR),3,16.411601,120.600524,117,0,0,
2575,0201504045,Palayag,Amulung,Cagayan,Region II (Cagayan Valley),3,17.811026,121.675897,110,39,156,-93.7
2576,0604504001,Andres Bonifacio,City of Cadiz,Negros Occidental,Region VI (Western Visayas),3,10.682686,122.953758,527,7,28,-98.3
2577,0203108045,Marabulig I,City of Cauayan,Isabela,Region II (Cagayan Valley),3,16.918534,121.74639,371,29,116,-92.8
2578,1130700154,Barangay 21-C,City of Davao,Davao del Sur,Region XI (Davao Region),3,7.174706,125.464945,668,4,16,-81.2
2579,0402109030,Anabu I-C,City of Imus,Cavite,Region IV-A (CALABARZON),3,14.42339,120.952627,684,0,0,
2580,0603026014,Guintas,Leganes,Iloilo,Region VI (Western Visayas),3,10.772319,122.596756,173,7,28,-95.5
2581,0403429013,Pandeno,Siniloan,Laguna,Region IV-A (CALABARZON),3,14.417787,121.443449,346,0,0,
2582,0300811006,Balut II,Pilar,Bataan,Region III (Central Luzon),3,14.651978,120.538158,113,0,0,
2583,0402108016,Navarro,City of General Trias,Cavite,Region IV-A (CALABARZON),3,14.386608,120.903562,4468,1,4,-50.1
2584,0403411015,Malinta,Los Baños,Laguna,Region IV-A (CALABARZON),3,14.185889,121.230102,651,1,4,-85.3
2585,0405603039,Tagbakin,Atimonan,Quezon,Region IV-A (CALABARZON),3,13.996426,121.912002,445,26,104,-94.7
2586,0506216058,San Roque,City of Sorsogon,Sorsogon,Region V (Bicol Region),3,13.016469,124.033303,278,5,20,-82
2587,0908305013,Lower Ipil Heights,Ipil,Zamboanga Sibugay,Region IX (Zamboanga Peninsula),3,7.779026,122.580345,107,1,4,-40
2588,0402103020,Salinas I,City of Bacoor,Cavite,Region IV-A (CALABARZON),3,14.439939,120.935907,1826,0,0,
2589,0307102019,San Isidro,Cabangan,Zambales,Region III (Central Luzon),3,15.168918,120.045451,192,29,116,-97.9
2590,0307104014,San Roque,Castillejos,Zambales,Region III (Central Luzon),3,14.92969,120.205183,118,1,4,-43.3
2591,0401004004,Magapi,Balete,Batangas,Region IV-A (CALABARZON),3,14.027467,121.098402,188,1,4,-81
2592,0105545005,Bayaoas,Urbiztondo,Pangasinan,Region I (Ilocos Region),3,15.832554,120.354635,365,7,28,-83.7
2593,0305417015,Santa Rita,San Luis,Pampanga,Region III (Central Luzon),3,15.031677,120.777498,211,6,24,-76.7
2594,0201502025,Tupang,Alcala,Cagayan,Region II (Cagayan Valley),3,17.905463,121.642295,200,18,72,-91.3
2595,0630200004,Barangay 1,City of Bacolod,Negros Occidental,Region VI (Western Visayas),3,10.649048,122.975737,470,1,4,-83.4
2596,0908305024,Sanito,Ipil,Zamboanga Sibugay,Region IX (Zamboanga Peninsula),3,7.786514,122.59573,687,63,252,-104
2597,0402115023,Munting Mapino,Naic,Cavite,Region IV-A (CALABARZON),3,14.335346,120.771958,506,10,40,-101.1
2598,0604520011,Caliban,Murcia,Negros Occidental,Region VI (Western Visayas),3,10.585407,123.071945,259,0,0,
2599,0603026013,Guinobatan,Leganes,Iloilo,Region VI (Western Visayas),3,10.78371,122.600033,192,5,20,-82.7
2600,0506204009,Madlawon,Bulusan,Sorsogon,Region V (Bicol Region),3,12.760591,124.136168,96,38,152,-96.4
2601,0403405013,Halang,City of Calamba,Laguna,Region IV-A (CALABARZON),3,14.197802,121.160284,855,1,4,-56.7
2602,0401003004,Barangay 10,Balayan,Batangas,Region IV-A (CALABARZON),3,13.958163,120.723554,231,2,8,-66.8
2603,0702251037,Talavera,City of Toledo,Cebu,Region VII (Central Visayas),3,10.412402,123.666162,624,18,72,-91.6
2604,0702232010,Poblacion Ward I,Minglanilla,Cebu,Region VII (Central Visayas),3,10.244317,123.798273,186,0,0,
2605,0506208034,Rizal,Gubat,Sorsogon,Region V (Bicol Region),3,12.882258,124.137751,204,14,56,-91.9
2606,0203122002,Alunan,Quezon,Isabela,Region II (Cagayan Valley),3,17.311835,121.609316,106,88,352,-98.8
2607,0405603041,Tinandog,Atimonan,Quezon,Region IV-A (CALABARZON),3,14.00093,121.928069,100,27,108,-97.6
2608,0403410016,Ibabang Taykin,Liliw,Laguna,Region IV-A (CALABARZON),3,14.134481,121.436228,100,1,4,-53.7
2609,0403403019,San Antonio,City of Biñan,Laguna,Region IV-A (CALABARZON),3,14.33645,121.088209,3604,1,4,-37.7
2610,0304903072,San Josef Sur,City of Cabanatuan,Nueva Ecija,Region III (Central Luzon),3,15.477904,120.947441,727,1,4,-68.4
2611,0405814005,May-Iba,Teresa,Rizal,Region IV-A (CALABARZON),3,14.563259,121.20672,492,1,4,-73
2612,0402110008,Calumpang Cerca,Indang,Cavite,Region IV-A (CALABARZON),3,14.211963,120.865644,282,2,8,-54.7
2613,0401021043,San Roque,Rosario,Batangas,Region IV-A (CALABARZON),3,13.856153,121.20892,395,1,4,-62.6
2614,0401002012,Muzon Segundo,Alitagtag,Batangas,Region IV-A (CALABARZON),3,13.860405,121.002098,197,1,4,-71.8
2615,0702243017,Looc,San Remigio,Cebu,Region VII (Central Visayas),3,11.066548,123.936808,191,7,28,-91.4
2616,0501724006,Calauag,City of Naga,Camarines Sur,Region V (Bicol Region),3,13.642954,123.19118,805,0,0,
2617,0506216013,Burabod,City of Sorsogon,Sorsogon,Region V (Bicol Region),3,12.971782,124.005131,169,0,0,
2618,0405814004,Dulumbayan,Teresa,Rizal,Region IV-A (CALABARZON),3,14.563291,121.206723,742,0,0,
2619,0501710020,San Vicente,Canaman,Camarines Sur,Region V (Bicol Region),3,13.635672,123.174286,226,0,0,
2620,0702231009,Caputatan Sur,Medellin,Cebu,Region VII (Central Visayas),3,11.123675,123.968525,224,5,20,-74.3
2621,0730600003,Apas,City of Cebu,Cebu,Region VII (Central Visayas),3,10.336974,123.906505,2271,0,0,
2622,0501717030,San Rafael,Lagonoy,Camarines Sur,Region V (Bicol Region),3,13.727608,123.519012,154,1,4,-39.4
2623,0603034021,Poblacion North,Oton,Iloilo,Region VI (Western Visayas),3,10.690846,122.484212,106,1,4,-40.8
2624,0402106046,Santo Niño I,City of Dasmariñas,Cavite,Region IV-A (CALABARZON),3,14.332323,120.992654,266,1,4,-58.4
2625,1630400062,Mahogany Pob.,City of Butuan,Agusan del Norte,Region XIII (Caraga),3,8.960556,125.550833,466,4,16,-82.5
2626,0305416002,Baliti,City of San Fernando,Pampanga,Region III (Central Luzon),3,15.10772,120.62267,549,1,4,-61.3
2627,0305415010,Cangatba,Porac,Pampanga,Region III (Central Luzon),3,15.070578,120.53926,234,0,0,
2628,0203108070,Turayong,City of Cauayan,Isabela,Region II (Cagayan Valley),3,16.940535,121.775856,274,3,12,-81
2629,0402106045,Santo Cristo,City of Dasmariñas,Cavite,Region IV-A (CALABARZON),3,14.339415,120.955607,423,1,4,-49.6
2630,0105526027,Salaan,Mangaldan,Pangasinan,Region I (Ilocos Region),3,16.085186,120.403869,247,0,0,
2631,0103307037,Taberna,Bauang,La Union,Region I (Ilocos Region),3,16.540044,120.334979,171,5,20,-77.4
2632,0301405012,San Nicolas,Bulacan,Bulacan,Region III (Central Luzon),3,14.797369,120.868106,562,6,24,-94.3
2633,0301421059,Tigpalas,San Miguel,Bulacan,Region III (Central Luzon),3,15.180648,120.986739,394,1,4,-66.5
2634,0402110026,Barangay 4,Indang,Cavite,Region IV-A (CALABARZON),3,14.199981,120.873392,220,2,8,-72.7
2635,1600306023,San Jose,Prosperidad,Agusan del Sur,Region XIII (Caraga),3,8.693082,125.835189,221,58,232,-98
2636,0301404002,Bagumbayan,Bocaue,Bulacan,Region III (Central Luzon),3,14.806879,120.931318,346,3,12,-76.1
2637,0401015002,Balatbat,Lobo,Batangas,Region IV-A (CALABARZON),3,13.656329,121.206581,210,21,84,-90.5
2638,1430300016,Camp Allen,City of Baguio,Benguet,Cordillera Administrative Region (CAR),3,16.403918,120.605977,185,1,4,-47.5
2639,0103305012,Cabuaan Oeste,Balaoan,La Union,Region I (Ilocos Region),3,16.816116,120.404928,99,57,228,-97.1
2640,0402103014,Molino I,City of Bacoor,Cavite,Region IV-A (CALABARZON),3,14.422635,120.975712,1544,0,0,
2641,0301415006,Cacarong Bata,Pandi,Bulacan,Region III (Central Luzon),3,14.903612,120.967342,1312,0,0,
2642,0603043041,Lanag,Santa Barbara,Iloilo,Region VI (Western Visayas),3,10.833643,122.543991,182,6,24,-76.4
2643,0401019048,Wawa,Nasugbu,Batangas,Region IV-A (CALABARZON),3,14.081212,120.624638,1324,10,40,-88.1
2644,0603045046,Parara Sur,Tigbauan,Iloilo,Region VI (Western Visayas),3,10.67326,122.366455,223,13,52,-103.5
2645,0105526005,Bantayan,Mangaldan,Pangasinan,Region I (Ilocos Region),3,16.089985,120.389661,320,1,4,-60.6
2646,0205702008,Mangandingay,Cabarroguis,Quirino,Region II (Cagayan Valley),3,16.516179,121.547456,257,4,16,-73.3
2647,0103309015,Santiago Sur,Caba,La Union,Region I (Ilocos Region),3,16.426866,120.337965,170,26,104,-98.2
2648,0103307027,Payocpoc Norte Oeste,Bauang,La Union,Region I (Ilocos Region),3,16.526626,120.323592,164,9,36,-93.1
2649,0704610018,Piapi,City of Dumaguete,Negros Oriental,Region VII (Central Visayas),3,9.321702,123.306502,398,11,44,-94.6
2650,0403403022,Soro-soro,City of Biñan,Laguna,Region IV-A (CALABARZON),3,14.3255,121.061172,716,0,0,
2651,0402109028,Alapan II-B,City of Imus,Cavite,Region IV-A (CALABARZON),3,14.391188,120.954931,432,1,4,-51.3
2652,0403414009,Libis ng Nayon,Mabitac,Laguna,Region IV-A (CALABARZON),3,14.426726,121.432098,110,1,4,-56.8
2653,0506209016,Macawayan,Irosin,Sorsogon,Region V (Bicol Region),3,12.704735,124.017078,244,7,28,-83.7
2654,0307103003,Catol,Candelaria,Zambales,Region III (Central Luzon),3,15.621028,119.934686,106,3,12,-84.1
2655,1130700023,Cabantian,City of Davao,Davao del Sur,Region XI (Davao Region),3,7.120746,125.619606,4600,1,4,-61.6
2656,0301415007,Cacarong Matanda,Pandi,Bulacan,Region III (Central Luzon),3,14.903643,120.96728,1119,0,0,
2657,0403415011,Cigaras,Magdalena,Laguna,Region IV-A (CALABARZON),3,14.223855,121.430149,358,5,20,-81.4
2658,0203101014,Linglingay,Alicia,Isabela,Region II (Cagayan Valley),3,16.798424,121.69865,226,13,52,-86.7
2659,0301410038,Panasahan,City of Malolos,Bulacan,Region III (Central Luzon),3,14.821948,120.827014,850,12,48,-94.6
2660,0402116010,Salcedo II,Noveleta,Cavite,Region IV-A (CALABARZON),3,14.425066,120.869409,596,0,0,
2661,0105512024,Sumabnit,Binalonan,Pangasinan,Region I (Ilocos Region),3,16.030671,120.582238,416,5,20,-77.3
2662,0401021001,Alupay,Rosario,Batangas,Region IV-A (CALABARZON),3,13.844101,121.294675,370,2,8,-79.5
2663,0307104003,Del Pilar,Castillejos,Zambales,Region III (Central Luzon),3,14.926146,120.214769,1005,3,12,-97.7
2664,0501723012,Lourdes Young,Nabua,Camarines Sur,Region V (Bicol Region),3,13.386683,123.386321,257,3,12,-68.2
2665,0631000137,Rizal Estanzuela,City of Iloilo,Iloilo,Region VI (Western Visayas),3,10.693137,122.560351,238,4,16,-83.6
2666,0501734038,San Vicente,Sipocot,Camarines Sur,Region V (Bicol Region),3,13.76409,122.975498,83,1,4,-61.7
2667,0603045011,Barangay 4,Tigbauan,Iloilo,Region VI (Western Visayas),3,10.679386,122.382299,83,6,24,-91.4
2668,1108207017,San Jose,Monkayo,Davao de Oro,Region XI (Davao Region),3,7.846297,126.049488,260,26,104,-99.7
2669,1705206012,Kawit,Gloria,Oriental Mindoro,MIMAROPA Region,3,12.957204,121.487,187,25,100,-98.9
2670,0504113016,Nasunduan,Mobo,Masbate,Region V (Bicol Region),3,12.338042,123.659079,103,15,60,-100.1
2671,0401030019,Quiling,Talisay,Batangas,Region IV-A (CALABARZON),3,14.0943,121.038283,429,5,20,-80.8
2672,0301415008,Cupang,Pandi,Bulacan,Region III (Central Luzon),3,14.895332,120.937135,266,1,4,-48
2673,0304919010,Malate,City of Palayan,Nueva Ecija,Region III (Central Luzon),3,15.542762,121.084329,199,5,20,-78.4
2674,0402116011,San Antonio II,Noveleta,Cavite,Region IV-A (CALABARZON),3,14.418591,120.885843,193,1,4,-77.3
2675,0730600078,T. Padilla,City of Cebu,Cebu,Region VII (Central Visayas),3,10.343203,123.907239,631,1,4,-60.2
2676,0203112036,Pangal Norte,Echague,Isabela,Region II (Cagayan Valley),3,16.610225,121.677092,128,23,92,-89
2677,0403422012,Pinagbayanan,Pila,Laguna,Region IV-A (CALABARZON),3,14.249832,121.359977,607,2,8,-61.9
2678,0401034022,Toong,Tuy,Batangas,Region IV-A (CALABARZON),3,14.071048,120.765503,221,16,64,-85.5
2679,0307108015,West Poblacion,Palauig,Zambales,Region III (Central Luzon),3,15.434145,119.904932,98,12,48,-89
2680,0401034015,Rizal,Tuy,Batangas,Region IV-A (CALABARZON),3,14.021687,120.730134,98,1,4,-90.2
2681,0501732015,Pamukid,San Fernando,Camarines Sur,Region V (Bicol Region),3,13.557422,123.123551,437,8,32,-82
2682,0401023008,Calitcalit,San Juan,Batangas,Region IV-A (CALABARZON),3,13.828199,121.410715,409,4,16,-86.5
2683,1204707029,Poblacion,Makilala,Cotabato,Region XII (SOCCSKSARGEN),3,6.966789,125.101927,703,57,228,-99
2684,0405804038,Libid,Binangonan,Rizal,Region IV-A (CALABARZON),3,14.461467,121.199376,644,1,4,-37.7
2685,0105512021,Sta. Maria Norte,Binalonan,Pangasinan,Region I (Ilocos Region),3,16.044836,120.592804,232,2,8,-56
2686,0603035024,Imbang Grande,City of Passi,Iloilo,Region VI (Western Visayas),3,11.105492,122.662418,224,26,104,-95.8
2687,0500517004,Bantayan,City of Tabaco,Albay,Region V (Bicol Region),3,13.337565,123.657288,120,17,68,-88.1
2688,0301407017,Meyto,Calumpit,Bulacan,Region III (Central Luzon),3,14.889671,120.727107,262,0,0,
2689,0604524010,Barangay I,City of San Carlos,Negros Occidental,Region VI (Western Visayas),3,10.493735,123.428146,902,30,120,-96.3
2690,1030500042,Camaman-an,City of Cagayan De Oro,Misamis Oriental,Region X (Northern Mindanao),3,8.472918,124.659034,2990,0,0,
2691,0931700075,Santa Catalina,City of Zamboanga,Zamboanga del Sur,Region IX (Zamboanga Peninsula),3,6.90876,122.087779,1446,13,52,-99.4
2692,0203114013,Baligatan,City of Ilagan,Isabela,Region II (Cagayan Valley),3,17.12328,121.86692,222,1,4,-56.6
2693,1408103010,Poblacion East,Flora,Apayao,Cordillera Administrative Region (CAR),3,18.214171,121.424521,193,22,88,-94.1
2694,0630200056,Sum-ag,City of Bacolod,Negros Occidental,Region VI (Western Visayas),3,10.601662,122.920346,1773,17,68,-88.2
2695,0601914035,Libas,City of Roxas,Capiz,Region VI (Western Visayas),3,11.594208,122.722085,639,1,4,-69.7
2696,1030900030,Tubod,City of Iligan,Lanao del Norte,Region X (Northern Mindanao),3,8.213654,124.24271,2661,5,20,-84
2697,0401029014,Iba,Taal,Batangas,Region IV-A (CALABARZON),3,13.871856,120.940994,287,1,4,-45.1
2698,0402106065,San Agustin II,City of Dasmariñas,Cavite,Region IV-A (CALABARZON),3,14.318018,120.952387,1086,0,0,
2699,0501701012,Sagrada,Baao,Camarines Sur,Region V (Bicol Region),3,13.439947,123.390407,314,1,4,-39.6
2700,0402106078,Santo Niño II,City of Dasmariñas,Cavite,Region IV-A (CALABARZON),3,14.338947,121.021827,254,0,0,
2701,1001321028,Sinabuagan,City of Valencia,Bukidnon,Region X (Northern Mindanao),3,7.919476,125.092042,201,6,24,-89.9
2702,0304912008,Magsalisi,Jaen,Nueva Ecija,Region III (Central Luzon),3,15.399996,120.924531,345,3,12,-67.2
2703,0301407004,Buguion,Calumpit,Bulacan,Region III (Central Luzon),3,14.89827,120.792885,344,1,4,-57.3
2704,1130700186,Lapu-lapu,City of Davao,Davao del Sur,Region XI (Davao Region),3,7.096168,125.64208,1212,11,44,-97.7
2705,0300807008,Poblacion,Mariveles,Bataan,Region III (Central Luzon),3,14.436121,120.484121,736,9,36,-94
2706,0306904008,Estrada,Capas,Tarlac,Region III (Central Luzon),3,15.399615,120.598409,326,4,16,-78
2707,0704618008,Caranoche,Santa Catalina,Negros Oriental,Region VII (Central Visayas),3,9.351827,122.839581,355,61,244,-101.7
2708,0501701018,San Juan,Baao,Camarines Sur,Region V (Bicol Region),3,13.451883,123.387355,271,2,8,-65.5
2709,0600407007,Caano,Kalibo,Aklan,Region VI (Western Visayas),3,11.705381,122.364293,150,0,0,
2710,1108211002,Bongbong,Pantukan,Davao de Oro,Region XI (Davao Region),3,7.107629,125.908298,379,66,264,-101.2
2711,0402101016,Sikat,Alfonso,Cavite,Region IV-A (CALABARZON),3,14.095481,120.888086,212,1,4,-62.5
2712,0301403014,Poblacion,Baliuag,Bulacan,Region III (Central Luzon),3,14.957408,120.898812,947,0,0,
2713,0402103021,San Nicolas I,City of Bacoor,Cavite,Region IV-A (CALABARZON),3,14.446397,120.968018,743,0,0,
2714,0403405038,Barangay 1,City of Calamba,Laguna,Region IV-A (CALABARZON),3,14.204854,121.158386,580,0,0,
2715,0402111016,Congbalay-Legaspi,Kawit,Cavite,Region IV-A (CALABARZON),3,14.451272,120.922575,406,2,8,-75.7
2716,0501708022,Manguiring,Calabanga,Camarines Sur,Region V (Bicol Region),3,13.746058,123.278283,293,25,100,-92.9
2717,0603018019,Ermita,Dumangas,Iloilo,Region VI (Western Visayas),3,10.814338,122.690422,271,26,104,-97.2
2718,0405805018,Santa Rosa,Cainta,Rizal,Region IV-A (CALABARZON),3,14.582103,121.118117,129,1,4,-69.3
2719,0304912015,Niyugan,Jaen,Nueva Ecija,Region III (Central Luzon),3,15.323871,120.892739,689,2,8,-71.1
2720,0631000016,Banuyao,City of Iloilo,Iloilo,Region VI (Western Visayas),3,10.71796,122.567202,100,0,0,
2721,0301422032,Tambubong,San Rafael,Bulacan,Region III (Central Luzon),3,14.968912,120.926304,692,1,4,-52.3
2722,0402103015,Niog I,City of Bacoor,Cavite,Region IV-A (CALABARZON),3,14.429842,120.9746,476,1,4,-49.9
2723,0702221004,Bateria,Daanbantayan,Cebu,Region VII (Central Visayas),3,11.141274,124.025554,312,38,152,-98.6
2724,0501715033,Tagongtong,Goa,Camarines Sur,Region V (Bicol Region),3,13.694936,123.475204,194,7,28,-88.4
2725,0403426012,Palasan,Santa Cruz,Laguna,Region IV-A (CALABARZON),3,14.254378,121.420198,361,1,4,-67
2726,0402106076,Santa Cristina II,City of Dasmariñas,Cavite,Region IV-A (CALABARZON),3,14.259657,120.989857,326,6,24,-79.3
2727,0401003008,Barangay 3,Balayan,Batangas,Region IV-A (CALABARZON),3,13.948753,120.728409,127,0,0,
2728,0203126016,Rang-ayan,Roxas,Isabela,Region II (Cagayan Valley),3,17.114035,121.619675,119,0,0,
2729,0405802018,Muntingdilaw,City of Antipolo,Rizal,Region IV-A (CALABARZON),3,14.597354,121.12624,1078,2,8,-69.9
2730,0405804022,Lunsad,Binangonan,Rizal,Region IV-A (CALABARZON),3,14.462124,121.19549,937,1,4,-80.5
2731,0402122015,Luciano,City of Trece Martires,Cavite,Region IV-A (CALABARZON),3,14.268453,120.87132,836,1,4,-53.4
2732,0702207004,Basak,Badian,Cebu,Region VII (Central Visayas),3,10.289978,123.865888,138,0,0,
2733,0601916019,Poblacion Norte,Sigma,Capiz,Region VI (Western Visayas),3,11.423611,122.664444,100,2,8,-82.1
2734,1705208043,Pinagsabangan I,Naujan,Oriental Mindoro,MIMAROPA Region,3,13.253814,121.268426,202,32,128,-96.3
2735,0305403012,Lacquios,Arayat,Pampanga,Region III (Central Luzon),3,15.167728,120.77343,297,11,44,-89.8
2736,0702234008,Colon,City of Naga,Cebu,Region VII (Central Visayas),3,10.221345,123.761085,424,3,12,-74.3
2737,0105503031,San Vicente,City of Alaminos,Pangasinan,Region I (Ilocos Region),3,16.140049,119.993289,373,14,56,-90.2
2738,0603032023,Wari-wari,New Lucena,Iloilo,Region VI (Western Visayas),3,10.883672,122.600015,83,2,8,-67
2739,0501706021,Sagrada,Bula,Camarines Sur,Region V (Bicol Region),3,13.475896,123.279851,144,1,4,-38.9
2740,0402116015,San Rafael IV,Noveleta,Cavite,Region IV-A (CALABARZON),3,14.444618,120.886443,228,1,4,-39
2741,0301415014,Masuso,Pandi,Bulacan,Region III (Central Luzon),3,14.881988,120.940121,745,2,8,-74.7
2742,0501603013,Gahonon,Daet,Camarines Norte,Region V (Bicol Region),3,14.130199,122.955004,262,2,8,-82.7
2743,1903617066,Basak Malutlut,City of Marawi,Lanao del Sur,Bangsamoro Autonomous Region In Muslim Mindanao (BARMM),3,8.002569,124.272349,209,55,220,-104.6
2744,0201525003,Centro East,Santa Teresita,Cagayan,Region II (Cagayan Valley),3,18.252935,121.906569,146,18,72,-99.7
2745,0105533018,Nibaliw Magliba,San Fabian,Pangasinan,Region I (Ilocos Region),3,16.120376,120.393426,148,1,4,-58
2746,1401108013,Paykek,Kapangan,Benguet,Cordillera Administrative Region (CAR),3,16.574693,120.604938,131,59,236,-96.4
2747,0401014062,San Lucas,City of Lipa,Batangas,Region IV-A (CALABARZON),3,14.017319,121.18433,363,9,36,-80.1
2748,0501736018,San Antonio,Tigaon,Camarines Sur,Region V (Bicol Region),3,13.644922,123.499679,213,0,0,
2749,0603007001,Acuit,Barotac Nuevo,Iloilo,Region VI (Western Visayas),3,10.884725,122.696342,226,4,16,-76.6
2750,0203113009,Guibang,Gamu,Isabela,Region II (Cagayan Valley),3,17.0561,121.85614,247,8,32,-83.6
2751,0304902006,Cruz,Bongabon,Nueva Ecija,Region III (Central Luzon),3,15.615836,121.155195,195,1,4,-58.7
2752,1430300026,Cresencia Village,City of Baguio,Benguet,Cordillera Administrative Region (CAR),3,16.419648,120.587953,133,0,0,
2753,0402115020,Malainen Bago,Naic,Cavite,Region IV-A (CALABARZON),3,14.30788,120.768088,874,1,4,-69.5
2754,0103314059,Tanqui,City of San Fernando,La Union,Region I (Ilocos Region),3,16.61646,120.323922,430,3,12,-95.9
2755,1600206005,Mahayahay,Kitcharao,Agusan del Norte,Region XIII (Caraga),3,9.445035,125.58431,232,30,120,-99.4
2756,0306911014,Poblacion 3,Pura,Tarlac,Region III (Central Luzon),3,15.624186,120.648512,96,3,12,-74.7
2757,0600402007,Fulgencio,Balete,Aklan,Region VI (Western Visayas),3,11.588174,122.36872,287,5,20,-78.6
2758,1401111009,Palasaan,Mankayan,Benguet,Cordillera Administrative Region (CAR),3,16.835727,120.796565,262,11,44,-88.7
2759,0305402015,Tabuyuc,Apalit,Pampanga,Region III (Central Luzon),3,14.950679,120.773729,747,4,16,-76.2
2760,0630200041,Barangay 6,City of Bacolod,Negros Occidental,Region VI (Western Visayas),3,10.614506,122.942517,186,4,16,-76.4
2761,0601916003,Balucuan,Sigma,Capiz,Region VI (Western Visayas),3,11.4249,122.666317,94,3,12,-72.6
2762,1130700080,Mudiang,City of Davao,Davao del Sur,Region XI (Davao Region),3,7.182719,125.621541,378,10,40,-88.7
2763,0931700004,Baliwasan,City of Zamboanga,Zamboanga del Sur,Region IX (Zamboanga Peninsula),3,6.915042,122.060211,1558,36,144,-101.4
2764,0306909012,Camangaan West,Moncada,Tarlac,Region III (Central Luzon),3,15.720436,120.570533,104,3,12,-70.1
2765,0600401009,Man-up,Altavas,Aklan,Region VI (Western Visayas),3,11.533295,122.483251,88,0,0,
2766,0500507005,Zone II,Libon,Albay,Region V (Bicol Region),3,13.298213,123.441501,80,5,20,-84.5
2767,0401029001,Apacay,Taal,Batangas,Region IV-A (CALABARZON),3,13.909217,120.926624,197,1,4,-53.9
2768,0105531033,Zone I,Rosales,Pangasinan,Region I (Ilocos Region),3,15.891248,120.631228,107,0,0,
2769,0831600135,Barangay 109-A,City of Tacloban,Leyte,Region VIII (Eastern Visayas),3,11.199571,124.998707,607,1,4,-67.2
2770,1401110012,Poblacion,La Trinidad,Benguet,Cordillera Administrative Region (CAR),3,16.458361,120.579623,1117,4,16,-79
2771,0307109010,San Juan,San Antonio,Zambales,Region III (Central Luzon),3,14.94498,120.0872,135,8,32,-98.6
2772,0301408004,Malis,Guiguinto,Bulacan,Region III (Central Luzon),3,14.840314,120.881873,1510,2,8,-62.3
2773,0205701015,Victoria,Aglipay,Quirino,Region II (Cagayan Valley),3,16.437927,121.63665,95,48,192,-95.3
2774,0500517048,Tagas,City of Tabaco,Albay,Region V (Bicol Region),3,13.353508,123.732333,164,0,0,
2775,0300804021,New San Jose,Dinalupihan,Bataan,Region III (Central Luzon),3,14.880606,120.46179,578,1,4,-89.7
2776,0702206017,Owak,Asturias,Cebu,Region VII (Central Visayas),3,10.53906,123.717935,395,19,76,-97.3
2777,0604528011,Efigenio Lizares,City of Talisay,Negros Occidental,Region VI (Western Visayas),3,10.745425,122.998024,381,25,100,-94.8
2778,0402123005,Barangay 4 Poblacion,Gen. Mariano Alvarez,Cavite,Region IV-A (CALABARZON),3,14.311851,121.021532,440,0,0,
2779,0105526018,Maasin,Mangaldan,Pangasinan,Region I (Ilocos Region),3,16.063635,120.375585,348,1,4,-54.4
2780,0300803004,Munting Batangas,City of Balanga,Bataan,Region III (Central Luzon),3,14.682868,120.514645,289,13,52,-88.6
2781,1004302019,Napaliran,Balingasag,Misamis Oriental,Region X (Northern Mindanao),3,8.773468,124.791877,292,10,40,-91.3
2782,0305408012,Remedios,Lubao,Pampanga,Region III (Central Luzon),3,14.917912,120.579726,356,8,32,-84.9
2783,1705309032,Barangay VI,Coron,Palawan,MIMAROPA Region,3,12.050486,120.153069,407,107,428,-101.7
2784,0603047007,Gines,Zarraga,Iloilo,Region VI (Western Visayas),3,10.827881,122.613728,106,0,0,
2785,1102403001,Aplaya,City of Digos,Davao del Sur,Region XI (Davao Region),3,6.738519,125.380364,1759,26,104,-97.9
2786,0401031016,Darasa,City of Tanauan,Batangas,Region IV-A (CALABARZON),3,14.069189,121.153286,2058,4,16,-76.7
2787,0102903003,Balaleng,Bantay,Ilocos Sur,Region I (Ilocos Region),3,17.5867,120.385,243,49,196,-102
2788,1401103005,Gambang,Bakun,Benguet,Cordillera Administrative Region (CAR),3,16.7419,120.79759,333,13,52,-90.7
2789,0103302014,San Benito Norte,Aringay,La Union,Region I (Ilocos Region),3,16.412689,120.352828,244,4,16,-76.2
2790,0403403006,De La Paz,City of Biñan,Laguna,Region IV-A (CALABARZON),3,14.348217,121.084984,3273,5,20,-84
2791,0306902005,Dela Cruz,Bamban,Tarlac,Region III (Central Luzon),3,15.27982,120.568203,191,2,8,-85.5
2792,0600406014,Laguinbanua,Ibajay,Aklan,Region VI (Western Visayas),3,11.708104,122.348106,256,1,4,-82.3
2793,0501728016,Sagrada,Pili,Camarines Sur,Region V (Bicol Region),3,13.5615,123.300245,235,11,44,-85.1
2794,0601902016,Matagnop,Dao,Capiz,Region VI (Western Visayas),3,11.380556,122.703056,328,16,64,-95.3
2795,0205004026,Magsaysay Hills,Bambang,Nueva Vizcaya,Region II (Cagayan Valley),3,16.37916,121.1114,174,10,40,-96.1
2796,1206511019,San Pablo,City of Tacurong,Sultan Kudarat,Region XII (SOCCSKSARGEN),3,6.69823,124.687044,1047,62,248,-103.2
2797,0203127008,Masaya Centro,San Agustin,Isabela,Region II (Cagayan Valley),3,16.508976,121.745706,124,7,28,-85.1
2798,0306917026,Santa Barbara,Victoria,Tarlac,Region III (Central Luzon),3,15.577942,120.688465,468,4,16,-86.7
2799,0401013015,Matabungkay,Lian,Batangas,Region IV-A (CALABARZON),3,13.950802,120.626207,463,2,8,-85.8
2800,1402709006,Namulditan,Hingyon,Ifugao,Cordillera Administrative Region (CAR),3,16.842603,121.086605,78,22,88,-93.1
2801,1600306004,Poblacion,Prosperidad,Agusan del Sur,Region XIII (Caraga),3,8.621387,125.905089,1045,86,344,-99.9
2802,1030500057,Mambuaya,City of Cagayan De Oro,Misamis Oriental,Region X (Northern Mindanao),3,8.3264,124.597346,506,37,148,-96.2
2803,0105543009,Legaspi,Tayug,Pangasinan,Region I (Ilocos Region),3,16.043753,120.740444,293,20,80,-95.6
2804,0301407010,Frances,Calumpit,Bulacan,Region III (Central Luzon),3,14.917399,120.758149,549,0,0,
2805,0305416038,Pulung Bulu,City of San Fernando,Pampanga,Region III (Central Luzon),3,15.12799,120.612027,513,2,8,-58.1
2806,1004313002,Dampil,Lagonglong,Misamis Oriental,Region X (Northern Mindanao),3,8.826481,124.790476,234,10,40,-87
2807,0304906027,Latap,Cuyapo,Nueva Ecija,Region III (Central Luzon),3,15.785373,120.671572,206,18,72,-94.2
2808,0402109037,Anabu II-D,City of Imus,Cavite,Region IV-A (CALABARZON),3,14.373592,120.941502,490,1,4,-32.9
2809,0403407012,Mahipon,Cavinti,Laguna,Region IV-A (CALABARZON),3,14.267224,121.544365,247,23,92,-96.9
2810,0702250002,Cadulawan,City of Talisay,Cebu,Region VII (Central Visayas),3,10.278665,123.843183,508,0,0,
2811,0403405016,Kay-Anlog,City of Calamba,Laguna,Region IV-A (CALABARZON),3,14.163872,121.119395,2042,2,8,-75
2812,0401014008,San Sebastian,City of Lipa,Batangas,Region IV-A (CALABARZON),3,13.935098,121.154871,313,1,4,-73.8
2813,0403424010,Barangay II-F,City of San Pablo,Laguna,Region IV-A (CALABARZON),3,14.060079,121.322992,218,0,0,
2814,0301412023,Tugatog,City of Meycauayan,Bulacan,Region III (Central Luzon),3,14.723929,120.966588,435,2,8,-80.7
2815,0205011010,Runruno,Quezon,Nueva Vizcaya,Region II (Cagayan Valley),3,16.486474,121.296585,391,79,316,-98.6
2816,0405629011,Burgos,Padre Burgos,Quezon,Region IV-A (CALABARZON),3,13.917132,121.817452,64,49,196,-96.7
2817,0730600001,Adlaon,City of Cebu,Cebu,Region VII (Central Visayas),3,10.436906,123.86957,414,35,140,-96.3
2818,1404406005,Butigue,Paracelis,Mountain Province,Cordillera Administrative Region (CAR),3,17.102148,121.463155,261,103,412,-100.4
2819,0205007022,Macabenga,Dupax del Norte,Nueva Vizcaya,Region II (Cagayan Valley),3,16.210836,121.232803,143,28,112,-93.6
2820,0403407015,Poblacion,Cavinti,Laguna,Region IV-A (CALABARZON),3,14.245565,121.509844,667,4,16,-70
2821,0401022009,Bigain I,San Jose,Batangas,Region IV-A (CALABARZON),3,13.873833,121.092997,202,0,0,
2822,0402103066,Talaba II,City of Bacoor,Cavite,Region IV-A (CALABARZON),3,14.469038,121.003691,1358,5,20,-73.9
2823,0304911023,Cawayan Bugtong,Guimba,Nueva Ecija,Region III (Central Luzon),3,15.649507,120.779047,429,8,32,-82.7
2824,1600203017,Kauswagan,City of Cabadbaran,Agusan del Norte,Region XIII (Caraga),3,9.13067,125.529205,266,25,100,-100
2825,0401024028,Poblacion,San Luis,Batangas,Region IV-A (CALABARZON),3,13.854702,120.917058,200,27,108,-96.1
2826,0501726001,Batang,Pamplona,Camarines Sur,Region V (Bicol Region),3,13.567774,123.060075,166,7,28,-78.9
2827,0105525004,Baritao,Manaoag,Pangasinan,Region I (Ilocos Region),3,16.039556,120.474828,468,0,0,
2828,0105515021,Salomague Sur,Bugallon,Pangasinan,Region I (Ilocos Region),3,15.91,120.227778,279,4,16,-78.8
2829,0501709015,Santo Tomas,Camaligan,Camarines Sur,Region V (Bicol Region),3,13.618903,123.175029,50,0,0,
2830,0401026012,Laurel,San Pascual,Batangas,Region IV-A (CALABARZON),3,13.795525,121.035547,213,2,8,-65.5
2831,0402106014,San Agustin I,City of Dasmariñas,Cavite,Region IV-A (CALABARZON),3,14.313879,120.950717,1112,0,0,
2832,0306905001,Alfonso,Concepcion,Tarlac,Region III (Central Luzon),3,15.329948,120.638932,765,1,4,-67.8
2833,0405619047,Tabing Dagat,Gumaca,Quezon,Region IV-A (CALABARZON),3,13.927693,122.106156,202,7,28,-94.5
2834,0701219006,Mayacabac,Dauis,Bohol,Region VII (Central Visayas),3,9.615793,123.864874,369,5,20,-88
2835,0500517042,San Vicente,City of Tabaco,Albay,Region V (Bicol Region),3,13.356503,123.699987,343,1,4,-65.8
2836,0631000014,Sinikway,City of Iloilo,Iloilo,Region VI (Western Visayas),3,10.697866,122.555431,206,0,0,
2837,1004307001,Amoros,City of El Salvador,Misamis Oriental,Region X (Northern Mindanao),3,8.527437,124.546268,389,9,36,-87.2
2838,0304930001,Andal Alino,Talavera,Nueva Ecija,Region III (Central Luzon),3,15.593776,120.92243,196,5,20,-77.5
2839,1401110015,Tawang,La Trinidad,Benguet,Cordillera Administrative Region (CAR),3,16.454635,120.602097,743,1,4,-66.8
2840,0500516017,Nagsiya Pob.,Santo Domingo,Albay,Region V (Bicol Region),3,13.238324,123.775965,77,1,4,-45.1
2841,0601912020,Ilaya,Pontevedra,Capiz,Region VI (Western Visayas),3,11.479454,122.831657,77,2,8,-82.6
2842,0304916022,Poblacion South,Lupao,Nueva Ecija,Region III (Central Luzon),3,15.876379,120.898838,159,0,0,
2843,0306904025,Cristo Rey,Capas,Tarlac,Region III (Central Luzon),3,15.358259,120.530448,2835,17,68,-95.7
2844,0702205006,Binlod,Argao,Cebu,Region VII (Central Visayas),3,9.913764,123.604993,328,9,36,-85.8
2845,0500517039,San Lorenzo,City of Tabaco,Albay,Region V (Bicol Region),3,13.336456,123.736231,596,0,0,
2846,0403422010,Mojon,Pila,Laguna,Region IV-A (CALABARZON),3,14.233304,121.360826,133,1,4,-54.4
2847,0401034010,Malibu,Tuy,Batangas,Region IV-A (CALABARZON),3,14.020685,120.723104,122,3,12,-78.3
2848,0931700087,Tetuan,City of Zamboanga,Zamboanga del Sur,Region IX (Zamboanga Peninsula),3,6.918945,122.084891,2573,9,36,-83.6
2849,0600415003,Dumaguit,New Washington,Aklan,Region VI (Western Visayas),3,11.641609,122.438354,175,31,124,-100
2850,0831600117,Barangay 84,City of Tacloban,Leyte,Region VIII (Eastern Visayas),3,11.196711,125.016014,499,7,28,-85.9
2851,1705205057,Sto. Niño,City of Calapan,Oriental Mindoro,MIMAROPA Region,3,13.36123,121.166307,286,1,4,-63.5
2852,0603007024,Tabuc-Suba,Barotac Nuevo,Iloilo,Region VI (Western Visayas),3,10.90018,122.716168,169,10,40,-100.6
2853,0304909025,Talabutab Norte,General Mamerto Natividad,Nueva Ecija,Region III (Central Luzon),3,15.599786,121.078131,379,8,32,-80.3
2854,0402111013,Batong Dalig,Kawit,Cavite,Region IV-A (CALABARZON),3,14.434872,120.897141,478,0,0,
2855,0306904003,Cubcub,Capas,Tarlac,Region III (Central Luzon),3,15.332411,120.590891,324,2,8,-82.8
2856,0301414007,Pag-asa,Obando,Bulacan,Region III (Central Luzon),3,14.720346,120.919186,309,25,100,-96.1
2857,0402109076,Medicion II-C,City of Imus,Cavite,Region IV-A (CALABARZON),3,14.462317,120.978001,143,1,4,-41
2858,0431200008,Barangay 5,City of Lucena,Quezon,Region IV-A (CALABARZON),3,13.935811,121.609484,179,0,0,
2859,1102404002,Balutakay,Hagonoy,Davao del Sur,Region XI (Davao Region),3,6.722462,125.344359,287,2,8,-68.7
2860,0301409011,San Jose,Hagonoy,Bulacan,Region III (Central Luzon),3,14.830661,120.732609,383,0,0,
2861,0105523018,Tagudin,Mabini,Pangasinan,Region I (Ilocos Region),3,16.083069,119.953995,354,22,88,-90.3
2862,0405811002,Dulong Bayan 1,San Mateo,Rizal,Region IV-A (CALABARZON),3,14.700175,121.122596,417,1,4,-52.7
2863,0600415008,Lawa-an,New Washington,Aklan,Region VI (Western Visayas),3,11.650764,122.433252,120,21,84,-101.4
2864,0403427005,Cabooan,Santa Maria,Laguna,Region IV-A (CALABARZON),3,14.459837,121.426901,197,1,4,-68.6
2865,0405630022,Barangay 4 Parang,Pagbilao,Quezon,Region IV-A (CALABARZON),3,13.971428,121.691054,162,4,16,-84.7
2866,0501728017,San Agustin,Pili,Camarines Sur,Region V (Bicol Region),3,13.56794,123.26696,408,6,24,-82.8
2867,0301410027,Look 2nd,City of Malolos,Bulacan,Region III (Central Luzon),3,14.82285,120.861915,276,1,4,-54.6
2868,0603009019,Poblacion,Batad,Iloilo,Region VI (Western Visayas),3,11.411884,123.103523,139,47,188,-99
2869,0500503053,Tagas,Daraga,Albay,Region V (Bicol Region),3,13.159792,123.723532,561,0,0,
2870,0402115026,Sabang,Naic,Cavite,Region IV-A (CALABARZON),3,14.314599,120.79344,2038,2,8,-65
2871,0105545001,Angatel,Urbiztondo,Pangasinan,Region I (Ilocos Region),3,15.811843,120.341672,265,2,8,-73.9
2872,0105533023,Sobol,San Fabian,Pangasinan,Region I (Ilocos Region),3,16.13289,120.403904,240,6,24,-85.9
2873,0102809013,Guerrero,Dingras,Ilocos Norte,Region I (Ilocos Region),3,18.094797,120.705741,123,13,52,-91.2
2874,0403403011,Loma,City of Biñan,Laguna,Region IV-A (CALABARZON),3,14.287776,121.066844,1302,1,4,-56.3
2875,0401020025,Quilo-quilo South,Padre Garcia,Batangas,Region IV-A (CALABARZON),3,13.854833,121.226625,313,1,4,-63.2
2876,0403421007,San Jose,Pangil,Laguna,Region IV-A (CALABARZON),3,14.410209,121.458498,131,2,8,-62.6
2877,1430300004,Bakakeng Central,City of Baguio,Benguet,Cordillera Administrative Region (CAR),3,16.397356,120.575008,1040,0,0,
2878,0401005035,Kumintang Ilaya,Batangas City,Batangas,Region IV-A (CALABARZON),3,13.774425,121.065589,935,1,4,-61.7
2879,0301418010,Longos,Pulilan,Bulacan,Region III (Central Luzon),3,14.896748,120.864798,521,2,8,-60.3
2880,0304927004,Castellano,San Leonardo,Nueva Ecija,Region III (Central Luzon),3,15.319507,120.93446,518,1,4,-68.2
2881,0405645035,Barangay 4,Sariaya,Quezon,Region IV-A (CALABARZON),3,13.96247,121.527189,250,3,12,-77.4
2882,0702202007,Pugalo,Alcoy,Cebu,Region VII (Central Visayas),3,9.728046,123.508189,215,6,24,-85.1
2883,0601904031,Salcedo,Dumarao,Capiz,Region VI (Western Visayas),3,11.255556,122.668889,137,24,96,-91.1
2884,0403405033,Paciano Rizal,City of Calamba,Laguna,Region IV-A (CALABARZON),3,14.216812,121.136781,1562,0,0,
2885,0401026025,San Antonio,San Pascual,Batangas,Region IV-A (CALABARZON),3,13.787144,121.018639,862,0,0,
2886,1004302018,Mandangoa,Balingasag,Misamis Oriental,Region X (Northern Mindanao),3,8.7664,124.778956,346,3,12,-83.2
2887,0603027025,San Jose Moto,Lemery,Iloilo,Region VI (Western Visayas),3,11.227016,122.925017,86,31,124,-96.2
2888,0105524015,Barang,Malasiqui,Pangasinan,Region I (Ilocos Region),3,15.935563,120.417714,227,1,4,-78.5
2889,0307110005,Feria,San Felipe,Zambales,Region III (Central Luzon),3,15.060265,120.071247,91,1,4,-80.5
2890,0631000175,Tabuc Suba,City of Iloilo,Iloilo,Region VI (Western Visayas),3,10.733314,122.554426,803,0,0,
2891,0803739016,Guindapunan,Palo,Leyte,Region VIII (Eastern Visayas),3,11.166981,124.998257,625,3,12,-83.9
2892,0305416008,Del Pilar,City of San Fernando,Pampanga,Region III (Central Luzon),3,15.033988,120.695336,862,0,0,
2893,0305415028,Pulung Santol,Porac,Pampanga,Region III (Central Luzon),3,15.078882,120.542081,581,1,4,-72.8
2894,0402106039,San Simon,City of Dasmariñas,Cavite,Region IV-A (CALABARZON),3,14.321347,120.971447,580,0,0,
2895,0201529001,Annafunan East,Tuguegarao City,Cagayan,Region II (Cagayan Valley),3,17.64326,121.7205,391,2,8,-68.4
2896,0306910034,Tablang,Paniqui,Tarlac,Region III (Central Luzon),3,15.671286,120.568061,247,0,0,
2897,1401105013,Poblacion,Buguias,Benguet,Cordillera Administrative Region (CAR),3,16.783472,120.824443,274,2,8,-71.4
2898,0304911059,Santa Lucia,Guimba,Nueva Ecija,Region III (Central Luzon),3,15.668664,120.775353,206,7,28,-85.5
2899,0301420029,Francisco Homes-Narra,City of San Jose Del Monte,Bulacan,Region III (Central Luzon),3,14.81011,121.05756,743,0,0,
2900,0402123021,Nicolasa Virata,Gen. Mariano Alvarez,Cavite,Region IV-A (CALABARZON),3,14.330362,121.035405,583,0,0,
2901,0405804021,Limbon-limbon,Binangonan,Rizal,Region IV-A (CALABARZON),3,14.441424,121.205629,136,4,16,-92
2902,1204704029,Paco,City of Kidapawan,Cotabato,Region XII (SOCCSKSARGEN),3,7.02225,125.030289,313,25,100,-93.7
2903,0405811012,Banaba,San Mateo,Rizal,Region IV-A (CALABARZON),3,14.672623,121.112808,2227,1,4,-73.5
2904,0305416014,Magliman,City of San Fernando,Pampanga,Region III (Central Luzon),3,15.035127,120.664714,530,2,8,-60.7
2905,0301414009,Panghulo,Obando,Bulacan,Region III (Central Luzon),3,14.69788,120.946343,1176,1,4,-55.2
2906,0300811019,Panilao,Pilar,Bataan,Region III (Central Luzon),3,14.669921,120.551177,510,2,8,-74.8
2907,0401031017,Pagaspas,City of Tanauan,Batangas,Region IV-A (CALABARZON),3,14.096066,121.108048,503,0,0,
2908,0702224034,Tangil,Dumanjug,Cebu,Region VII (Central Visayas),3,10.072211,123.449276,252,18,72,-92.4
2909,0402111021,Tabon III,Kawit,Cavite,Region IV-A (CALABARZON),3,14.426013,120.897519,214,1,4,-60.9
2910,0205010016,Pampang,Kayapa,Nueva Vizcaya,Region II (Cagayan Valley),3,16.357783,120.886517,103,52,208,-100.9
2911,0702220010,Ibabao,Cordova,Cebu,Region VII (Central Visayas),3,10.271772,123.955491,826,2,8,-71.2
2912,0401005012,Bolbok,Batangas City,Batangas,Region IV-A (CALABARZON),3,13.77407,121.045955,1097,2,8,-70.3
2913,0306916074,San Sebastian,City of Tarlac,Tarlac,Region III (Central Luzon),3,15.474556,120.598001,340,2,8,-77.7
2914,1408105008,Quirino,Luna,Apayao,Cordillera Administrative Region (CAR),3,18.336716,121.386451,106,5,20,-87
2915,0702250017,Tangke,City of Talisay,Cebu,Region VII (Central Visayas),3,10.25054,123.859372,1135,4,16,-87.3
2916,0631000072,Ingore,City of Iloilo,Iloilo,Region VI (Western Visayas),3,10.712763,122.585535,314,9,36,-97
2917,1401110003,Ambiong,La Trinidad,Benguet,Cordillera Administrative Region (CAR),3,16.436447,120.604348,734,1,4,-64.4
2918,0431200012,Barangay 9,City of Lucena,Quezon,Region IV-A (CALABARZON),3,13.939378,121.619989,256,1,4,-46.5
2919,0500518001,Bagumbayan,Tiwi,Albay,Region V (Bicol Region),3,13.452478,123.661906,202,6,24,-84.7
2920,1004301005,Lanao,Alubijid,Misamis Oriental,Region X (Northern Mindanao),3,8.579636,124.467455,180,3,12,-81.3
2921,0105524072,Tambac,Malasiqui,Pangasinan,Region I (Ilocos Region),3,15.902704,120.428727,279,4,16,-76.3
2922,0201520019,Poblacion II,Piat,Cagayan,Region II (Cagayan Valley),3,17.79255,121.47582,118,45,180,-94.7
2923,0105519015,San Vicente,Dasol,Pangasinan,Region I (Ilocos Region),3,15.98974,119.880554,117,0,0,
2924,1102411005,Lower Limonzo,Padada,Davao del Sur,Region XI (Davao Region),3,6.644555,125.345767,156,3,12,-79.2
2925,0301411005,Lias,Marilao,Bulacan,Region III (Central Luzon),3,14.761857,120.965325,1367,0,0,
2926,0631000151,San Isidro,City of Iloilo,Iloilo,Region VI (Western Visayas),3,10.737125,122.5513,867,1,4,-75.6
2927,0702252019,Daan Lungsod,Tuburan,Cebu,Region VII (Central Visayas),3,11.146925,123.949943,214,10,40,-104.4
2928,0506213033,Marifosque,Pilar,Sorsogon,Region V (Bicol Region),3,12.924685,123.668772,189,1,4,-63.6
2929,0401010002,Balanga,Ibaan,Batangas,Region IV-A (CALABARZON),3,13.807906,121.14049,215,4,16,-72.2
2930,1600209020,Triangulo,Nasipit,Agusan del Norte,Region XIII (Caraga),3,8.973423,125.35315,213,4,16,-103.2
2931,0702205040,Talaytay,Argao,Cebu,Region VII (Central Visayas),3,9.892916,123.598096,153,1,4,-70.8
2932,1030500056,Macasandig,City of Cagayan De Oro,Misamis Oriental,Region X (Northern Mindanao),3,8.463759,124.643871,1971,2,8,-61.4
2933,0405804026,Palangoy,Binangonan,Rizal,Region IV-A (CALABARZON),3,14.507028,121.187251,1425,0,0,
2934,0501701001,Agdangan Pob.,Baao,Camarines Sur,Region V (Bicol Region),3,13.49323,123.324934,328,6,24,-76.3
2935,0500518013,Libjo,Tiwi,Albay,Region V (Bicol Region),3,13.462643,123.671497,220,7,28,-95
2936,0431200014,Bocohan,City of Lucena,Quezon,Region IV-A (CALABARZON),3,13.957853,121.593615,479,3,12,-76.6
2937,0603037004,Barasan,Pototan,Iloilo,Region VI (Western Visayas),3,10.955812,122.640427,157,4,16,-87.5
2938,0402120037,Julugan III,Tanza,Cavite,Region IV-A (CALABARZON),3,14.382639,120.823765,197,8,32,-100.8
2939,0301405013,Santa Ana,Bulacan,Bulacan,Region III (Central Luzon),3,14.787048,120.883896,717,1,4,-36.1
2940,1705205009,Bucayao,City of Calapan,Oriental Mindoro,MIMAROPA Region,3,13.306358,121.192098,206,39,156,-95.7
2941,0300810022,San Vicente,Orion,Bataan,Region III (Central Luzon),3,14.615144,120.584258,116,8,32,-93.5
2942,0731100021,Poblacion,City of Lapu-Lapu,Cebu,Region VII (Central Visayas),3,10.30889,123.947695,535,0,0,
2943,0301411015,Saog,Marilao,Bulacan,Region III (Central Luzon),3,14.764667,120.955772,1399,1,4,-57.4
2944,0401014057,San Carlos,City of Lipa,Batangas,Region IV-A (CALABARZON),3,13.948688,121.151655,666,2,8,-79.7
2945,0307701012,Suclayin,Baler,Aurora,Region III (Central Luzon),3,15.75571,121.548631,384,5,20,-74.2
2946,0205005027,Santa Rosa,Bayombong,Nueva Vizcaya,Region II (Cagayan Valley),3,16.48902,121.16483,234,6,24,-85
2947,0402109006,Poblacion I-A,City of Imus,Cavite,Region IV-A (CALABARZON),3,14.42686,120.939138,181,1,4,-37
2948,0401005095,Santa Clara,Batangas City,Batangas,Region IV-A (CALABARZON),3,13.753139,121.044579,1102,5,20,-86.9
2949,0103313022,Poblacion East,Rosario,La Union,Region I (Ilocos Region),3,16.22928,120.48819,202,23,92,-90.3
2950,0401025015,Sinturisan,San Nicolas,Batangas,Region IV-A (CALABARZON),3,13.907348,120.936697,192,1,4,-50
2951,1004308062,Punong,City of Gingoog,Misamis Oriental,Region X (Northern Mindanao),3,8.842255,125.153429,83,2,8,-81.1
2952,0105533013,Lekep-Butao,San Fabian,Pangasinan,Region I (Ilocos Region),3,16.103057,120.410638,232,2,8,-65.9
2953,0205008008,Ganao,Dupax del Sur,Nueva Vizcaya,Region II (Cagayan Valley),3,16.16469,121.18088,108,96,384,-101.5
2954,0403425029,San Lorenzo Ruiz,City of San Pedro,Laguna,Region IV-A (CALABARZON),3,14.334826,121.060691,578,0,0,
2955,0403425018,United Bayanihan,City of San Pedro,Laguna,Region IV-A (CALABARZON),3,14.333719,121.029295,537,0,0,
2956,0702216020,Flores,Catmon,Cebu,Region VII (Central Visayas),3,10.717815,124.012439,273,10,40,-94.5
2957,1408103014,Poblacion West,Flora,Apayao,Cordillera Administrative Region (CAR),3,18.213984,121.4161,155,21,84,-91.1
2958,0731300022,Subangdaku,City of Mandaue,Cebu,Region VII (Central Visayas),3,10.322484,123.923008,1467,0,0,
2959,0806407041,Maria Clara,City of Maasin,Southern Leyte,Region VIII (Eastern Visayas),3,10.121504,124.89295,178,27,108,-102.4
2960,0304930009,Bantug,Talavera,Nueva Ecija,Region III (Central Luzon),3,15.555493,120.912848,460,6,24,-80.9
2961,0300803006,Central,City of Balanga,Bataan,Region III (Central Luzon),3,14.663682,120.537574,616,2,8,-64.1
2962,0803738058,Libertad,Ormoc City,Leyte,Region VIII (Eastern Visayas),3,11.03457,124.568568,370,3,12,-69.5
2963,0401019046,Tumalim,Nasugbu,Batangas,Region IV-A (CALABARZON),3,14.07961,120.723682,389,9,36,-84.4
2964,1404402012,Mabaay,Bauko,Mountain Province,Cordillera Administrative Region (CAR),3,16.917048,120.88726,104,39,156,-95.3
2965,0630200002,Alijis,City of Bacolod,Negros Occidental,Region VI (Western Visayas),3,10.631111,122.955833,1959,0,0,
2966,0401005104,Sorosoro Ilaya,Batangas City,Batangas,Region IV-A (CALABARZON),3,13.756255,121.071115,656,1,4,-56.5
2967,0405805019,Santo Niño,Cainta,Rizal,Region IV-A (CALABARZON),3,14.586301,121.108179,509,2,8,-62
2968,0301407013,Iba Este,Calumpit,Bulacan,Region III (Central Luzon),3,14.89122,120.767665,373,0,0,
2969,1230800016,Mabuhay,City of General Santos,South Cotabato,Region XII (SOCCSKSARGEN),3,6.150467,125.144946,2997,27,108,-93.1
2970,0305417004,San Jose,San Luis,Pampanga,Region III (Central Luzon),3,15.001866,120.869472,588,3,12,-71.3
2971,0601912024,Sublangon,Pontevedra,Capiz,Region VI (Western Visayas),3,11.478611,122.818333,209,5,20,-74.1
2972,0301407016,Meysulao,Calumpit,Bulacan,Region III (Central Luzon),3,14.907902,120.7396,383,1,4,-50.3
2973,0305412006,Bebe Anac,Masantol,Pampanga,Region III (Central Luzon),3,14.87627,120.707593,540,6,24,-85.4
2974,0603037005,Batuan,Pototan,Iloilo,Region VI (Western Visayas),3,10.955555,122.640445,153,0,0,
2975,1108207004,Baylo,Monkayo,Davao de Oro,Region XI (Davao Region),3,7.853895,126.071023,326,68,272,-102.7
2976,0304911022,Cavite,Guimba,Nueva Ecija,Region III (Central Luzon),3,15.678275,120.771068,380,11,44,-89.1
2977,0304902007,Digmala,Bongabon,Nueva Ecija,Region III (Central Luzon),3,15.625179,121.154257,144,0,0,
2978,0730600006,Bacayan,City of Cebu,Cebu,Region VII (Central Visayas),3,10.387336,123.921989,1357,1,4,-52.9
2979,0506209024,San Julian,Irosin,Sorsogon,Region V (Bicol Region),3,12.706266,124.034377,174,0,0,
2980,0702246022,Sabang,Sibonga,Cebu,Region VII (Central Visayas),3,10.031477,123.618542,235,23,92,-93.9
2981,0501705030,San Pedro,Buhi,Camarines Sur,Region V (Bicol Region),3,13.425874,123.518554,165,11,44,-92.1
2982,0803739032,Tacuranga,Palo,Leyte,Region VIII (Eastern Visayas),3,11.150474,124.990027,160,1,4,-78.7
2983,0603037006,Bongco,Pototan,Iloilo,Region VI (Western Visayas),3,10.939881,122.635374,142,0,0,
2984,0431200020,Ibabang Dupay,City of Lucena,Quezon,Region IV-A (CALABARZON),3,13.939643,121.625547,2120,0,0,
2985,0803739015,Gacao,Palo,Leyte,Region VIII (Eastern Visayas),3,11.153817,124.973992,286,16,64,-97.6
2986,0501731017,San Isidro,Sagñay,Camarines Sur,Region V (Bicol Region),3,13.605405,123.524559,98,2,8,-65.3
2987,0702227004,Cotcot,Liloan,Cebu,Region VII (Central Visayas),3,10.433258,123.992882,856,4,16,-76.3
2988,0405804020,Libis,Binangonan,Rizal,Region IV-A (CALABARZON),3,14.465317,121.188783,471,7,28,-88.5
2989,0405647037,Lalo,City of Tayabas,Quezon,Region IV-A (CALABARZON),3,14.040618,121.571249,328,12,48,-86.3
2990,0701233006,Looc,Panglao,Bohol,Region VII (Central Visayas),3,9.590362,123.755762,236,30,120,-102.8
2991,0401020022,Payapa,Padre Garcia,Batangas,Region IV-A (CALABARZON),3,13.862664,121.236397,300,1,4,-59.6
2992,0304928025,Del Pilar,Santa Rosa,Nueva Ecija,Region III (Central Luzon),3,15.433324,120.951243,127,1,4,-67.5
2993,0702250007,Lawaan I,City of Talisay,Cebu,Region VII (Central Visayas),3,10.258587,123.822173,863,1,4,-62.8
2994,0301412019,Perez,City of Meycauayan,Bulacan,Region III (Central Luzon),3,14.763999,121.000901,1689,1,4,-77
2995,0403405028,Mapagong,City of Calamba,Laguna,Region IV-A (CALABARZON),3,14.233261,121.121197,723,3,12,-71.5
2996,0402109042,Bayan Luma III,City of Imus,Cavite,Region IV-A (CALABARZON),3,14.439156,120.919025,341,0,0,
2997,0105513032,Santa Rosa,Binmaley,Pangasinan,Region I (Ilocos Region),3,15.99869,120.313491,310,2,8,-72.8
2998,0306916056,Paraiso,City of Tarlac,Tarlac,Region III (Central Luzon),3,15.442968,120.598674,276,1,4,-71.5
2999,0402119021,Tolentino West,City of Tagaytay,Cavite,Region IV-A (CALABARZON),3,14.131957,120.976124,134,1,4,-60.4
3000,0431200010,Barangay 7,City of Lucena,Quezon,Region IV-A (CALABARZON),3,13.932574,121.610574,168,0,0,
3001,0506209018,Monbon,Irosin,Sorsogon,Region V (Bicol Region),4,12.728889,124.016944,328,9,36,-84.9
3002,0500504022,Maipon,Guinobatan,Albay,Region V (Bicol Region),4,13.212973,123.598817,278,5,20,-77.4
3003,0105525037,Pao,Manaoag,Pangasinan,Region I (Ilocos Region),4,16.050016,120.504948,320,6,24,-83.7
3004,0405615005,Bungoy,Dolores,Quezon,Region IV-A (CALABARZON),4,13.995589,121.368993,290,2,8,-65.6
3005,0401013013,Luyahan,Lian,Batangas,Region IV-A (CALABARZON),4,13.95902,120.620765,229,32,128,-98.3
3006,1102412019,Zone II,Santa Cruz,Davao del Sur,Region XI (Davao Region),4,6.852053,125.396431,557,48,192,-101.1
3007,0301410002,Atlag,City of Malolos,Bulacan,Region III (Central Luzon),4,14.829547,120.820465,419,0,0,
3008,1001317026,Palacapao,Quezon,Bukidnon,Region X (Northern Mindanao),4,7.610336,125.130835,231,55,220,-101.5
3009,0405630020,Barangay 2 Daungan,Pagbilao,Quezon,Region IV-A (CALABARZON),4,13.970732,121.691365,161,3,12,-80.6
3010,0402118055,Banaba,Silang,Cavite,Region IV-A (CALABARZON),4,14.199128,121.002102,586,0,0,
3011,0304903047,Mabini Homesite,City of Cabanatuan,Nueva Ecija,Region III (Central Luzon),4,15.47726,120.97632,514,2,8,-73.7
3012,0506208029,Paradijon,Gubat,Sorsogon,Region V (Bicol Region),4,12.916781,124.120158,104,0,0,
3013,0506212012,Caloocan,Matnog,Sorsogon,Region V (Bicol Region),4,12.583482,124.083799,81,61,244,-104.6
3014,0403422018,Tubuan,Pila,Laguna,Region IV-A (CALABARZON),4,14.232215,121.349176,230,3,12,-73.9
3015,0402117009,Sapa I,Rosario,Cavite,Region IV-A (CALABARZON),4,14.408795,120.857979,182,0,0,
3016,0630200049,Granada,City of Bacolod,Negros Occidental,Region VI (Western Visayas),4,10.678154,122.965139,2762,5,20,-81.3
3017,0301421045,San Juan,San Miguel,Bulacan,Region III (Central Luzon),4,15.141582,120.984464,802,2,8,-85.9
3018,0105532058,Pagal,City of San Carlos,Pangasinan,Region I (Ilocos Region),4,15.949954,120.331403,396,4,16,-74.3
3019,0103314054,Santiago Norte,City of San Fernando,La Union,Region I (Ilocos Region),4,16.615107,120.33587,332,8,32,-88
3020,1001312025,Patpat,City of Malaybalay,Bukidnon,Region X (Northern Mindanao),4,8.195415,125.060732,386,57,228,-97.6
3021,0203101004,Aurora,Alicia,Isabela,Region II (Cagayan Valley),4,16.78559,121.6816,319,5,20,-76.5
3022,0402121006,San Jose,Ternate,Cavite,Region IV-A (CALABARZON),4,14.290616,120.717024,182,3,12,-97.8
3023,0103306031,Reyna Regente,Bangar,La Union,Region I (Ilocos Region),4,16.89263,120.428168,91,0,0,
3024,0402103052,Niog III,City of Bacoor,Cavite,Region IV-A (CALABARZON),4,14.417547,121.001131,427,2,8,-70.1
3025,0604530003,Bagumbayan,Valladolid,Negros Occidental,Region VI (Western Visayas),4,10.403335,122.868241,305,9,36,-89.8
3026,1102408014,New Baclayon,Malalag,Davao del Sur,Region XI (Davao Region),4,6.583058,125.370231,376,8,32,-81.5
3027,0203136024,San Roque,Santo Tomas,Isabela,Region II (Cagayan Valley),4,17.387601,121.775054,98,17,68,-93.6
3028,0500501051,Sogod,Bacacay,Albay,Region V (Bicol Region),4,13.310338,123.766879,376,42,168,-101.9
3029,1001304029,Sinangguyan,Don Carlos,Bukidnon,Region X (Northern Mindanao),4,7.707203,125.00369,391,11,44,-82.4
3030,0403429016,Macatad,Siniloan,Laguna,Region IV-A (CALABARZON),4,14.452822,121.462145,302,3,12,-75.7
3031,0300810013,Daang Pare,Orion,Bataan,Region III (Central Luzon),4,14.600108,120.579413,701,3,12,-82.9
3032,0501708029,Salvacion-Baybay,Calabanga,Camarines Sur,Region V (Bicol Region),4,13.72117,123.210251,200,21,84,-96.9
3033,0500503037,Mayon,Daraga,Albay,Region V (Bicol Region),4,13.058845,123.705175,150,15,60,-88.5
3034,0631000183,Ticud,City of Iloilo,Iloilo,Region VI (Western Visayas),4,10.716853,122.578347,248,1,4,-63
3035,0300803008,Cupang Proper,City of Balanga,Bataan,Region III (Central Luzon),4,14.668429,120.543569,1008,0,0,
3036,0203132012,Marasat Pequeño,San Mateo,Isabela,Region II (Cagayan Valley),4,16.882389,121.591892,182,12,48,-89.7
3037,0704619018,Poblacion I,Siaton,Negros Oriental,Region VII (Central Visayas),4,9.062172,123.031216,155,27,108,-103.6
3038,0431200016,Cotta,City of Lucena,Quezon,Region IV-A (CALABARZON),4,13.918154,121.608057,1628,10,40,-93.2
3039,1600209017,Punta,Nasipit,Agusan del Norte,Region XIII (Caraga),4,8.969006,125.295006,298,9,36,-85.7
3040,0431200029,Mayao Parada,City of Lucena,Quezon,Region IV-A (CALABARZON),4,13.934078,121.650955,301,10,40,-86.9
3041,0102820015,San Marcos,San Nicolas,Ilocos Norte,Region I (Ilocos Region),4,18.160616,120.575756,248,29,116,-97.1
3042,1403213040,New Tanglag,City of Tabuk,Kalinga,Cordillera Administrative Region (CAR),4,17.462744,121.426427,102,29,116,-97.4
3043,1600208009,Marcos,Magallanes,Agusan del Norte,Region XIII (Caraga),4,9.025787,125.51858,285,5,20,-86.2
3044,0301412005,Bayugo,City of Meycauayan,Bulacan,Region III (Central Luzon),4,14.732892,120.953586,1720,0,0,
3045,0403421001,Balian,Pangil,Laguna,Region IV-A (CALABARZON),4,14.394262,121.474868,641,10,40,-95.8
3046,0403425011,Poblacion,City of San Pedro,Laguna,Region IV-A (CALABARZON),4,14.363782,121.058021,575,0,0,
3047,0201525011,Simpatuyo,Santa Teresita,Cagayan,Region II (Cagayan Valley),4,18.24785,121.89567,211,32,128,-100
3048,0201529019,Caritan Norte,Tuguegarao City,Cagayan,Region II (Cagayan Valley),4,17.674724,121.756088,283,16,64,-92.3
3049,0102811016,Marcos,Banna,Ilocos Norte,Region I (Ilocos Region),4,17.981831,120.655409,86,18,72,-92.1
3050,0504111017,Ibingay,City of Masbate,Masbate,Region V (Bicol Region),4,12.372525,123.626779,596,0,0,
3051,0601909013,Bonga,Panay,Capiz,Region VI (Western Visayas),4,11.553056,122.806944,172,41,164,-101.6
3052,0501723031,San Nicolas,Nabua,Camarines Sur,Region V (Bicol Region),4,13.403829,123.370886,79,2,8,-54
3053,0301416015,Santo Niño,Paombong,Bulacan,Region III (Central Luzon),4,14.837395,120.790773,320,0,0,
3054,0306911010,Nilasin 1st,Pura,Tarlac,Region III (Central Luzon),4,15.62474,120.654721,98,8,32,-93.3
3055,0501721015,San Jose,Milaor,Camarines Sur,Region V (Bicol Region),4,13.599324,123.177932,161,1,4,-64.7
3056,0307114009,Calapandayan,Subic,Zambales,Region III (Central Luzon),4,14.873783,120.235521,856,13,52,-99.7
3057,0500506055,Bgy. 38 - Gogon,City of Legazpi,Albay,Region V (Bicol Region),4,13.155436,123.744939,452,1,4,-60.9
3058,0203137001,Annafunan,Tumauini,Isabela,Region II (Cagayan Valley),4,17.27435,121.80519,165,1,4,-63.4
3059,0631000106,Marcelo H. del Pilar,City of Iloilo,Iloilo,Region VI (Western Visayas),4,10.698107,122.5495,281,0,0,
3060,1130700049,Ilang,City of Davao,Davao del Sur,Region XI (Davao Region),4,7.178138,125.652449,2401,26,104,-97.4
3061,0305411011,San Jose,Magalang,Pampanga,Region III (Central Luzon),4,15.186778,120.640592,284,0,0,
3062,0401032007,Mabayabas,Taysan,Batangas,Region IV-A (CALABARZON),4,13.794216,121.200232,207,9,36,-82.6
3063,0401022029,Santo Cristo,San Jose,Batangas,Region IV-A (CALABARZON),4,13.869792,121.113587,273,2,8,-65.2
3064,0304929014,Hulo,Santo Domingo,Nueva Ecija,Region III (Central Luzon),4,15.58472,120.88133,188,1,4,-67.7
3065,0304906025,District VIII,Cuyapo,Nueva Ecija,Region III (Central Luzon),4,15.780286,120.662039,118,2,8,-78.6
3066,0401005009,Banaba Ibaba,Batangas City,Batangas,Region IV-A (CALABARZON),4,13.79143,121.058313,292,1,4,-84
3067,0304927006,Magpapalayoc,San Leonardo,Nueva Ecija,Region III (Central Luzon),4,15.375744,120.925866,548,1,4,-57.5
3068,1001312060,San Martin,City of Malaybalay,Bukidnon,Region X (Northern Mindanao),4,7.996209,125.197533,294,16,64,-89.3
3069,0301403018,San Roque,Baliuag,Bulacan,Region III (Central Luzon),4,14.996957,120.891526,356,1,4,-67
3070,0401022005,Balagtasin,San Jose,Batangas,Region IV-A (CALABARZON),4,13.90196,121.088301,316,1,4,-48.2
3071,0203114054,Manaring,City of Ilagan,Isabela,Region II (Cagayan Valley),4,17.171934,121.902141,215,6,24,-85.5
3072,0301406002,Bonga Menor,Bustos,Bulacan,Region III (Central Luzon),4,14.949914,120.933915,475,1,4,-59.1
3073,0600402011,Poblacion,Balete,Aklan,Region VI (Western Visayas),4,11.557289,122.378333,69,3,12,-67.4
3074,0103306026,Central East No. 2,Bangar,La Union,Region I (Ilocos Region),4,16.895733,120.424144,85,0,0,
3075,1206511008,Enrique J.C. Montilla,City of Tacurong,Sultan Kudarat,Region XII (SOCCSKSARGEN),4,6.673297,124.668309,502,23,92,-104.1
3076,0506215002,Peñafrancia,Santa Magdalena,Sorsogon,Region V (Bicol Region),4,12.650134,124.107296,64,26,104,-95.6
3077,0305408005,Calangain,Lubao,Pampanga,Region III (Central Luzon),4,14.892937,120.551686,237,1,4,-50.2
3078,0401027006,Cuta East,Santa Teresita,Batangas,Region IV-A (CALABARZON),4,13.865438,120.989976,103,0,0,
3079,0201507009,Centro West,Ballesteros,Cagayan,Region II (Cagayan Valley),4,18.414062,121.508995,162,41,164,-98.6
3080,0401029013,Halang,Taal,Batangas,Region IV-A (CALABARZON),4,13.90062,120.930425,132,0,0,
3081,0501603018,Magang,Daet,Camarines Norte,Region V (Bicol Region),4,14.098346,122.945592,553,2,8,-66
3082,0630200022,Barangay 26,City of Bacolod,Negros Occidental,Region VI (Western Visayas),4,10.626178,122.973514,122,2,8,-71.6
3083,0301420008,Poblacion,City of San Jose Del Monte,Bulacan,Region III (Central Luzon),4,14.812396,121.045584,204,0,0,
3084,0205014002,Ibung,Villaverde,Nueva Vizcaya,Region II (Cagayan Valley),4,16.60669,121.183332,390,21,84,-90.8
3085,0306905041,Santa Maria,Concepcion,Tarlac,Region III (Central Luzon),4,15.33599,120.658235,181,7,28,-93.1
3086,1204702035,Tacupan,Carmen,Cotabato,Region XII (SOCCSKSARGEN),4,7.216337,124.797299,194,175,700,-104.7
3087,0301409012,San Juan,Hagonoy,Bulacan,Region III (Central Luzon),4,14.865938,120.742229,332,3,12,-73.6
3088,0402110005,Bancod,Indang,Cavite,Region IV-A (CALABARZON),4,14.210743,120.877511,244,1,4,-78.7
3089,0405619060,Lagyo,Gumaca,Quezon,Region IV-A (CALABARZON),4,13.922571,122.116041,146,27,108,-95
3090,0704606003,Banga,City of Bayawan,Negros Oriental,Region VII (Central Visayas),4,9.37052,122.7952,622,57,228,-100.6
3091,0301420045,San Manuel,City of San Jose Del Monte,Bulacan,Region III (Central Luzon),4,14.776294,121.067741,1024,3,12,-76.8
3092,0500514023,Kinale,Polangui,Albay,Region V (Bicol Region),4,13.291999,123.468477,198,6,24,-82.6
3093,1705110003,Bagong Sikat,San Jose,Occidental Mindoro,MIMAROPA Region,4,12.367222,121.063056,627,28,112,-103
3094,0702247017,Tabunok,Sogod,Cebu,Region VII (Central Visayas),4,10.782116,124.017954,328,22,88,-94.9
3095,0803738083,San Jose,Ormoc City,Leyte,Region VIII (Eastern Visayas),4,11.098831,124.551995,315,5,20,-76.2
3096,0300804025,Pagalanggang,Dinalupihan,Bataan,Region III (Central Luzon),4,14.893426,120.467221,367,4,16,-77
3097,0306917007,Bulo,Victoria,Tarlac,Region III (Central Luzon),4,15.568565,120.665411,243,9,36,-84.1
3098,0704603002,Banilad,Bacong,Negros Oriental,Region VII (Central Visayas),4,9.270762,123.28851,453,2,8,-65.1
3099,0402110006,Buna Cerca,Indang,Cavite,Region IV-A (CALABARZON),4,14.186676,120.886516,378,2,8,-77.3
3100,0203137033,Namnama,Tumauini,Isabela,Region II (Cagayan Valley),4,17.290806,121.870589,132,76,304,-101.8
3101,0307108005,Garreta,Palauig,Zambales,Region III (Central Luzon),4,15.436614,119.901932,121,48,192,-102
3102,0307103015,Poblacion,Candelaria,Zambales,Region III (Central Luzon),4,15.627519,119.930396,103,1,4,-48.6
3103,0201518009,Centro,Pamplona,Cagayan,Region II (Cagayan Valley),4,18.464823,121.339675,84,62,248,-101.3
3104,0307109009,San Gregorio,San Antonio,Zambales,Region III (Central Luzon),4,14.951898,120.088469,84,0,0,
3105,0631000012,Baldoza,City of Iloilo,Iloilo,Region VI (Western Visayas),4,10.725942,122.554309,454,2,8,-64.2
3106,0603009016,Malico,Batad,Iloilo,Region VI (Western Visayas),4,11.41932,123.109192,37,1,4,-91.3
3107,0307701007,Calabuanan,Baler,Aurora,Region III (Central Luzon),4,15.748245,121.509709,323,18,72,-93.2
3108,0603044010,Aspera,Sara,Iloilo,Region VI (Western Visayas),4,11.266497,123.01617,166,24,96,-98.1
3109,0402105064,Barangay 10-B,City of Cavite,Cavite,Region IV-A (CALABARZON),4,14.482736,120.974375,254,2,8,-60.6
3110,0401014035,Pagolingin West,City of Lipa,Batangas,Region IV-A (CALABARZON),4,13.939389,121.155913,179,0,0,
3111,0105545013,Malayo,Urbiztondo,Pangasinan,Region I (Ilocos Region),4,15.827179,120.342918,170,0,0,
3112,0402108033,Buenavista III,City of General Trias,Cavite,Region IV-A (CALABARZON),4,14.307621,120.90167,849,0,0,
3113,0301403001,Bagong Nayon,Baliuag,Bulacan,Region III (Central Luzon),4,14.959703,120.898772,381,0,0,
3114,1004302020,Barangay 1,Balingasag,Misamis Oriental,Region X (Northern Mindanao),4,8.744879,124.780101,106,1,4,-69.8
3115,0401011022,San Gregorio,Laurel,Batangas,Region IV-A (CALABARZON),4,14.04069,120.863992,326,9,36,-81
3116,0504111015,Espinosa,City of Masbate,Masbate,Region V (Bicol Region),4,12.375219,123.620854,522,17,68,-100.1
3117,0331400017,Pag-asa,City of Olongapo,Zambales,Region III (Central Luzon),4,14.847327,120.288913,544,0,0,
3118,0301409017,San Pedro,Hagonoy,Bulacan,Region III (Central Luzon),4,14.841458,120.762873,511,1,4,-56.9
3119,0301410015,Guinhawa,City of Malolos,Bulacan,Region III (Central Luzon),4,14.835356,120.827719,378,0,0,
3120,0305409003,Bundagul,Mabalacat City,Pampanga,Region III (Central Luzon),4,15.215857,120.577428,309,3,12,-72.9
3121,0105546022,Mabanogbog,City of Urdaneta,Pangasinan,Region I (Ilocos Region),4,15.975519,120.551495,292,8,32,-79.9
3122,0401021037,Quilib,Rosario,Batangas,Region IV-A (CALABARZON),4,13.859452,121.206351,543,0,0,
3123,0105535007,Guiset Norte,San Manuel,Pangasinan,Region I (Ilocos Region),4,16.07074,120.653263,451,4,16,-79.3
3124,0402120011,Julugan I,Tanza,Cavite,Region IV-A (CALABARZON),4,14.363464,120.837648,470,1,4,-67.8
3125,0702219003,Casili,Consolacion,Cebu,Region VII (Central Visayas),4,10.379091,123.935281,1502,0,0,
3126,0403424009,Barangay II-E,City of San Pablo,Laguna,Region IV-A (CALABARZON),4,14.064166,121.324449,214,0,0,
3127,0501734019,Gaongan,Sipocot,Camarines Sur,Region V (Bicol Region),4,13.75897,122.966448,149,24,96,-93.8
3128,1600201009,Malpoc,Buenavista,Agusan del Norte,Region XIII (Caraga),4,8.963885,125.40361,196,8,32,-95.3
3129,0731300008,Casili,City of Mandaue,Cebu,Region VII (Central Visayas),4,10.3791,123.93528,464,0,0,
3130,0631000026,Buntatala,City of Iloilo,Iloilo,Region VI (Western Visayas),4,10.768611,122.583611,327,0,0,
3131,0306904001,Aranguren,Capas,Tarlac,Region III (Central Luzon),4,15.355935,120.527369,619,41,164,-100.3
3132,0501717031,San Ramon,Lagonoy,Camarines Sur,Region V (Bicol Region),4,13.72338,123.54019,280,3,12,-73.4
3133,0601914031,Jumaguicjic,City of Roxas,Capiz,Region VI (Western Visayas),4,11.50193,122.75078,227,3,12,-80.1
3134,0803702005,Binongto-an,Alangalang,Leyte,Region VIII (Eastern Visayas),4,11.21588,124.82691,199,30,120,-96.1
3135,0304913022,Siclong,Laur,Nueva Ecija,Region III (Central Luzon),4,15.580021,121.223,318,23,92,-98.7
3136,0203131027,Zone I,San Mariano,Isabela,Region II (Cagayan Valley),4,16.983764,122.009817,130,10,40,-94.8
3137,0702250008,Linao,City of Talisay,Cebu,Region VII (Central Visayas),4,10.254892,123.817191,1169,0,0,
3138,1600212003,Basilisa,Remedios T. Romualdez,Agusan del Norte,Region XIII (Caraga),4,9.066442,125.580741,176,13,52,-95.3
3139,0405641015,Pulo,San Antonio,Quezon,Region IV-A (CALABARZON),4,13.901949,121.296421,184,7,28,-81.1
3140,0205701022,Pinaripad Norte,Aglipay,Quirino,Region II (Cagayan Valley),4,16.478347,121.599583,83,27,108,-92.5
3141,0500517035,Salvacion,City of Tabaco,Albay,Region V (Bicol Region),4,13.361489,123.719313,282,0,0,
3142,0500503005,Balinad,Daraga,Albay,Region V (Bicol Region),4,13.14145,123.69797,197,6,24,-78.1
3143,1004308068,Santiago,City of Gingoog,Misamis Oriental,Region X (Northern Mindanao),4,8.828498,125.129929,275,27,108,-99.2
3144,0402106038,San Roque,City of Dasmariñas,Cavite,Region IV-A (CALABARZON),4,14.294663,120.9363,265,2,8,-68.4
3145,0304927011,Rizal District,San Leonardo,Nueva Ecija,Region III (Central Luzon),4,15.350059,120.943338,224,1,4,-64
3146,0501720013,Santa Lucia,Magarao,Camarines Sur,Region V (Bicol Region),4,13.66505,123.202514,462,2,8,-69.7
3147,0803733012,Talisay,Matag-Ob,Leyte,Region VIII (Eastern Visayas),4,11.144587,124.471785,50,13,52,-88.5
3148,0300805003,Bacong,Hermosa,Bataan,Region III (Central Luzon),4,14.852695,120.437492,271,1,4,-74.1
3149,1130700075,Matina Crossing,City of Davao,Davao del Sur,Region XI (Davao Region),4,7.079508,125.574042,3802,6,24,-76.4
3150,1705211001,Aninuan,Puerto Galera,Oriental Mindoro,MIMAROPA Region,4,13.49732,120.89848,249,85,340,-102.9
3151,1400101031,Zone 1 Pob.,Bangued,Abra,Cordillera Administrative Region (CAR),4,17.602097,120.616151,179,0,0,
3152,0304903091,Aduas Sur,City of Cabanatuan,Nueva Ecija,Region III (Central Luzon),4,15.496408,120.967192,714,0,0,
3153,0730600025,Day-as,City of Cebu,Cebu,Region VII (Central Visayas),4,10.341451,123.889027,358,1,4,-63.2
3154,0907322043,Santiago,City of Pagadian,Zamboanga del Sur,Region IX (Zamboanga Peninsula),4,7.820202,123.440291,252,3,12,-79.6
3155,0403408001,Asana,Famy,Laguna,Region IV-A (CALABARZON),4,14.438084,121.449502,53,0,0,
3156,0402113012,Pantihan II,Maragondon,Cavite,Region IV-A (CALABARZON),4,14.24305,120.794344,107,8,32,-78.3
3157,0301420031,Graceville,City of San Jose Del Monte,Bulacan,Region III (Central Luzon),4,14.78695,121.06101,3782,0,0,
3158,0402103040,Maliksi III,City of Bacoor,Cavite,Region IV-A (CALABARZON),4,14.405598,120.982651,568,0,0,
3159,0201529044,Leonarda,Tuguegarao City,Cagayan,Region II (Cagayan Valley),4,17.642423,121.739948,258,1,4,-68.4
3160,0730600040,Labangon,City of Cebu,Cebu,Region VII (Central Visayas),4,10.29999,123.88166,3081,0,0,
3161,1102404013,Leling,Hagonoy,Davao del Sur,Region XI (Davao Region),4,6.710361,125.36118,291,11,44,-87.2
3162,0401020002,Banaybanay,Padre Garcia,Batangas,Region IV-A (CALABARZON),4,13.899289,121.21678,201,1,4,-57.4
3163,0304921014,San Josef,Peñaranda,Nueva Ecija,Region III (Central Luzon),4,15.345964,121.008272,513,3,12,-69.9
3164,1705205006,Bayanan II,City of Calapan,Oriental Mindoro,MIMAROPA Region,4,13.356965,121.170112,240,5,20,-81.8
3165,0401005026,Domoclay,Batangas City,Batangas,Region IV-A (CALABARZON),4,13.745793,121.089096,335,3,12,-69.1
3166,0301406009,Malawak,Bustos,Bulacan,Region III (Central Luzon),4,14.914039,120.951971,264,2,8,-68.1
3167,0205702011,Zamora,Cabarroguis,Quirino,Region II (Cagayan Valley),4,16.505304,121.522279,231,39,156,-99.2
3168,0402112014,Kabulusan,Magallanes,Cavite,Region IV-A (CALABARZON),4,14.178873,120.744705,172,5,20,-74.1
3169,0402103024,Talaba I,City of Bacoor,Cavite,Region IV-A (CALABARZON),4,14.418322,120.969156,172,0,0,
3170,0102822020,Santa Ana,Solsona,Ilocos Norte,Region I (Ilocos Region),4,18.100004,120.766672,106,2,8,-76.6
3171,1204704015,Lanao,City of Kidapawan,Cotabato,Region XII (SOCCSKSARGEN),4,7.025548,125.08144,621,23,92,-96.7
3172,0105522002,Baay,Lingayen,Pangasinan,Region I (Ilocos Region),4,16.009722,120.223611,489,1,4,-41.9
3173,0105522025,Namolan,Lingayen,Pangasinan,Region I (Ilocos Region),4,16.017222,120.248611,221,1,4,-69.1
3174,1408105021,San Isidro Sur,Luna,Apayao,Cordillera Administrative Region (CAR),4,18.335076,121.380824,124,49,196,-99.4
3175,0702220008,Gabi,Cordova,Cebu,Region VII (Central Visayas),4,10.262688,123.961213,496,4,16,-89.3
3176,0702213007,Cadaruhan,Borbon,Cebu,Region VII (Central Visayas),4,10.85952,124.01895,386,24,96,-92.5
3177,0405623007,Barangay 4,Lucban,Quezon,Region IV-A (CALABARZON),4,14.127675,121.555849,202,4,16,-80.7
3178,0702221005,Bitoon,Daanbantayan,Cebu,Region VII (Central Visayas),4,11.233747,123.993935,425,28,112,-100.1
3179,0603045004,Baguingin,Tigbauan,Iloilo,Region VI (Western Visayas),4,10.694893,122.402999,282,21,84,-94.3
3180,0105505011,Mal-ong,Anda,Pangasinan,Region I (Ilocos Region),4,16.301197,119.934935,271,24,96,-94.8
3181,0405648026,San Pedro,Tiaong,Quezon,Region IV-A (CALABARZON),4,13.971111,121.301389,194,3,12,-82.9
3182,0402117002,Bagbag I,Rosario,Cavite,Region IV-A (CALABARZON),4,14.423517,120.86779,560,0,0,
3183,0402120009,Daang Amaya I,Tanza,Cavite,Region IV-A (CALABARZON),4,14.359267,120.847576,445,2,8,-70.1
3184,1003510008,Samburon,Linamon,Lanao del Norte,Region X (Northern Mindanao),4,8.173959,124.163148,292,42,168,-94.7
3185,0601904016,Codingle,Dumarao,Capiz,Region VI (Western Visayas),4,11.255833,122.685833,141,34,136,-94.7
3186,0702251016,Don Andres Soriano,City of Toledo,Cebu,Region VII (Central Visayas),4,10.306307,123.711584,1530,5,20,-77.9
3187,0300804002,Bangal,Dinalupihan,Bataan,Region III (Central Luzon),4,14.845332,120.339603,440,10,40,-86.2
3188,0305409013,Macapagal Village,Mabalacat City,Pampanga,Region III (Central Luzon),4,15.210845,120.537551,334,8,32,-78.9
3189,0205703018,Rizal,Diffun,Quirino,Region II (Cagayan Valley),4,16.598045,121.519736,292,8,32,-85
3190,0304929031,San Fabian,Santo Domingo,Nueva Ecija,Region III (Central Luzon),4,15.59687,120.90673,242,4,16,-74.9
3191,0603044003,Alibayog,Sara,Iloilo,Region VI (Western Visayas),4,11.253332,123.008339,137,0,0,
3192,1401105007,Buyacaoan,Buguias,Benguet,Cordillera Administrative Region (CAR),4,16.776001,120.8121,342,9,36,-87.8
3193,0304913006,Canantong,Laur,Nueva Ecija,Region III (Central Luzon),4,15.562439,121.187411,272,13,52,-90.4
3194,0601914019,Baybay,City of Roxas,Capiz,Region VI (Western Visayas),4,11.604403,122.73809,797,13,52,-93.5
3195,1230800011,Lagao,City of General Santos,South Cotabato,Region XII (SOCCSKSARGEN),4,6.131349,125.184974,4278,15,60,-92.8
3196,0305409021,San Francisco,Mabalacat City,Pampanga,Region III (Central Luzon),4,15.216522,120.57884,1167,1,4,-82.1
3197,0403403014,Mampalasan,City of Biñan,Laguna,Region IV-A (CALABARZON),4,14.291681,121.078119,1354,0,0,
3198,0105538003,Banaoang,Santa Barbara,Pangasinan,Region I (Ilocos Region),4,15.993502,120.431622,376,1,4,-58.4
3199,0401007044,Timbain,City of Calaca,Batangas,Region IV-A (CALABARZON),4,13.943693,120.811152,223,5,20,-77.1
3200,0403405020,Lecheria,City of Calamba,Laguna,Region IV-A (CALABARZON),4,14.203262,121.161429,1087,1,4,-77.7
3201,0301406006,Catacte,Bustos,Bulacan,Region III (Central Luzon),4,14.908654,120.940228,753,1,4,-45.7
3202,0301410021,Catmon,City of Malolos,Bulacan,Region III (Central Luzon),4,14.850374,120.813572,201,1,4,-61
3203,0305417002,San Carlos,San Luis,Pampanga,Region III (Central Luzon),4,15.042239,120.758526,355,4,16,-72.5
3204,0105518015,Lasip Grande,City of Dagupan,Pangasinan,Region I (Ilocos Region),4,16.028247,120.342917,203,0,0,
3205,0401003003,Barangay 1,Balayan,Batangas,Region IV-A (CALABARZON),4,13.953965,120.733464,180,2,8,-72.5
3206,0730600085,Tisa,City of Cebu,Cebu,Region VII (Central Visayas),4,10.2985,123.869516,4446,1,4,-71.6
3207,0402103026,Queens Row Central,City of Bacoor,Cavite,Region IV-A (CALABARZON),4,14.397702,120.98956,566,0,0,
3208,0105532018,Bolingit,City of San Carlos,Pangasinan,Region I (Ilocos Region),4,15.956724,120.349096,309,2,8,-60.8
3209,0304917003,Bantug,Science City of Muñoz,Nueva Ecija,Region III (Central Luzon),4,15.720057,120.919058,1037,10,40,-84.9
3210,0306907020,San Roque,La Paz,Tarlac,Region III (Central Luzon),4,15.443126,120.733372,651,4,16,-84
3211,1630400019,Basag,City of Butuan,Agusan del Norte,Region XIII (Caraga),4,8.933056,125.614722,302,19,76,-91
3212,0402120006,Bunga,Tanza,Cavite,Region IV-A (CALABARZON),4,14.354911,120.871898,358,2,8,-67.2
3213,1705207020,Santa Teresita,Mansalay,Oriental Mindoro,MIMAROPA Region,4,12.51804,121.42196,419,87,348,-103.1
3214,0401010009,Lucsuhin,Ibaan,Batangas,Region IV-A (CALABARZON),4,14.092688,120.880746,148,1,4,-64.2
3215,0307110009,San Rafael,San Felipe,Zambales,Region III (Central Luzon),4,15.057568,120.066706,97,18,72,-99.2
3216,0831600136,Barangay 110,City of Tacloban,Leyte,Region VIII (Eastern Visayas),4,11.229649,124.992926,532,1,4,-47.5
3217,0401020023,Poblacion,Padre Garcia,Batangas,Region IV-A (CALABARZON),4,13.879442,121.209244,288,1,4,-71.5
3218,0501726015,San Vicente,Pamplona,Camarines Sur,Region V (Bicol Region),4,13.595415,123.051456,304,19,76,-92.4
3219,0704610007,Bunao,City of Dumaguete,Negros Oriental,Region VII (Central Visayas),4,9.296887,123.288191,224,0,0,
3220,1004319002,Bulwa,Medina,Misamis Oriental,Region X (Northern Mindanao),4,8.908918,125.01645,147,8,32,-100.6
3221,0305405010,Dulong Ilog,Candaba,Pampanga,Region III (Central Luzon),4,15.037862,120.865042,381,10,40,-84.3
3222,1404405007,Poblacion,Natonin,Mountain Province,Cordillera Administrative Region (CAR),4,17.108095,121.278695,116,146,584,-103.3
3223,1004307011,Molugan,City of El Salvador,Misamis Oriental,Region X (Northern Mindanao),4,8.53284,124.562184,1020,8,32,-92.1
3224,0506216054,San Isidro,City of Sorsogon,Sorsogon,Region V (Bicol Region),4,12.989152,124.00241,233,2,8,-69.4
3225,0702210039,San Rafael,Barili,Cebu,Region VII (Central Visayas),4,10.107197,123.51693,158,7,28,-87.8
3226,0500506054,Bgy. 55 - Estanza,City of Legazpi,Albay,Region V (Bicol Region),4,13.122765,123.729084,387,1,4,-68.2
3227,0203134016,San Antonio,Santa Maria,Isabela,Region II (Cagayan Valley),4,17.477071,121.75748,123,38,152,-101.2
3228,0702211009,Dakit,City of Bogo,Cebu,Region VII (Central Visayas),4,11.029424,124.001472,517,2,8,-70.7
3229,0402108032,Buenavista II,City of General Trias,Cavite,Region IV-A (CALABARZON),4,14.305022,120.897696,1054,3,12,-69.5
3230,0304931010,Magsaysay,Talugtug,Nueva Ecija,Region III (Central Luzon),4,15.778867,120.805598,142,25,100,-93.8
3231,0604526013,Lantad,City of Silay,Negros Occidental,Region VI (Western Visayas),4,10.815864,122.963045,835,53,212,-99.9
3232,1130700158,Barangay 25-C,City of Davao,Davao del Sur,Region XI (Davao Region),4,7.188736,125.451093,176,59,236,-102.9
3233,0931700068,Rio Hondo,City of Zamboanga,Zamboanga del Sur,Region IX (Zamboanga Peninsula),4,6.899039,122.085326,767,60,240,-103.7
3234,0403405031,Maunong,City of Calamba,Laguna,Region IV-A (CALABARZON),4,14.169144,121.153919,438,6,24,-84.6
3235,0103311017,Dal-lipaoen,Naguilian,La Union,Region I (Ilocos Region),4,16.524772,120.4071,146,5,20,-81.5
3236,0401012047,Wawa Ilaya,Lemery,Batangas,Region IV-A (CALABARZON),4,13.875721,120.91362,125,1,4,-66.7
3237,0702208022,Pondol,Balamban,Cebu,Region VII (Central Visayas),4,10.490588,123.716598,827,21,84,-91.5
3238,0501716020,San Miguel,City of Iriga,Camarines Sur,Region V (Bicol Region),4,13.417358,123.406111,236,2,8,-63
3239,0403424069,Santa Felomina,City of San Pablo,Laguna,Region IV-A (CALABARZON),4,14.0895,121.287694,356,5,20,-77.6
3240,0102821012,San Leandro,Sarrat,Ilocos Norte,Region I (Ilocos Region),4,18.154617,120.644555,104,11,44,-89.4
3241,0330100026,Sta. Trinidad,City of Angeles,Pampanga,Region III (Central Luzon),4,15.146408,120.576195,540,0,0,
3242,0500517027,Panal,City of Tabaco,Albay,Region V (Bicol Region),4,13.356788,123.719464,257,0,0,
3243,0301422014,Maguinao,San Rafael,Bulacan,Region III (Central Luzon),4,15.023637,120.934211,442,4,16,-70.7
3244,0103311030,Ortiz,Naguilian,La Union,Region I (Ilocos Region),4,16.532467,120.391556,226,2,8,-65.6
3245,0305406003,Basa Air Base,Floridablanca,Pampanga,Region III (Central Luzon),4,14.978672,120.499736,199,1,4,-53.3
3246,0702220004,Catarman,Cordova,Cebu,Region VII (Central Visayas),4,10.248249,123.946176,472,18,72,-100.1
3247,1004324009,Santa Cruz,Tagoloan,Misamis Oriental,Region X (Northern Mindanao),4,8.546144,124.76887,1273,3,12,-75.3
3248,1206317013,Poblacion,Tupi,South Cotabato,Region XII (SOCCSKSARGEN),4,6.341461,124.941737,1329,93,372,-103.6
3249,0403424035,Concepcion,City of San Pablo,Laguna,Region IV-A (CALABARZON),4,14.074525,121.335119,826,1,4,-68.8
3250,0402114025,Panungyan II,Mendez,Cavite,Region IV-A (CALABARZON),4,14.135806,120.895058,158,0,0,
3251,0600403019,Poblacion,Banga,Aklan,Region VI (Western Visayas),4,11.697481,122.367432,148,0,0,
3252,0501736021,San Rafael,Tigaon,Camarines Sur,Region V (Bicol Region),4,13.660621,123.501679,298,3,12,-74.3
3253,0405646034,San Isidro,Tagkawayan,Quezon,Region IV-A (CALABARZON),4,14.016048,122.465649,97,44,176,-93.2
3254,0301412002,Bahay Pare,City of Meycauayan,Bulacan,Region III (Central Luzon),4,14.767204,121.010529,1186,2,8,-68.4
3255,0201516034,Sta. Maria,Lal-Lo,Cagayan,Region II (Cagayan Valley),4,18.182909,121.660321,188,3,12,-70.6
3256,0205004005,Almaguer North,Bambang,Nueva Vizcaya,Region II (Cagayan Valley),4,16.36298,121.09658,264,7,28,-89
3257,0105518002,Bacayao Sur,City of Dagupan,Pangasinan,Region I (Ilocos Region),4,16.022198,120.346303,212,0,0,
3258,1102303019,Santo Niño,Carmen,Davao del Norte,Region XI (Davao Region),4,7.335812,125.695187,512,4,16,-79
3259,1004324003,Gracia,Tagoloan,Misamis Oriental,Region X (Northern Mindanao),4,8.528533,124.753104,233,0,0,
3260,0201505030,Maura,Aparri,Cagayan,Region II (Cagayan Valley),4,18.354666,121.648341,640,28,112,-102.7
3261,0403415003,Munting Ambling,Magdalena,Laguna,Region IV-A (CALABARZON),4,14.206909,121.424254,167,1,4,-63.9
3262,0504111023,Mayngaran,City of Masbate,Masbate,Region V (Bicol Region),4,12.349595,123.599576,367,32,128,-94.6
3263,0403426005,Duhat,Santa Cruz,Laguna,Region IV-A (CALABARZON),4,14.246696,121.379332,737,1,4,-48.5
3264,0402109010,Bayan Luma I,City of Imus,Cavite,Region IV-A (CALABARZON),4,14.412817,120.930167,385,0,0,
3265,0301420024,Fatima III,City of San Jose Del Monte,Bulacan,Region III (Central Luzon),4,14.845455,121.048244,175,1,4,-58.9
3266,0405610012,Bolo,Catanauan,Quezon,Region IV-A (CALABARZON),4,13.629067,122.25775,108,71,284,-101.3
3267,0300804032,Saguing,Dinalupihan,Bataan,Region III (Central Luzon),4,14.861794,120.44062,452,1,4,-53.3
3268,0702211015,Libertad,City of Bogo,Cebu,Region VII (Central Visayas),4,11.025456,124.020882,386,16,64,-92
3269,0105517010,Lasip,Calasiao,Pangasinan,Region I (Ilocos Region),4,16.005833,120.352778,285,1,4,-40.1
3270,0601914026,Dumolog,City of Roxas,Capiz,Region VI (Western Visayas),4,11.60573,122.75682,329,20,80,-100.1
3271,0306902010,San Nicolas,Bamban,Tarlac,Region III (Central Luzon),4,15.278819,120.522069,1587,30,120,-98.2
3272,0403425027,Pacita 2,City of San Pedro,Laguna,Region IV-A (CALABARZON),4,14.330586,121.031455,1195,0,0,
3273,0402103048,Molino V,City of Bacoor,Cavite,Region IV-A (CALABARZON),4,14.467935,120.946049,610,3,12,-84.4
3274,1705206028,Tambong,Gloria,Oriental Mindoro,MIMAROPA Region,4,12.97714,121.49116,273,23,92,-96.3
3275,0401001008,Coral Na Munti,Agoncillo,Batangas,Region IV-A (CALABARZON),4,13.934484,120.912902,373,4,16,-80.1
3276,0702241002,Balud,San Fernando,Cebu,Region VII (Central Visayas),4,10.148632,123.694923,400,16,64,-93.7
3277,1030500005,Balulang,City of Cagayan De Oro,Misamis Oriental,Region X (Northern Mindanao),4,8.44355,124.634223,3581,13,52,-88.6
3278,0301408012,Tabe,Guiguinto,Bulacan,Region III (Central Luzon),4,14.83675,120.887638,825,2,8,-82.2
3279,0301407009,Corazon,Calumpit,Bulacan,Region III (Central Luzon),4,14.912023,120.768285,195,0,0,
3280,1004302032,Waterfall,Balingasag,Misamis Oriental,Region X (Northern Mindanao),4,8.732254,124.780965,477,2,8,-63.7
3281,0405803010,Pinugay,Baras,Rizal,Region IV-A (CALABARZON),4,14.622515,121.262456,4037,71,284,-100.4
3282,0405814007,Prinza,Teresa,Rizal,Region IV-A (CALABARZON),4,14.536309,121.217179,598,1,4,-41.3
3283,0402106026,San Antonio De Padua I,City of Dasmariñas,Cavite,Region IV-A (CALABARZON),4,14.320146,120.956531,316,1,4,-42.6
3284,0301410045,San Vicente,City of Malolos,Bulacan,Region III (Central Luzon),4,14.847731,120.818509,215,0,0,
3285,0506216038,Balete,City of Sorsogon,Sorsogon,Region V (Bicol Region),4,13.022147,124.028211,220,3,12,-78.3
3286,1102404020,Paligue,Hagonoy,Davao del Sur,Region XI (Davao Region),4,6.662327,125.35732,296,8,32,-83.8
3287,1606807010,Gamuton,Carrascal,Surigao del Sur,Region XIII (Caraga),4,9.357723,125.935559,212,95,380,-103.5
3288,0403403012,Malaban,City of Biñan,Laguna,Region IV-A (CALABARZON),4,14.346077,121.088822,3586,5,20,-96.2
3289,0402103001,Alima,City of Bacoor,Cavite,Region IV-A (CALABARZON),4,14.458393,120.937347,524,1,4,-91.5
3290,0405608017,Masin Sur,Candelaria,Quezon,Region IV-A (CALABARZON),4,13.940898,121.425906,413,4,16,-77.6
3291,0500514033,Maynaga,Polangui,Albay,Region V (Bicol Region),4,13.3391,123.52,102,10,40,-85.9
3292,0403424079,Soledad,City of San Pablo,Laguna,Region IV-A (CALABARZON),4,14.042346,121.314857,375,2,8,-72.5
3293,1030900031,Bagong Silang,City of Iligan,Lanao del Norte,Region X (Northern Mindanao),4,8.239329,124.254882,488,2,8,-68.3
3294,0330100004,Capaya,City of Angeles,Pampanga,Region III (Central Luzon),4,15.144994,120.616683,1097,2,8,-78
3295,0401014005,Antipolo Del Norte,City of Lipa,Batangas,Region IV-A (CALABARZON),4,13.928234,121.169933,521,0,0,
3296,0701216001,De la Paz,Cortes,Bohol,Region VII (Central Visayas),4,9.701023,123.867693,224,7,28,-78.7
3297,0305406015,Sto. Rosario,Floridablanca,Pampanga,Region III (Central Luzon),4,14.970223,120.516882,167,1,4,-57.8
3298,0300807004,Cabcaben,Mariveles,Bataan,Region III (Central Luzon),4,14.45457,120.588918,667,5,20,-97.8
3299,0301421049,Santa Rita Bata,San Miguel,Bulacan,Region III (Central Luzon),4,15.16306,120.990881,343,0,0,
3300,0501706027,San Miguel,Bula,Camarines Sur,Region V (Bicol Region),4,13.480676,123.270513,210,14,56,-92.9
3301,0402109099,Toclong I-B,City of Imus,Cavite,Region IV-A (CALABARZON),4,14.345208,121.015135,161,1,4,-64.6
3302,0306912002,Guiteb,Ramos,Tarlac,Region III (Central Luzon),4,15.668967,120.614764,295,8,32,-82.5
3303,0105513017,Lomboy,Binmaley,Pangasinan,Region I (Ilocos Region),4,16.014473,120.261369,295,5,20,-81.6
3304,0403406002,Bangyas,Calauan,Laguna,Region IV-A (CALABARZON),4,14.173981,121.316903,292,1,4,-69.3
3305,1402701023,Tam-an,Banaue,Ifugao,Cordillera Administrative Region (CAR),4,16.906828,121.06283,114,22,88,-97.2
3306,1402705009,Nayon,Lamut,Ifugao,Cordillera Administrative Region (CAR),4,16.719526,121.171751,94,62,248,-98.6
3307,0704603016,San Miguel,Bacong,Negros Oriental,Region VII (Central Visayas),4,9.224055,123.285785,392,44,176,-99.6
3308,0304908006,Mangino,City of Gapan,Nueva Ecija,Region III (Central Luzon),4,15.311157,120.962337,1207,4,16,-70.6
3309,1401106008,Ucab,Itogon,Benguet,Cordillera Administrative Region (CAR),4,16.374682,120.661839,770,12,48,-85.2
3310,0105546018,Dilan Paurido,City of Urdaneta,Pangasinan,Region I (Ilocos Region),4,15.974722,120.581667,621,3,12,-75.6
3311,0304903023,Kapitan Pepe,City of Cabanatuan,Nueva Ecija,Region III (Central Luzon),4,15.487783,120.976946,448,1,4,-33.5
3312,0305411001,Camias,Magalang,Pampanga,Region III (Central Luzon),4,15.19147,120.651733,175,2,8,-79.7
3313,0102815011,Pasaleng,Pagudpud,Ilocos Norte,Region I (Ilocos Region),4,18.548723,120.936343,148,95,380,-101.8
3314,0304929017,Malasin,Santo Domingo,Nueva Ecija,Region III (Central Luzon),4,15.590978,120.87819,182,0,0,
3315,0603036003,Anilao,Pavia,Iloilo,Region VI (Western Visayas),4,10.775774,122.540027,109,1,4,-51.5
3316,1403213015,Gobgob,City of Tabuk,Kalinga,Cordillera Administrative Region (CAR),4,17.46898,121.43138,148,12,48,-91.5
3317,0300810029,Wawa,Orion,Bataan,Region III (Central Luzon),4,14.623936,120.583908,157,18,72,-100.2
3318,0330100017,Pampang,City of Angeles,Pampanga,Region III (Central Luzon),4,15.146489,120.575379,2146,1,4,-42.2
3319,0403404003,Banlic,City of Cabuyao,Laguna,Region IV-A (CALABARZON),4,14.231554,121.137068,2057,1,4,-57.3
3320,0604530012,Pacol,Valladolid,Negros Occidental,Region VI (Western Visayas),4,10.471702,122.834579,170,3,12,-69.6
3321,1600201024,Sacol,Buenavista,Agusan del Norte,Region XIII (Caraga),4,8.972745,125.39374,257,3,12,-80.1
3322,0401009007,Dita,Cuenca,Batangas,Region IV-A (CALABARZON),4,13.917023,121.073064,399,2,8,-71.6
3323,0401005027,Dumantay,Batangas City,Batangas,Region IV-A (CALABARZON),4,13.765612,121.103374,494,4,16,-70.4
3324,0105518031,Tapuac,City of Dagupan,Pangasinan,Region I (Ilocos Region),4,16.03716,120.332859,420,2,8,-69.3
3325,0600401008,Lupo,Altavas,Aklan,Region VI (Western Visayas),4,11.523056,122.480054,176,38,152,-100.9
3326,0504101037,Talabaan,Aroroy,Masbate,Region V (Bicol Region),4,12.510619,123.395063,114,12,48,-103.6
3327,1004308073,Barangay 18,City of Gingoog,Misamis Oriental,Region X (Northern Mindanao),4,8.829248,125.109923,110,8,32,-88.4
3328,0300801010,Salian,Abucay,Bataan,Region III (Central Luzon),4,14.712539,120.528758,334,9,36,-92.6
3329,0401003043,Sambat,Balayan,Batangas,Region IV-A (CALABARZON),4,13.950766,120.705515,264,6,24,-79.3
3330,0803738087,Santo Niño,Ormoc City,Leyte,Region VIII (Eastern Visayas),4,11.04224,124.590455,236,2,8,-74.8
3331,0604520003,Amayco,Murcia,Negros Occidental,Region VI (Western Visayas),4,10.581361,123.075513,198,2,8,-63.6
3332,1705215031,San Isidro,Victoria,Oriental Mindoro,MIMAROPA Region,4,13.160355,121.285102,158,41,164,-99.6
3333,0402106050,Emmanuel Bergado II,City of Dasmariñas,Cavite,Region IV-A (CALABARZON),4,14.299005,120.998663,260,1,4,-52.7
3334,0402121011,Sapang II,Ternate,Cavite,Region IV-A (CALABARZON),4,14.291774,120.723379,194,3,12,-80
3335,0731300011,Cubacub,City of Mandaue,Cebu,Region VII (Central Visayas),4,10.369544,123.938583,1187,1,4,-48.8
3336,0603007006,Bungca,Barotac Nuevo,Iloilo,Region VI (Western Visayas),4,10.908324,122.716087,190,27,108,-94.7
3337,0702241015,Pitalo,San Fernando,Cebu,Region VII (Central Visayas),4,10.17572,123.72168,637,14,56,-96.8
3338,0501612005,Calangcawan Norte,Vinzons,Camarines Norte,Region V (Bicol Region),4,14.182372,122.919203,370,32,128,-101.7
3339,1600210002,Curva,Santiago,Agusan del Norte,Region XIII (Caraga),4,9.253566,125.570454,216,15,60,-97.4
3340,0301424006,Pulong Sampalok,Doña Remedios Trinidad,Bulacan,Region III (Central Luzon),4,14.957923,121.072007,320,27,108,-96.7
3341,0803738086,San Vicente,Ormoc City,Leyte,Region VIII (Eastern Visayas),4,11.051887,124.521704,160,4,16,-74.4
3342,0506209001,Bagsangan,Irosin,Sorsogon,Region V (Bicol Region),4,12.722014,124.03675,233,6,24,-82.6
3343,1401110002,Alno,La Trinidad,Benguet,Cordillera Administrative Region (CAR),4,16.486499,120.593855,286,9,36,-85.4
3344,0402101022,Upli,Alfonso,Cavite,Region IV-A (CALABARZON),4,14.092925,120.863561,234,9,36,-81.5
3345,0304921008,Poblacion III,Peñaranda,Nueva Ecija,Region III (Central Luzon),4,15.35665,121.017835,120,6,24,-85.5
3346,0402109043,Bayan Luma IV,City of Imus,Cavite,Region IV-A (CALABARZON),4,14.388768,120.9741,252,0,0,
3347,0501725016,Poblacion West,Ocampo,Camarines Sur,Region V (Bicol Region),4,13.559107,123.374731,64,13,52,-87.3
3348,0304916018,Parista,Lupao,Nueva Ecija,Region III (Central Luzon),4,15.863101,120.91926,416,11,44,-85.3
3349,0301407011,Gatbuca,Calumpit,Bulacan,Region III (Central Luzon),4,14.922834,120.768952,572,0,0,
3350,0603009003,Banban,Batad,Iloilo,Region VI (Western Visayas),4,11.418436,123.111053,31,0,0,
3351,0702210024,Maghanoy,Barili,Cebu,Region VII (Central Visayas),4,10.109132,123.50395,115,5,20,-90.9
3352,0306911013,Poblacion 2,Pura,Tarlac,Region III (Central Luzon),4,15.618744,120.651423,97,0,0,
3353,0501709003,San Francisco,Camaligan,Camarines Sur,Region V (Bicol Region),4,13.618282,123.166844,62,3,12,-70.9
3354,0501706008,Inoyonan,Bula,Camarines Sur,Region V (Bicol Region),4,13.46982,123.277199,93,0,0,
3355,0201523002,Casambalangan,Santa Ana,Cagayan,Region II (Cagayan Valley),4,18.37642,122.12606,358,39,156,-97.7
3356,0500504030,Mauraro,Guinobatan,Albay,Region V (Bicol Region),4,13.141938,123.59749,502,11,44,-85.3
3357,0704610013,Daro,City of Dumaguete,Negros Oriental,Region VII (Central Visayas),4,9.32234,123.29476,507,2,8,-61
3358,0604515029,Talubangi,City of Kabankalan,Negros Occidental,Region VI (Western Visayas),4,10.007816,122.803598,334,63,252,-101.6
3359,0307114022,Santo Tomas,Subic,Zambales,Region III (Central Luzon),4,14.85718,120.2561,449,7,28,-88.8
3360,1600204011,San Agustin,Carmen,Agusan del Norte,Region XIII (Caraga),4,9.056419,125.223583,97,63,252,-100.2
3361,0306917027,Santa Lucia,Victoria,Tarlac,Region III (Central Luzon),4,15.578504,120.678967,126,0,0,
3362,0402111015,Binakayan-Aplaya,Kawit,Cavite,Region IV-A (CALABARZON),4,14.428608,120.913961,311,1,4,-62.8
3363,0402118013,Carmen,Silang,Cavite,Region IV-A (CALABARZON),4,14.227606,121.034601,298,6,24,-74.8
3364,1001312065,Sumpong,City of Malaybalay,Bukidnon,Region X (Northern Mindanao),4,8.164065,125.119401,817,53,212,-101.2
3365,0301423014,Manggahan,Santa Maria,Bulacan,Region III (Central Luzon),4,14.852793,120.957498,249,1,4,-77.9
3366,0304919012,Singalat,City of Palayan,Nueva Ecija,Region III (Central Luzon),4,15.572005,121.09503,240,1,4,-70.3
3367,1630400080,Sumilihon,City of Butuan,Agusan del Norte,Region XIII (Caraga),4,8.991389,125.613333,373,32,128,-96.7
3368,0405630018,Pinagbayanan,Pagbilao,Quezon,Region IV-A (CALABARZON),4,13.977035,121.712405,348,30,120,-96
3369,0300809023,Tugatog,Orani,Bataan,Region III (Central Luzon),4,14.801367,120.519217,708,1,4,-47.4
3370,0730600010,Binaliw,City of Cebu,Cebu,Region VII (Central Visayas),4,10.424854,123.916231,328,5,20,-75.3
3371,0402106025,San Andres I,City of Dasmariñas,Cavite,Region IV-A (CALABARZON),4,14.321552,120.944495,396,1,4,-50.2
3372,0402118061,Narra III,Silang,Cavite,Region IV-A (CALABARZON),4,14.185512,120.984288,299,0,0,
3373,0403426002,Bagumbayan,Santa Cruz,Laguna,Region IV-A (CALABARZON),4,14.268434,121.399951,1332,2,8,-63.5
3374,0307105012,Palanginan,Iba,Zambales,Region III (Central Luzon),4,15.31715,119.991586,908,9,36,-87.4
3375,0330100015,Mining,City of Angeles,Pampanga,Region III (Central Luzon),4,15.141868,120.606952,458,1,4,-53.9
3376,0402111017,Manggahan-Lawin,Kawit,Cavite,Region IV-A (CALABARZON),4,14.450381,120.891739,431,1,4,-72.5
3377,0304924004,Lawang Kupang,San Antonio,Nueva Ecija,Region III (Central Luzon),4,15.348456,120.85776,295,10,40,-89.3
3378,0401028009,San Fernando,City of Sto. Tomas,Batangas,Region IV-A (CALABARZON),4,13.874527,121.045738,268,4,16,-74.9
3379,0203126012,Vira,Roxas,Isabela,Region II (Cagayan Valley),4,17.127551,121.627659,310,6,24,-82.7
3380,0501728021,San Juan,Pili,Camarines Sur,Region V (Bicol Region),4,13.56973,123.282709,149,4,16,-78.1
3381,0301417008,Dampol,Plaridel,Bulacan,Region III (Central Luzon),4,14.899317,120.819648,311,1,4,-63.5
3382,0301410012,Bulihan,City of Malolos,Bulacan,Region III (Central Luzon),4,14.858139,120.800466,1421,1,4,-60.3
3383,0403405009,Burol,City of Calamba,Laguna,Region IV-A (CALABARZON),4,14.160574,121.099507,354,4,16,-75.3
3384,0301405014,Santa Ines,Bulacan,Bulacan,Region III (Central Luzon),4,14.784854,120.881751,215,11,44,-95.7
3385,0301407006,Calizon,Calumpit,Bulacan,Region III (Central Luzon),4,14.913288,120.754749,199,1,4,-39.7
3386,0103306033,San Blas,Bangar,La Union,Region I (Ilocos Region),4,16.888044,120.422087,113,6,24,-89.9
3387,0405607017,Barangay V,Calauag,Quezon,Region IV-A (CALABARZON),4,13.958162,122.289749,76,4,16,-90.3
3388,0603032001,Baclayan,New Lucena,Iloilo,Region VI (Western Visayas),4,10.869047,122.590145,180,4,16,-72.8
3389,0301421035,Partida,San Miguel,Bulacan,Region III (Central Luzon),4,15.201116,121.01459,314,3,12,-78.1
3390,0401020024,Quilo-quilo North,Padre Garcia,Batangas,Region IV-A (CALABARZON),4,13.865247,121.222001,251,1,4,-64.5
3391,0907344001,Begong,Tigbao,Zamboanga del Sur,Region IX (Zamboanga Peninsula),4,7.82981,123.312952,290,66,264,-98
3392,0500518023,Nagas,Tiwi,Albay,Region V (Bicol Region),4,13.434384,123.678304,247,8,32,-85.2
3393,0501726006,Del Rosario,Pamplona,Camarines Sur,Region V (Bicol Region),4,13.57619,123.085822,190,3,12,-75.9
3394,0402106068,San Antonio De Padua II,City of Dasmariñas,Cavite,Region IV-A (CALABARZON),4,14.314327,120.906627,284,2,8,-67.9
3395,0405620030,Miswa,Infanta,Quezon,Region IV-A (CALABARZON),4,14.734157,121.649757,173,26,104,-95.2
3396,0301411004,Lambakin,Marilao,Bulacan,Region III (Central Luzon),4,14.765498,120.971043,4317,0,0,
3397,0301411012,Prenza II,Marilao,Bulacan,Region III (Central Luzon),4,14.776528,120.978427,1235,1,4,-64.4
3398,0304903002,Aduas Centro,City of Cabanatuan,Nueva Ecija,Region III (Central Luzon),4,15.498383,120.961636,478,1,4,-59.4
3399,0501606037,Malatap,Labo,Camarines Norte,Region V (Bicol Region),4,14.164153,122.617392,195,51,204,-100
3400,0401003001,Baclaran,Balayan,Batangas,Region IV-A (CALABARZON),4,13.929819,120.772079,230,9,36,-86.8
3401,0431200002,Barangay 1,City of Lucena,Quezon,Region IV-A (CALABARZON),4,13.939057,121.610668,195,0,0,
3402,0803738069,Matica-a,Ormoc City,Leyte,Region VIII (Eastern Visayas),4,11.134964,124.553488,306,6,24,-77.2
3403,0501723042,Santiago Old,Nabua,Camarines Sur,Region V (Bicol Region),4,13.399929,123.36273,163,3,12,-77.5
3404,0301416002,Kapitangan,Paombong,Bulacan,Region III (Central Luzon),4,14.864538,120.787613,422,1,4,-70.6
3405,0304928005,Maliolio,Santa Rosa,Nueva Ecija,Region III (Central Luzon),4,15.420846,120.919772,150,1,4,-74
3406,0103306013,General Terrero,Bangar,La Union,Region I (Ilocos Region),4,16.89702,120.423018,93,0,0,
3407,0307104005,Magsaysay,Castillejos,Zambales,Region III (Central Luzon),4,14.941883,120.188718,304,5,20,-81.9
3408,0402106075,San Nicolas II,City of Dasmariñas,Cavite,Region IV-A (CALABARZON),4,14.372558,120.976589,425,1,4,-39.7
3409,1903617008,Banggolo Poblacion,City of Marawi,Lanao del Sur,Bangsamoro Autonomous Region In Muslim Mindanao (BARMM),4,8.018223,124.276801,198,9,36,-86.4
3410,0405810001,Bagumbayan,Pililla,Rizal,Region IV-A (CALABARZON),4,14.481269,121.325834,1074,22,88,-89.3
3411,0501610004,Rizal,Santa Elena,Camarines Norte,Region V (Bicol Region),4,14.196929,122.403051,230,52,208,-100.4
3412,0501708036,San Lucas,Calabanga,Camarines Sur,Region V (Bicol Region),4,13.704659,123.194419,189,11,44,-88.2
3413,0504112028,Tinaclipan,Milagros,Masbate,Region V (Bicol Region),4,12.215773,123.486208,86,98,392,-104.2
3414,0201529039,Atulayan Sur,Tuguegarao City,Cagayan,Region II (Cagayan Valley),4,17.635242,121.720226,357,0,0,
3415,0500516003,Calayucay,Santo Domingo,Albay,Region V (Bicol Region),4,13.238123,123.786011,131,12,48,-94.4
3416,0105517015,Mancup,Calasiao,Pangasinan,Region I (Ilocos Region),4,15.997017,120.361836,304,1,4,-66.7
3417,0603019004,Botongon,Estancia,Iloilo,Region VI (Western Visayas),4,11.455433,123.140799,407,14,56,-98.7
3418,0305416026,San Isidro,City of San Fernando,Pampanga,Region III (Central Luzon),4,15.06005,120.646969,765,3,12,-77.7
3419,0600403012,Libas,Banga,Aklan,Region VI (Western Visayas),4,11.623654,122.345123,128,4,16,-77.7
3420,0203113012,Mabini,Gamu,Isabela,Region II (Cagayan Valley),4,17.096571,121.736466,370,10,40,-83.9
3421,0306905037,Santo Niño,Concepcion,Tarlac,Region III (Central Luzon),4,15.346498,120.631121,356,3,12,-69.9
3422,0305414010,San Pedro,Minalin,Pampanga,Region III (Central Luzon),4,14.976777,120.689719,202,2,8,-79.4
3423,0105512019,San Pablo,Binalonan,Pangasinan,Region I (Ilocos Region),4,16.054246,120.587901,160,1,4,-62.8
3424,0201510006,Bantay,Camalaniugan,Cagayan,Region II (Cagayan Valley),4,18.261043,121.687048,75,12,48,-88.6
3425,0301420003,Gaya-gaya,City of San Jose Del Monte,Bulacan,Region III (Central Luzon),4,14.795895,121.049993,5098,0,0,
3426,0330100008,Cutud,City of Angeles,Pampanga,Region III (Central Luzon),4,15.175578,120.62648,2160,1,4,-79.5
3427,0603037027,Jamabalud,Pototan,Iloilo,Region VI (Western Visayas),4,10.889614,122.617119,244,5,20,-76.8
3428,0105524003,Alacan,Malasiqui,Pangasinan,Region I (Ilocos Region),4,15.910516,120.407048,169,1,4,-59.9
3429,0702223011,Cogon-Cruz,Danao City,Cebu,Region VII (Central Visayas),4,10.514913,124.007951,413,8,32,-89.3
3430,0304925002,Calaba,San Isidro,Nueva Ecija,Region III (Central Luzon),4,15.300381,120.874032,494,2,8,-72.8
3431,0704603003,Buntis,Bacong,Negros Oriental,Region VII (Central Visayas),4,9.246504,123.264016,328,14,56,-91.4
3432,0504117027,Poblacion,Placer,Masbate,Region V (Bicol Region),4,11.868916,123.91844,169,89,356,-104
3433,0304903079,Sumacab Norte,City of Cabanatuan,Nueva Ecija,Region III (Central Luzon),4,15.458823,120.933822,455,2,8,-82.1
3434,0102928008,Camestizoan,Santo Domingo,Ilocos Sur,Region I (Ilocos Region),4,17.648343,120.416972,93,69,276,-98.7
3435,0501732012,Grijalvo,San Fernando,Camarines Sur,Region V (Bicol Region),4,13.548925,123.134344,176,4,16,-82.4
3436,0501725023,San Vicente,Ocampo,Camarines Sur,Region V (Bicol Region),4,13.560068,123.38654,152,8,32,-84.7
3437,0300807014,Biaan,Mariveles,Bataan,Region III (Central Luzon),4,14.443991,120.451922,232,56,224,-99.8
3438,0300810008,Bilolo,Orion,Bataan,Region III (Central Luzon),4,14.615158,120.561713,682,8,32,-88.1
3439,0307109002,Antipolo,San Antonio,Zambales,Region III (Central Luzon),4,14.942194,120.097218,160,23,92,-100.8
3440,0305407013,San Antonio,Guagua,Pampanga,Region III (Central Luzon),4,14.964807,120.614169,389,3,12,-73.9
3441,0500504032,Morera,Guinobatan,Albay,Region V (Bicol Region),4,13.198614,123.593705,184,3,12,-76.8
3442,0304916033,San Roque,Lupao,Nueva Ecija,Region III (Central Luzon),4,15.895476,120.891319,180,17,68,-92.6
3443,0402120001,Amaya I,Tanza,Cavite,Region IV-A (CALABARZON),4,14.383228,120.833686,1248,1,4,-63.2
3444,0304924013,San Mariano,San Antonio,Nueva Ecija,Region III (Central Luzon),4,15.319111,120.863957,679,1,4,-60.3
3445,0304910004,Padolina,General Tinio,Nueva Ecija,Region III (Central Luzon),4,15.346741,121.02753,490,1,4,-73.5
3446,0600613023,Maybato Norte,San Jose,Antique,Region VI (Western Visayas),4,10.7305,121.9555,368,68,272,-103.6
3447,0402106061,Sampaloc II,City of Dasmariñas,Cavite,Region IV-A (CALABARZON),4,14.283282,120.960356,1693,1,4,-33.3
3448,0305416005,Dela Paz Norte,City of San Fernando,Pampanga,Region III (Central Luzon),4,15.086564,120.62844,459,2,8,-66.1
3449,0501605025,Santa Rosa Norte,Jose Panganiban,Camarines Norte,Region V (Bicol Region),4,14.293588,122.721243,302,3,12,-81
3450,0702224009,Calaboon,Dumanjug,Cebu,Region VII (Central Visayas),4,10.056815,123.421328,188,26,104,-93.9
3451,0401032004,Dagatan,Taysan,Batangas,Region IV-A (CALABARZON),4,13.736006,121.200667,319,17,68,-91.7
3452,0201511041,Taggat Sur,Claveria,Cagayan,Region II (Cagayan Valley),4,18.602786,121.05817,170,38,152,-97.4
3453,0102933019,Farola,Tagudin,Ilocos Sur,Region I (Ilocos Region),4,16.93465,120.442202,81,5,20,-86
3454,0702250013,Pooc,City of Talisay,Cebu,Region VII (Central Visayas),4,10.241204,123.823457,1043,4,16,-92.6
3455,0501603031,Barangay VIII,Daet,Camarines Norte,Region V (Bicol Region),4,14.114321,122.962456,212,1,4,-61
3456,0402103060,Real II,City of Bacoor,Cavite,Region IV-A (CALABARZON),4,14.482169,120.95848,436,6,24,-80.6
3457,0403415002,Malaking Ambling,Magdalena,Laguna,Region IV-A (CALABARZON),4,14.19734,121.429832,74,2,8,-72.6
3458,1130700141,Barangay 8-A,City of Davao,Davao del Sur,Region XI (Davao Region),4,7.182988,125.473346,1401,29,116,-96.4
3459,0501716007,La Purisima,City of Iriga,Camarines Sur,Region V (Bicol Region),4,13.403072,123.424069,226,6,24,-77
3460,1606724005,Serna,City of Surigao,Surigao del Norte,Region XIII (Caraga),4,9.791233,125.486809,132,20,80,-102.4
3461,1030900035,Santiago,City of Iligan,Lanao del Norte,Region X (Northern Mindanao),4,8.246604,124.24419,737,25,100,-97.7
3462,0402119015,Patutong Malaki South,City of Tagaytay,Cavite,Region IV-A (CALABARZON),4,14.110131,120.912051,393,3,12,-72.8
3463,0506209019,Patag,Irosin,Sorsogon,Region V (Bicol Region),4,12.715341,124.056638,260,12,48,-87
3464,0603037032,Lopez Jaena Ward,Pototan,Iloilo,Region VI (Western Visayas),4,10.940772,122.647111,119,1,4,-56.6
3465,1108203013,Cabuyuan,Mabini,Davao de Oro,Region XI (Davao Region),4,7.314593,125.875482,238,30,120,-97.9
3466,1130700031,Catalunan Pequeño,City of Davao,Davao del Sur,Region XI (Davao Region),4,7.076362,125.520615,2365,8,32,-80
3467,0604529003,General Luna,Toboso,Negros Occidental,Region VI (Western Visayas),4,10.720891,123.490021,416,44,176,-99.4
3468,0604523008,Fabrica,City of Sagay,Negros Occidental,Region VI (Western Visayas),4,10.895798,123.354935,416,115,460,-101.7
3469,0604512001,Alim,Hinoba-an,Negros Occidental,Region VI (Western Visayas),4,9.566442,122.486687,414,72,288,-100.6
3470,0604511021,Pilar,Hinigaran,Negros Occidental,Region VI (Western Visayas),4,10.248878,122.857788,406,70,280,-98.9
3471,0702252040,Putat,Tuburan,Cebu,Region VII (Central Visayas),4,10.798679,123.855254,393,76,304,-99.9
3472,0702206026,Tubigagmanok,Asturias,Cebu,Region VII (Central Visayas),4,10.629593,123.746668,392,35,140,-99.7
3473,0702206022,Santa Lucia,Asturias,Cebu,Region VII (Central Visayas),4,10.642038,123.753325,376,61,244,-100.9
3474,0803718041,San Jose,Dulag,Leyte,Region VIII (Eastern Visayas),4,10.986888,125.038702,368,113,452,-102.4
3475,0603001009,Culasi,Ajuy,Iloilo,Region VI (Western Visayas),4,11.076247,122.977348,352,57,228,-96.2
3476,0604504021,Sicaba,City of Cadiz,Negros Occidental,Region VI (Western Visayas),4,10.969518,123.218994,362,67,268,-100.1
3477,0704611004,Basak,City of Guihulngan,Negros Oriental,Region VII (Central Visayas),4,10.229023,123.30938,348,41,164,-94.9
3478,0702252017,Cogon,Tuburan,Cebu,Region VII (Central Visayas),4,10.712568,123.828755,347,46,184,-94.2
3479,0704618001,Alangilan,Santa Catalina,Negros Oriental,Region VII (Central Visayas),4,9.276073,122.878405,345,118,472,-103.2
3480,0604510012,Sara-et,City of Himamaylan,Negros Occidental,Region VI (Western Visayas),4,10.130333,122.863136,354,42,168,-96.5
3481,0704605003,Bongalonan,Basay,Negros Oriental,Region VII (Central Visayas),4,9.4357,122.598281,344,71,284,-101.6
3482,0704605002,Bal-os,Basay,Negros Oriental,Region VII (Central Visayas),4,9.428003,122.625463,343,88,352,-102.1
3483,0604529009,Tabun-ac,Toboso,Negros Occidental,Region VI (Western Visayas),4,10.728386,123.487488,328,46,184,-98.6
3484,0803719002,Atabay,Hilongos,Leyte,Region VIII (Eastern Visayas),4,10.374423,124.743495,318,61,244,-98.7
3485,0403414013,Sinagtala,Mabitac,Laguna,Region IV-A (CALABARZON),4,14.431669,121.420189,88,1,4,-59
3486,0603005013,Mamhut Norte,Balasan,Iloilo,Region VI (Western Visayas),4,11.479433,123.093781,136,2,8,-61.8
3487,0907322057,Dumagoc,City of Pagadian,Zamboanga del Sur,Region IX (Zamboanga Peninsula),4,7.815653,123.431577,687,1,4,-58.7
3488,0307106001,Baloganon,Masinloc,Zambales,Region III (Central Luzon),4,15.551838,119.946197,645,13,52,-96.9
3489,0301420043,Poblacion I,City of San Jose Del Monte,Bulacan,Region III (Central Luzon),4,14.851815,121.068585,503,0,0,
3490,0501708009,Bonot-Santa Rosa,Calabanga,Camarines Sur,Region V (Bicol Region),4,13.707199,123.24117,293,2,8,-56.6
3491,0203131023,Minanga,San Mariano,Isabela,Region II (Cagayan Valley),4,17.00039,122.03118,381,69,276,-102.7
3492,0908305015,Lower Taway,Ipil,Zamboanga Sibugay,Region IX (Zamboanga Peninsula),4,7.783224,122.570638,184,34,136,-102.5
3493,0105522026,Pangapisan North,Lingayen,Pangasinan,Region I (Ilocos Region),4,16.0235,120.215,714,6,24,-91.2
3494,0631000052,East Baluarte,City of Iloilo,Iloilo,Region VI (Western Visayas),4,10.692549,122.548057,133,0,0,
3495,0603047015,Pajo,Zarraga,Iloilo,Region VI (Western Visayas),4,10.826379,122.603613,101,2,8,-78.4
3496,0304916028,San Antonio Este,Lupao,Nueva Ecija,Region III (Central Luzon),4,15.869385,120.89635,205,8,32,-85.5
3497,0403425015,San Roque,City of San Pedro,Laguna,Region IV-A (CALABARZON),4,14.366541,121.061699,714,3,12,-83.3
3498,0301418005,Dampol I,Pulilan,Bulacan,Region III (Central Luzon),4,14.902055,120.833,607,0,0,
3499,0301420035,Lawang Pari,City of San Jose Del Monte,Bulacan,Region III (Central Luzon),4,14.856009,121.070976,455,2,8,-60.2
3500,0401027013,Sampa,Santa Teresita,Batangas,Region IV-A (CALABARZON),4,13.889016,120.965519,133,1,4,-69.6
3501,0403427008,Coralan,Santa Maria,Laguna,Region IV-A (CALABARZON),4,14.488383,121.421868,264,26,104,-98
3502,0803738108,Alta Vista,Ormoc City,Leyte,Region VIII (Eastern Visayas),4,11.012896,124.620884,422,11,44,-89.5
3503,0431200027,Mayao Crossing,City of Lucena,Quezon,Region IV-A (CALABARZON),4,13.919054,121.621433,1289,14,56,-100.6
3504,0301421052,Sibul,San Miguel,Bulacan,Region III (Central Luzon),4,15.168106,121.063787,994,42,168,-102.3
3505,0304924015,Santo Cristo,San Antonio,Nueva Ecija,Region III (Central Luzon),4,15.297695,120.851446,873,4,16,-91.7
3506,1705205017,Canubing I,City of Calapan,Oriental Mindoro,MIMAROPA Region,4,13.357928,121.13554,308,18,72,-92.2
3507,0102817014,Naglicuan,Pasuquin,Ilocos Norte,Region I (Ilocos Region),4,18.314547,120.603352,144,98,392,-101.2
3508,0501611001,Binanuaan,Talisay,Camarines Norte,Region V (Bicol Region),4,14.12838,122.93651,211,3,12,-74.5
3509,0630200057,Taculing,City of Bacolod,Negros Occidental,Region VI (Western Visayas),4,10.649684,122.947118,3644,1,4,-50
3510,0305421007,San Vicente,Sto. Tomas,Pampanga,Region III (Central Luzon),4,15.063992,120.654625,800,0,0,
3511,0306905030,San Francisco,Concepcion,Tarlac,Region III (Central Luzon),4,15.310975,120.642406,708,6,24,-78.3
3512,0403406010,Masiit,Calauan,Laguna,Region IV-A (CALABARZON),4,14.161139,121.305737,496,2,8,-63.2
3513,0402106072,San Luis II,City of Dasmariñas,Cavite,Region IV-A (CALABARZON),4,14.304328,121.019014,403,0,0,
3514,0403420002,Banilan,Pakil,Laguna,Region IV-A (CALABARZON),4,14.381369,121.400291,184,7,28,-82.1
3515,0102805035,Quiling Norte,City of Batac,Ilocos Norte,Region I (Ilocos Region),4,18.049161,120.552004,126,11,44,-88.5
3516,1705215018,Poblacion I,Victoria,Oriental Mindoro,MIMAROPA Region,4,13.173081,121.282708,207,11,44,-90.9
3517,0405804034,Tagpos,Binangonan,Rizal,Region IV-A (CALABARZON),4,14.508185,121.168981,1276,3,12,-81.7
3518,0301407014,Iba O'Este,Calumpit,Bulacan,Region III (Central Luzon),4,14.889643,120.764051,1262,1,4,-75.5
3519,0105535005,Flores,San Manuel,Pangasinan,Region I (Ilocos Region),4,16.06521,120.68655,498,14,56,-89.9
3520,0702219014,Poblacion Oriental,Consolacion,Cebu,Region VII (Central Visayas),4,10.388883,123.955652,254,0,0,
3521,0401014024,Latag,City of Lipa,Batangas,Region IV-A (CALABARZON),4,13.929207,121.174906,803,1,4,-60.2
3522,0203114003,Alibagu,City of Ilagan,Isabela,Region II (Cagayan Valley),4,17.10114,121.86065,647,8,32,-79.4
3523,1001314020,Santiago,Manolo Fortich,Bukidnon,Region X (Northern Mindanao),4,8.377653,124.855247,139,15,60,-98.9
3524,0305413036,San Patricio,Mexico,Pampanga,Region III (Central Luzon),4,15.091767,120.727219,386,8,32,-80
3525,0300805014,Palihan,Hermosa,Bataan,Region III (Central Luzon),4,14.84382,120.473197,571,1,4,-67.3
3526,0402109067,Malagasang II-F,City of Imus,Cavite,Region IV-A (CALABARZON),4,14.462321,120.952016,136,0,0,
3527,0702214006,Liburon,City of Carcar,Cebu,Region VII (Central Visayas),4,10.115457,123.65207,746,9,36,-83.9
3528,0803708025,Hipusngo,City of Baybay,Leyte,Region VIII (Eastern Visayas),4,10.658256,124.809844,248,26,104,-92.4
3529,0301415013,Masagana,Pandi,Bulacan,Region III (Central Luzon),4,14.885541,120.92998,263,3,12,-74.7
3530,0803750005,San Pedro,Tunga,Leyte,Region VIII (Eastern Visayas),4,11.252052,124.75577,95,12,48,-97.2
3531,0603037036,Naslo,Pototan,Iloilo,Region VI (Western Visayas),4,10.950209,122.633361,129,5,20,-84.1
3532,0501732019,Rizal,San Fernando,Camarines Sur,Region V (Bicol Region),4,13.565077,123.145803,109,1,4,-90.6
3533,0203108062,San Luis,City of Cauayan,Isabela,Region II (Cagayan Valley),4,16.965709,121.829812,199,17,68,-92.8
3534,1004311008,Luz Banzon,Jasaan,Misamis Oriental,Region X (Northern Mindanao),4,8.661601,124.766533,292,10,40,-84.2
3535,0301423021,Sta. Clara,Santa Maria,Bulacan,Region III (Central Luzon),4,14.831653,120.984409,1113,0,0,
3536,0500503008,Bascaran,Daraga,Albay,Region V (Bicol Region),4,13.104418,123.697638,353,8,32,-80
3537,1403213030,San Juan,City of Tabuk,Kalinga,Cordillera Administrative Region (CAR),4,17.42716,121.44565,213,9,36,-84.1
3538,0201516013,Centro,Lal-Lo,Cagayan,Region II (Cagayan Valley),4,18.201578,121.662689,112,2,8,-61.5
3539,0704604025,Panala-an,City of Bais,Negros Oriental,Region VII (Central Visayas),4,9.607552,123.036153,334,68,272,-98.3
3540,0504111011,Cagay,City of Masbate,Masbate,Region V (Bicol Region),4,12.36466,123.622452,130,0,0,
3541,0105539014,Poblacion East,Santa Maria,Pangasinan,Region I (Ilocos Region),4,15.98056,120.70091,86,18,72,-90.1
3542,0604520009,Blumentritt,Murcia,Negros Occidental,Region VI (Western Visayas),4,10.617257,123.025101,1045,5,20,-76.4
3543,1001314017,Tankulan,Manolo Fortich,Bukidnon,Region X (Northern Mindanao),4,8.36843,124.864331,791,17,68,-94.8
3544,1600302003,Libertad,Bunawan,Agusan del Sur,Region XIII (Caraga),4,8.189918,126.008487,528,34,136,-99.6
3545,1130700137,Barangay 4-A,City of Davao,Davao del Sur,Region XI (Davao Region),4,7.070659,125.609934,155,0,0,
3546,0305409027,Sapang Biabas,Mabalacat City,Pampanga,Region III (Central Luzon),4,15.20578,120.607043,2315,1,4,-62.3
3547,0304930032,La Torre,Talavera,Nueva Ecija,Region III (Central Luzon),4,15.564751,120.919143,456,2,8,-70.1
3548,1380400011,Maysilo,City of Malabon,Third District (Not a Province),National Capital Region (NCR),4,14.682658,120.961683,900,2,8,-71.2
3549,1380500004,Barangka Ibaba,City of Mandaluyong,Second District (Not a Province),National Capital Region (NCR),4,14.58105,121.028047,838,1,4,-74.4
3550,1380900001,Sipac-Almacen,City of Navotas,Third District (Not a Province),National Capital Region (NCR),4,14.6583,120.948257,785,2,8,-79
3551,1380500023,Pleasant Hills,City of Mandaluyong,Second District (Not a Province),National Capital Region (NCR),4,14.587222,121.038611,510,1,4,-60.6
3552,1380300013,Magallanes,City of Makati,Fourth District (Not a Province),National Capital Region (NCR),4,14.568315,121.028064,351,1,4,-62.1
3553,1380400001,Acacia,City of Malabon,Third District (Not a Province),National Capital Region (NCR),4,14.667458,120.968864,390,1,4,-66.9
3554,0600405015,Tigum,Buruanga,Aklan,Region VI (Western Visayas),4,10.780843,122.548145,128,1,4,-81.1
3555,0702205007,Bogo,Argao,Cebu,Region VII (Central Visayas),4,9.858039,123.571421,320,21,84,-90.8
3556,0501732006,Buenavista,San Fernando,Camarines Sur,Region V (Bicol Region),4,13.565446,123.145913,112,3,12,-66.8
3557,1102502003,Calubihan,Banaybanay,Davao Oriental,Region XI (Davao Region),4,6.973846,125.989989,356,30,120,-94.4
3558,1630400093,De Oro,City of Butuan,Agusan del Norte,Region XIII (Caraga),4,8.942508,125.515694,180,1,4,-75.7
3559,0105546003,Bactad East,City of Urdaneta,Pangasinan,Region I (Ilocos Region),4,15.970772,120.566676,183,0,0,
3560,0301420002,Dulong Bayan,City of San Jose Del Monte,Bulacan,Region III (Central Luzon),4,14.826629,121.044876,986,0,0,
3561,0401006037,San Roque,Bauan,Batangas,Region IV-A (CALABARZON),4,13.794288,120.985117,546,0,0,
3562,0601905014,Poblacion Sur,Ivisan,Capiz,Region VI (Western Visayas),4,11.530934,122.68109,198,14,56,-90.6
3563,1731500006,Bagong Silang,City of Puerto Princesa,Palawan,MIMAROPA Region,4,9.730405,118.742366,353,76,304,-103.5
3564,0701201001,Bahi,Alburquerque,Bohol,Region VII (Central Visayas),4,9.612333,123.944492,80,9,36,-91.3
3565,1102408019,Bagumbayan,Malalag,Davao del Sur,Region XI (Davao Region),4,6.602706,125.394741,254,2,8,-72.5
3566,0401005007,Banaba Kanluran,Batangas City,Batangas,Region IV-A (CALABARZON),4,13.805283,121.054175,339,5,20,-75.3
3567,0402102024,Talon,Amadeo,Cavite,Region IV-A (CALABARZON),4,14.136134,120.940082,352,2,8,-63.5
3568,0304921001,Callos,Peñaranda,Nueva Ecija,Region III (Central Luzon),4,15.33765,121.034653,328,40,160,-97.2
3569,0102808015,Pias Norte,Currimao,Ilocos Norte,Region I (Ilocos Region),4,17.991887,120.502706,77,8,32,-84.6
3570,0501705023,San Buenaventura,Buhi,Camarines Sur,Region V (Bicol Region),4,13.411941,123.517106,169,1,4,-87.5
3571,0301403024,Tangos,Baliuag,Bulacan,Region III (Central Luzon),4,14.970304,120.894463,696,0,0,
3572,1380400008,Hulong Duhat,City of Malabon,Third District (Not a Province),National Capital Region (NCR),4,14.676778,120.941187,1068,13,52,-91.9
3573,0401011001,As-Is,Laurel,Batangas,Region IV-A (CALABARZON),4,14.055573,120.92008,225,0,0,
3574,0103311025,Magungunay,Naguilian,La Union,Region I (Ilocos Region),4,16.527608,120.396658,71,1,4,-84.5
3575,0500514014,Centro Oriental,Polangui,Albay,Region V (Bicol Region),4,13.294816,123.486527,148,0,0,
3576,0506214010,Maningcay De Oro,Prieto Diaz,Sorsogon,Region V (Bicol Region),4,13.040163,124.189506,97,34,136,-99.3
3577,0704611022,Malusay,City of Guihulngan,Negros Oriental,Region VII (Central Visayas),4,10.150133,123.277169,306,14,56,-87.3
3578,0501717029,San Isidro Norte,Lagonoy,Camarines Sur,Region V (Bicol Region),4,13.73566,123.520063,114,21,84,-97.5
3579,0501608017,Mangkasay,Paracale,Camarines Norte,Region V (Bicol Region),4,14.255387,122.819518,110,37,148,-99.3
3580,0203114057,Marana I,City of Ilagan,Isabela,Region II (Cagayan Valley),4,17.15922,121.92197,143,26,104,-96.3
3581,0102803017,Lacuben,Badoc,Ilocos Norte,Region I (Ilocos Region),4,17.930901,120.476242,140,32,128,-99
3582,0401020026,San Felipe,Padre Garcia,Batangas,Region IV-A (CALABARZON),4,13.885232,121.204824,308,2,8,-72.6
3583,1381100171,Barangay 171,Pasay City,Fourth District (Not a Province),National Capital Region (NCR),4,14.751306,120.955528,313,2,8,-60.6
3584,0601914037,Lonoy,City of Roxas,Capiz,Region VI (Western Visayas),4,11.507798,122.736712,252,1,4,-71.5
3585,0304912014,San Josef,Jaen,Nueva Ecija,Region III (Central Luzon),4,15.334157,120.911457,273,0,0,
3586,0501724012,Del Rosario,City of Naga,Camarines Sur,Region V (Bicol Region),4,13.617594,123.237892,736,3,12,-72.8
3587,0405648015,Lalig,Tiaong,Quezon,Region IV-A (CALABARZON),4,13.979079,121.326957,669,1,4,-39.4
3588,0603018021,Ilaya 1st,Dumangas,Iloilo,Region VI (Western Visayas),4,10.826983,122.712135,54,8,32,-99.4
3589,0402118003,Balite I,Silang,Cavite,Region IV-A (CALABARZON),4,14.199755,120.981011,319,3,12,-71.7
3590,0102820016,San Miguel,San Nicolas,Ilocos Norte,Region I (Ilocos Region),4,18.170789,120.602576,140,2,8,-77.2
3591,0731300019,Opao,City of Mandaue,Cebu,Region VII (Central Visayas),4,10.33208,123.954225,1031,1,4,-51.8
3592,1030900046,Ubaldo Laya,City of Iligan,Lanao del Norte,Region X (Northern Mindanao),4,8.213325,124.252303,1090,22,88,-96.4
3593,1380500027,Wack-wack Greenhills,City of Mandaluyong,Second District (Not a Province),National Capital Region (NCR),4,14.563358,121.024304,1088,0,0,
3594,0501708023,Pagatpat,Calabanga,Camarines Sur,Region V (Bicol Region),4,13.702981,123.21794,132,1,4,-63.5
3595,0405648001,Anastacia,Tiaong,Quezon,Region IV-A (CALABARZON),4,13.964656,121.352797,304,5,20,-73.6
3596,0305408001,Balantacan,Lubao,Pampanga,Region III (Central Luzon),4,14.897349,120.560411,198,1,4,-69.5
3597,0102812024,"Bgy. No. 35, Gabu Sur",City of Laoag,Ilocos Norte,Region I (Ilocos Region),4,18.215258,120.581742,149,31,124,-99.9
3598,0103309004,Las-ud,Caba,La Union,Region I (Ilocos Region),4,16.433198,120.341943,110,10,40,-96.7
3599,0301413016,Minuyan,Norzagaray,Bulacan,Region III (Central Luzon),4,14.860102,121.08451,1002,17,68,-98.5
3600,0105546011,Camanang,City of Urdaneta,Pangasinan,Region I (Ilocos Region),4,15.961562,120.592306,429,4,16,-80
3601,0701233009,Tangnan,Panglao,Bohol,Region VII (Central Visayas),4,9.61128,123.78021,307,13,52,-94.6
3602,0806417039,San Pedro,Sogod,Southern Leyte,Region VIII (Eastern Visayas),4,10.389516,124.97058,161,41,164,-102
3603,0603044002,Aldeguer,Sara,Iloilo,Region VI (Western Visayas),4,11.253518,123.004753,161,4,16,-80
3604,0300809010,Mulawin,Orani,Bataan,Region III (Central Luzon),4,14.805203,120.500859,413,9,36,-88
3605,0205013015,San Luis,Solano,Nueva Vizcaya,Region II (Cagayan Valley),4,16.532458,121.185948,234,4,16,-70.6
3606,0500506011,Bgy. 15 - Ilawod East Pob.,City of Legazpi,Albay,Region V (Bicol Region),4,13.140752,123.7433,161,0,0,
3607,1102315028,Salvacion,City of Panabo,Davao del Norte,Region XI (Davao Region),4,7.317809,125.688663,886,1,4,-64.5
3608,1204704027,Nuangan,City of Kidapawan,Cotabato,Region XII (SOCCSKSARGEN),4,7.007606,125.10711,343,48,192,-101.9
3609,1381200024,Santa Cruz,City of Pasig,Second District (Not a Province),National Capital Region (NCR),4,14.562951,121.079121,497,1,4,-71.3
3610,0603037023,Igang,Pototan,Iloilo,Region VI (Western Visayas),4,10.911359,122.626907,316,5,20,-74.3
3611,0402123007,Benjamin Tirona,Gen. Mariano Alvarez,Cavite,Region IV-A (CALABARZON),4,14.298334,121.013658,272,1,4,-43.4
3612,0102820022,Santa Asuncion,San Nicolas,Ilocos Norte,Region I (Ilocos Region),4,18.1725,120.596,76,0,0,
3613,0702250015,San Roque,City of Talisay,Cebu,Region VII (Central Visayas),4,10.256471,123.860405,1777,2,8,-74.3
3614,0305405034,Tenejero,Candaba,Pampanga,Region III (Central Luzon),4,15.019461,120.858263,260,0,0,
3615,1102401008,Dolo,Bansalan,Davao del Sur,Region XI (Davao Region),4,6.80761,125.192825,398,36,144,-97.9
3616,0305416027,San Jose,City of San Fernando,Pampanga,Region III (Central Luzon),4,15.039959,120.699861,1286,3,12,-65.1
3617,0301423011,Mag-asawang Sapa,Santa Maria,Bulacan,Region III (Central Luzon),4,14.878902,120.982703,930,1,4,-55
3618,0305416006,Dela Paz Sur,City of San Fernando,Pampanga,Region III (Central Luzon),4,15.075735,120.631046,241,3,12,-73.9
3619,0401005022,Dela Paz,Batangas City,Batangas,Region IV-A (CALABARZON),4,13.639533,121.093725,234,53,212,-96.9
3620,0301417018,Santa Ines,Plaridel,Bulacan,Region III (Central Luzon),4,14.889806,120.85468,262,0,0,
3621,1004303007,Lapinig,Balingoan,Misamis Oriental,Region X (Northern Mindanao),4,9.00603,124.852453,112,10,40,-101.5
3622,0501732002,Beberon,San Fernando,Camarines Sur,Region V (Bicol Region),4,13.543871,123.14478,210,17,68,-90.7
3623,0401014059,San Francisco,City of Lipa,Batangas,Region IV-A (CALABARZON),4,13.897845,121.245485,267,1,4,-72.8
3624,0731100012,Gun-ob,City of Lapu-Lapu,Cebu,Region VII (Central Visayas),4,10.301734,123.951872,3258,1,4,-65.3
3625,0203112066,Cabugao,Echague,Isabela,Region II (Cagayan Valley),4,16.704183,121.674432,151,4,16,-75.6
3626,0506203023,Fabrica,Bulan,Sorsogon,Region V (Bicol Region),4,12.662116,123.889015,208,23,92,-103.4
3627,0405805015,San Isidro,Cainta,Rizal,Region IV-A (CALABARZON),4,14.63616,121.108551,6918,1,4,-58.6
3628,0402103045,Molino II,City of Bacoor,Cavite,Region IV-A (CALABARZON),4,14.415206,120.972007,3938,1,4,-62.7
3629,0105546032,Poblacion,City of Urdaneta,Pangasinan,Region I (Ilocos Region),4,15.975181,120.565462,612,1,4,-60.6
3630,0500504021,Maguiron,Guinobatan,Albay,Region V (Bicol Region),4,13.176924,123.599412,163,0,0,
3631,0201514003,Baua,Gonzaga,Cagayan,Region II (Cagayan Valley),4,18.349478,122.090781,181,81,324,-102.7
3632,1004302005,Binitinan,Balingasag,Misamis Oriental,Region X (Northern Mindanao),4,8.715449,124.777469,305,6,24,-89.3
3633,0402123003,Barangay 2 Poblacion,Gen. Mariano Alvarez,Cavite,Region IV-A (CALABARZON),4,14.303546,121.01872,387,0,0,
3634,0201516025,Maxingal,Lal-Lo,Cagayan,Region II (Cagayan Valley),4,18.211874,121.66573,211,11,44,-89.1
3635,0205007002,Belance,Dupax del Norte,Nueva Vizcaya,Region II (Cagayan Valley),4,16.192797,121.241753,312,45,180,-99.8
3636,0730600046,Mabolo,City of Cebu,Cebu,Region VII (Central Visayas),4,10.312991,123.915329,2029,1,4,-59.3
3637,0402106062,Sampaloc III,City of Dasmariñas,Cavite,Region IV-A (CALABARZON),4,14.291783,120.974681,1282,0,0,
3638,0506215011,San Isidro,Santa Magdalena,Sorsogon,Region V (Bicol Region),4,12.650191,124.095186,121,13,52,-91.1
3639,0500508040,Pinit,City of Ligao,Albay,Region V (Bicol Region),4,13.255388,123.557656,264,1,4,-58.7
3640,1404402014,Monamon Norte,Bauko,Mountain Province,Cordillera Administrative Region (CAR),4,16.89895,120.891043,228,16,64,-95
3641,0304928024,Burgos,Santa Rosa,Nueva Ecija,Region III (Central Luzon),4,15.436321,120.97497,133,1,4,-50.9
3642,0601914020,Bolo,City of Roxas,Capiz,Region VI (Western Visayas),4,11.538762,122.757343,655,5,20,-72.8
3643,0702220003,Buagsong,Cordova,Cebu,Region VII (Central Visayas),4,10.249064,123.939691,463,14,56,-101
3644,0603044033,Poblacion Ilawod,Sara,Iloilo,Region VI (Western Visayas),4,11.257331,123.019409,141,7,28,-101.3
3645,0105544046,Poblacion East,Umingan,Pangasinan,Region I (Ilocos Region),4,15.926701,120.842358,155,5,20,-87
3646,0604519009,Crossing Magallon,Moises Padilla,Negros Occidental,Region VI (Western Visayas),4,10.281662,123.096631,355,49,196,-103.1
3647,1004322019,Casulog,Salay,Misamis Oriental,Region X (Northern Mindanao),4,8.880488,124.79970900000001,268,17,68,-95.1
3648,0403411013,Tadlak,Los Baños,Laguna,Region IV-A (CALABARZON),4,14.180058,121.209387,403,1,4,-84.5
3649,0105538024,Sonquil,Santa Barbara,Pangasinan,Region I (Ilocos Region),4,15.988192,120.390175,275,4,16,-71.7
3650,0103301040,Santa Ana,Agoo,La Union,Region I (Ilocos Region),4,16.319307,120.356861,170,18,72,-95.8
3651,0401010023,Sandalan,Ibaan,Batangas,Region IV-A (CALABARZON),4,13.822367,121.128636,111,0,0,
3652,0500516011,San Vicente Pob.,Santo Domingo,Albay,Region V (Bicol Region),4,13.233799,123.782886,99,4,16,-88.7
3653,1004314010,Sinai,Laguindingan,Misamis Oriental,Region X (Northern Mindanao),4,8.577655,124.42836,193,3,12,-79.8
3654,0105532078,San Juan,City of San Carlos,Pangasinan,Region I (Ilocos Region),4,15.916005,120.328518,291,5,20,-78.7
3655,0304927015,Tagumpay,San Leonardo,Nueva Ecija,Region III (Central Luzon),4,15.360822,120.94206,111,2,8,-57.2
3656,0405619039,Rosario,Gumaca,Quezon,Region IV-A (CALABARZON),4,13.930058,122.091284,457,15,60,-94
3657,0702231002,Curva,Medellin,Cebu,Region VII (Central Visayas),4,11.139019,124.003471,199,5,20,-78.4
3658,0402106029,San Francisco I,City of Dasmariñas,Cavite,Region IV-A (CALABARZON),4,14.334971,120.955763,288,0,0,
3659,0105538008,Dalongue,Santa Barbara,Pangasinan,Region I (Ilocos Region),4,16.002658,120.389028,170,1,4,-53.4
3660,0403430002,Daniw,Victoria,Laguna,Region IV-A (CALABARZON),4,14.200378,121.355044,161,3,12,-73.9
3661,0401031021,Janopol Oriental,City of Tanauan,Batangas,Region IV-A (CALABARZON),4,14.088877,121.097772,292,1,4,-65.4
3662,0403423004,Paule 1,Rizal,Laguna,Region IV-A (CALABARZON),4,14.1159,121.398978,102,1,4,-56.3
3663,0304920013,Poblacion West,Pantabangan,Nueva Ecija,Region III (Central Luzon),4,15.823074,121.139605,245,49,196,-99.4
3664,1102403011,Kiagot,City of Digos,Davao del Sur,Region XI (Davao Region),4,6.772083,125.365226,565,14,56,-88.2
3665,0402103059,P.F. Espiritu VIII,City of Bacoor,Cavite,Region IV-A (CALABARZON),4,14.394679,120.932674,732,0,0,
3666,0402117013,Bagbag II,Rosario,Cavite,Region IV-A (CALABARZON),4,14.42072,120.867301,572,0,0,
3667,1903617112,Rorogagus Proper,City of Marawi,Lanao del Sur,Bangsamoro Autonomous Region In Muslim Mindanao (BARMM),4,8.019222,124.282394,308,33,132,-100.8
3668,0401028016,San Luis,City of Sto. Tomas,Batangas,Region IV-A (CALABARZON),4,13.908374,121.056213,252,3,12,-84.8
3669,0603039011,Dacal,San Enrique,Iloilo,Region VI (Western Visayas),4,11.069732,122.656669,86,10,40,-89.2
3670,0403422011,Pansol,Pila,Laguna,Region IV-A (CALABARZON),4,14.216471,121.373746,248,1,4,-64.8
3671,0301403025,Tarcan,Baliuag,Bulacan,Region III (Central Luzon),4,14.932537,120.879242,789,2,8,-63.5
3672,0504101016,Jaboyoan,Aroroy,Masbate,Region V (Bicol Region),4,12.510139,123.411314,201,27,108,-98.7
3673,0501725013,Pinit,Ocampo,Camarines Sur,Region V (Bicol Region),4,13.564822,123.411633,304,16,64,-87.3
3674,1705208016,Estrella,Naujan,Oriental Mindoro,MIMAROPA Region,4,13.329669,121.310394,217,91,364,-101.3
3675,0501608026,Tawig,Paracale,Camarines Norte,Region V (Bicol Region),4,14.255212,122.756841,298,2,8,-68
3676,0401010015,Pangao,Ibaan,Batangas,Region IV-A (CALABARZON),4,13.83089,121.110512,290,2,8,-71.2
3677,0300809025,Apollo,Orani,Bataan,Region III (Central Luzon),4,14.802023,120.524804,162,0,0,
3678,0402105072,Barangay 42-C,City of Cavite,Cavite,Region IV-A (CALABARZON),4,14.45362,120.981493,166,0,0,
3679,0402108011,Biclatan,City of General Trias,Cavite,Region IV-A (CALABARZON),4,14.277798,120.91636,2146,5,20,-79.7
3680,1381500017,Wawa,City of Taguig,Fourth District (Not a Province),National Capital Region (NCR),4,14.520076,121.07356,1201,1,4,-53.3
3681,0401023013,Escribano,San Juan,Batangas,Region IV-A (CALABARZON),4,13.812955,121.364616,319,17,68,-90.9
3682,0401028014,San Jose,City of Sto. Tomas,Batangas,Region IV-A (CALABARZON),4,13.876173,121.058512,344,0,0,
3683,0305406018,Pabanlag,Floridablanca,Pampanga,Region III (Central Luzon),4,14.981914,120.48427,266,34,136,-100.1
3684,0301420055,Santa Cruz III,City of San Jose Del Monte,Bulacan,Region III (Central Luzon),4,14.856019,121.051525,272,2,8,-57.4
3685,0402109008,Poblacion III-A,City of Imus,Cavite,Region IV-A (CALABARZON),4,14.408746,120.942171,100,1,4,-36.5
3686,0403404007,Gulod,City of Cabuyao,Laguna,Region IV-A (CALABARZON),4,14.258366,121.165567,1715,10,40,-93.8
3687,0402103034,Habay II,City of Bacoor,Cavite,Region IV-A (CALABARZON),4,14.406351,120.964129,1104,0,0,
3688,0403408006,Batuhan,Famy,Laguna,Region IV-A (CALABARZON),4,14.472305,121.461269,296,11,44,-92
3689,0405607080,Sumulong,Calauag,Quezon,Region IV-A (CALABARZON),4,13.959009,122.331326,86,28,112,-90.8
3690,0604532007,Pinowayan,Salvador Benedicto,Negros Occidental,Region VI (Western Visayas),4,10.571327,123.218231,228,19,76,-91.8
3691,0403416011,Botocan,Majayjay,Laguna,Region IV-A (CALABARZON),4,14.142142,121.465264,93,2,8,-73.6
3692,1030500061,Patag,City of Cagayan De Oro,Misamis Oriental,Region X (Northern Mindanao),4,8.486151,124.622283,1522,3,12,-77.3
3693,1403213022,Magsaysay,City of Tabuk,Kalinga,Cordillera Administrative Region (CAR),4,17.464046,121.465014,324,13,52,-91.7
3694,0704621019,San Jose,City of Tanjay,Negros Oriental,Region VII (Central Visayas),4,9.508943,123.140247,343,16,64,-95.7
3695,0401030011,Poblacion Barangay 1,Talisay,Batangas,Region IV-A (CALABARZON),4,14.100193,121.022808,174,1,4,-81.6
3696,0630200032,Barangay 35,City of Bacolod,Negros Occidental,Region VI (Western Visayas),4,10.617084,122.96091,731,4,16,-77.6
3697,1381300062,Marilag,Quezon City,Second District (Not a Province),National Capital Region (NCR),4,14.625456,121.069617,1224,2,8,-58.4
3698,0501737004,Banga,Tinambac,Camarines Sur,Region V (Bicol Region),4,13.888426,123.385748,85,103,412,-102.1
3699,0401017018,San Pedro I,Malvar,Batangas,Region IV-A (CALABARZON),4,14.050595,121.147106,324,3,12,-71.1
3700,0301410013,Bungahan,City of Malolos,Bulacan,Region III (Central Luzon),4,14.863018,120.842996,271,1,4,-60.2
3701,0402103030,Aniban III,City of Bacoor,Cavite,Region IV-A (CALABARZON),4,14.453513,120.958208,78,0,0,
3702,0600613010,Barangay 8,San Jose,Antique,Region VI (Western Visayas),4,10.74525,121.94935,415,4,16,-79.2
3703,0704610016,Mangnao-Canal,City of Dumaguete,Negros Oriental,Region VII (Central Visayas),4,9.293366,123.298539,256,1,4,-57.2
3704,1102319016,Magugpo Poblacion,City of Tagum,Davao del Norte,Region XI (Davao Region),4,7.429432,125.801262,243,5,20,-76.9
3705,0604517001,Biaknabato,La Castellana,Negros Occidental,Region VI (Western Visayas),4,10.355157,123.150757,350,31,124,-93.2
3706,0401001014,Pansipit,Agoncillo,Batangas,Region IV-A (CALABARZON),4,13.928579,120.944828,154,0,0,
3707,0631000031,Calaparan,City of Iloilo,Iloilo,Region VI (Western Visayas),4,10.682432,122.529724,677,10,40,-101.9
3708,0501723044,Santo Domingo,Nabua,Camarines Sur,Region V (Bicol Region),4,13.407708,123.326164,422,3,12,-73.8
3709,0403405004,Barandal,City of Calamba,Laguna,Region IV-A (CALABARZON),4,14.188468,121.130212,1801,1,4,-65.3
3710,0907322011,Bulatok,City of Pagadian,Zamboanga del Sur,Region IX (Zamboanga Peninsula),4,7.847328,123.445934,445,16,64,-97.9
3711,0304909003,Balangkare Sur,General Mamerto Natividad,Nueva Ecija,Region III (Central Luzon),4,15.58426,121.055692,141,0,0,
3712,0102933025,Las-ud,Tagudin,Ilocos Sur,Region I (Ilocos Region),4,16.939029,120.440808,89,26,104,-100.7
3713,0401030006,Buco,Talisay,Batangas,Region IV-A (CALABARZON),4,14.091888,121.019999,91,3,12,-81.2
3714,0304926012,Malasin,San Jose City,Nueva Ecija,Region III (Central Luzon),4,15.807384,121.000668,805,24,96,-92.7
3715,0603044043,Zerrudo,Sara,Iloilo,Region VI (Western Visayas),4,11.244156,123.024643,171,39,156,-100.1
3716,0105533025,Tocok,San Fabian,Pangasinan,Region I (Ilocos Region),4,16.141638,120.419846,317,2,8,-76.2
3717,0205005024,Luyang,Bayombong,Nueva Vizcaya,Region II (Cagayan Valley),4,16.49618,121.14635,134,3,12,-83.9
3718,0300810004,Balut,Orion,Bataan,Region III (Central Luzon),4,14.622827,120.578853,122,0,0,
3719,1400101023,Sao-atan,Bangued,Abra,Cordillera Administrative Region (CAR),4,17.591137,120.618022,83,0,0,
3720,0501724031,Tinago,City of Naga,Camarines Sur,Region V (Bicol Region),4,13.62555,123.190786,207,0,0,
3721,1206315008,New Iloilo,Tantangan,South Cotabato,Region XII (SOCCSKSARGEN),4,6.546164,124.789049,414,95,380,-104.1
3722,1001320010,Indulang,Talakag,Bukidnon,Region X (Northern Mindanao),4,8.110721,124.575967,390,66,264,-99
3723,1606811010,Poblacion,Lianga,Surigao del Sur,Region XIII (Caraga),4,8.630275,126.094722,358,114,456,-102.3
3724,1003512001,Balagatasa,Maigo,Lanao del Norte,Region X (Northern Mindanao),4,8.147878,123.940277,342,121,484,-102.3
3725,1630400087,Tungao,City of Butuan,Agusan del Norte,Region XIII (Caraga),4,8.767119,125.559441,349,107,428,-101.1
3726,1003505028,Lapinig,Kapatagan,Lanao del Norte,Region X (Northern Mindanao),4,7.922936,123.686609,338,52,208,-96.8
3727,1001320031,Tikalaan,Talakag,Bukidnon,Region X (Northern Mindanao),4,8.033059,124.622759,362,74,296,-102
3728,1003509012,Lala Proper,Lala,Lanao del Norte,Region X (Northern Mindanao),4,7.957962,123.759423,325,39,156,-94.2
3729,1003505010,Butadon,Kapatagan,Lanao del Norte,Region X (Northern Mindanao),4,7.885009,123.74646,316,88,352,-101.9
3730,1606706002,Cagdianao,Claver,Surigao del Norte,Region XIII (Caraga),4,9.531085,125.861819,324,134,536,-102.8
3731,1206315001,Bukay Pait,Tantangan,South Cotabato,Region XII (SOCCSKSARGEN),4,6.56365,124.768877,361,52,208,-100.4
3732,1108209014,Mipangi,Nabunturan,Davao de Oro,Region XI (Davao Region),4,7.542056,125.919565,348,95,380,-100.1
3733,1606804011,Unidad,Cagwait,Surigao del Sur,Region XIII (Caraga),4,8.9011,126.3058,314,123,492,-102.7
3734,1108208011,Linoan,Montevista,Davao de Oro,Region XI (Davao Region),4,7.676037,125.985486,346,120,480,-102.2
3735,1606711010,San Isidro,Gigaquit,Surigao del Norte,Region XIII (Caraga),4,9.563826,125.687509,312,110,440,-101.4
3736,1606814008,Poblacion,Marihatag,Surigao del Sur,Region XIII (Caraga),4,8.802873,126.283189,309,120,480,-102.8
3737,1102502007,Maputi,Banaybanay,Davao Oriental,Region XI (Davao Region),4,7.043197,125.965535,350,27,108,-94.8
3738,0307102010,Dolores,Cabangan,Zambales,Region III (Central Luzon),4,15.168212,120.057702,109,25,100,-100.8
3739,0730600075,Suba Pob.,City of Cebu,Cebu,Region VII (Central Visayas),4,10.364202,123.857492,995,7,28,-81.3
3740,0701242009,Mansasa,City of Tagbilaran,Bohol,Region VII (Central Visayas),4,9.631982,123.870817,496,2,8,-61.4
3741,0305405001,Bahay Pare,Candaba,Pampanga,Region III (Central Luzon),4,15.030833,120.882791,968,5,20,-82.8
3742,0604502010,Caridad,City of Bago,Negros Occidental,Region VI (Western Visayas),4,10.480836,122.909744,326,25,100,-92
3743,0301409014,San Nicolas,Hagonoy,Bulacan,Region III (Central Luzon),4,14.827598,120.729747,416,34,136,-98.8
3744,0105543001,Agno,Tayug,Pangasinan,Region I (Ilocos Region),4,16.022735,120.730605,196,2,8,-74.9
3745,0401022003,Aya,San Jose,Batangas,Region IV-A (CALABARZON),4,13.894312,121.114637,327,2,8,-76.1
3746,0301403027,Tibag,Baliuag,Bulacan,Region III (Central Luzon),4,14.955479,120.903927,267,0,0,
3747,1001302015,Poblacion,Damulog,Bukidnon,Region X (Northern Mindanao),4,7.483699,124.943944,433,110,440,-101.9
3748,0300812008,San Juan,Samal,Bataan,Region III (Central Luzon),4,14.769684,120.539532,388,12,48,-88.1
3749,1705312005,Corong-corong Pob.,El Nido,Palawan,MIMAROPA Region,4,11.167179,119.398063,331,131,524,-102.7
3750,0301414010,San Pascual,Obando,Bulacan,Region III (Central Luzon),4,14.72062,120.929667,696,0,0,
3751,0500516004,Fidel Surtida,Santo Domingo,Albay,Region V (Bicol Region),4,13.245209,123.762778,194,1,4,-59.8
3752,1004310006,Jampason,Initao,Misamis Oriental,Region X (Northern Mindanao),4,8.51476,124.309669,180,41,164,-100.6
3753,0301420007,Muzon,City of San Jose Del Monte,Bulacan,Region III (Central Luzon),4,14.79015,121.03009,11424,2,8,-63.6
3754,1003522004,Bulod,Tubod,Lanao del Norte,Region X (Northern Mindanao),4,8.047884,123.810981,167,40,160,-98
3755,1004324002,Casinglot,Tagoloan,Misamis Oriental,Region X (Northern Mindanao),4,8.518367,124.752496,811,3,12,-66.4
3756,0301421016,Calumpang,San Miguel,Bulacan,Region III (Central Luzon),4,15.180374,121.031565,496,6,24,-77.1
3757,0600414012,Nagustan,Nabas,Aklan,Region VI (Western Visayas),4,11.8445,122.0581,305,107,428,-104.3
3758,0704621006,Obogon,City of Tanjay,Negros Oriental,Region VII (Central Visayas),4,9.509439,123.150333,309,2,8,-67.8
3759,0604503012,San Pedro,Binalbagan,Negros Occidental,Region VI (Western Visayas),4,10.377977,123.249553,318,6,24,-92.2
3760,0201517013,Ignacio Jurado,Lasam,Cagayan,Region II (Cagayan Valley),4,18.065547,121.609679,135,9,36,-87.3
3761,0702250009,Maghaway,City of Talisay,Cebu,Region VII (Central Visayas),4,10.27221,123.822493,575,2,8,-79
3762,0402118031,Pasong Langka,Silang,Cavite,Region IV-A (CALABARZON),4,14.162701,120.998164,358,2,8,-64.3
3763,0601912004,Bailan,Pontevedra,Capiz,Region VI (Western Visayas),4,11.457951,122.82706,231,2,8,-74.7
3764,0401021021,Masaya,Rosario,Batangas,Region IV-A (CALABARZON),4,13.837132,121.184556,396,2,8,-69.5
3765,0301422023,Poblacion,San Rafael,Bulacan,Region III (Central Luzon),4,11.181406,122.829519,147,50,200,-97.6
3766,0401006016,Inicbulan,Bauan,Batangas,Region IV-A (CALABARZON),4,13.820395,120.982023,331,4,16,-75.1
3767,1430300022,City Camp Central,City of Baguio,Benguet,Cordillera Administrative Region (CAR),4,16.420473,120.599332,137,0,0,
3768,0500506067,Bgy. 32 - San Roque,City of Legazpi,Albay,Region V (Bicol Region),4,13.152969,123.754298,422,5,20,-76.4
3769,0301410014,Dakila,City of Malolos,Bulacan,Region III (Central Luzon),4,14.850636,120.835359,610,0,0,
3770,0603005003,Balanti-an,Balasan,Iloilo,Region VI (Western Visayas),4,11.488268,123.088844,202,25,100,-99.2
3771,1206511003,Calean,City of Tacurong,Sultan Kudarat,Region XII (SOCCSKSARGEN),4,6.667047,124.66958,246,34,136,-100.8
3772,0105515008,Cayanga,Bugallon,Pangasinan,Region I (Ilocos Region),4,15.921649,120.207293,260,37,148,-98.6
3773,0402112011,Ramirez,Magallanes,Cavite,Region IV-A (CALABARZON),4,14.179995,120.730658,171,16,64,-91.7
3774,0403403026,Zapote,City of Biñan,Laguna,Region IV-A (CALABARZON),4,14.317533,121.081156,1463,1,4,-63.5
3775,0401031008,Balele,City of Tanauan,Batangas,Region IV-A (CALABARZON),4,14.070348,121.101721,858,5,20,-78.9
3776,1381200019,San Antonio,City of Pasig,Second District (Not a Province),National Capital Region (NCR),4,14.566817,121.084592,1247,0,0,
3777,0600603008,Poblacion,Belison,Antique,Region VI (Western Visayas),4,10.8351,121.9636,364,124,496,-103.5
3778,0301409022,Santa Monica,Hagonoy,Bulacan,Region III (Central Luzon),4,14.839074,120.737818,732,1,4,-34.1
3779,0506206019,Milagrosa,Castilla,Sorsogon,Region V (Bicol Region),4,12.979247,123.851709,134,23,92,-92.9
3780,0402103036,Ligas III,City of Bacoor,Cavite,Region IV-A (CALABARZON),4,14.441713,120.971672,764,0,0,
3781,0701236013,Poblacion,Sagbayan,Bohol,Region VII (Central Visayas),4,9.915494,124.095503,304,175,700,-104.7
3782,0403415021,Salasad,Magdalena,Laguna,Region IV-A (CALABARZON),4,14.203248,121.40634,304,0,0,
3783,0403425001,Bagong Silang,City of San Pedro,Laguna,Region IV-A (CALABARZON),4,14.335474,121.024129,572,0,0,
3784,0301423005,Camangyanan,Santa Maria,Bulacan,Region III (Central Luzon),4,14.797133,120.970915,450,0,0,
3785,0307102020,San Juan,Cabangan,Zambales,Region III (Central Luzon),4,15.155682,120.060677,138,27,108,-97.4
3786,0402104014,Barangay 3,Carmona,Cavite,Region IV-A (CALABARZON),4,14.307186,121.051803,81,0,0,
3787,1001321035,Vintar,City of Valencia,Bukidnon,Region X (Northern Mindanao),4,7.932895,125.103064,224,0,0,
3788,0405623009,Barangay 6,Lucban,Quezon,Region IV-A (CALABARZON),4,14.112924,121.549649,130,7,28,-93.4
3789,0803738056,Ipil,Ormoc City,Leyte,Region VIII (Eastern Visayas),4,10.976064,124.63445,767,7,28,-79.6
3790,0506203030,Lajong,Bulan,Sorsogon,Region V (Bicol Region),4,12.679768,123.901211,278,17,68,-88.8
3791,0307109011,San Miguel,San Antonio,Zambales,Region III (Central Luzon),4,14.950726,120.065225,338,43,172,-100.8
3792,1705203017,Malitbog,Bongabong,Oriental Mindoro,MIMAROPA Region,4,12.755433,121.468578,255,24,96,-97.8
3793,0201506013,Bitag Grande,Baggao,Cagayan,Region II (Cagayan Valley),4,17.90042,121.85243,266,26,104,-93.7
3794,0105521004,Laois,Labrador,Pangasinan,Region I (Ilocos Region),4,16.036389,120.138056,238,30,120,-96.2
3795,0105511041,Malioer,Bayambang,Pangasinan,Region I (Ilocos Region),4,15.778525,120.378584,216,8,32,-87.8
3796,1130700101,Sasa,City of Davao,Davao del Sur,Region XI (Davao Region),4,7.12552,125.65644,5037,22,88,-96.1
3797,0701205014,San Vicente,Baclayon,Bohol,Region VII (Central Visayas),4,9.62231,123.923358,106,0,0,
3798,0701205006,Laya,Baclayon,Bohol,Region VII (Central Visayas),4,9.617718,123.929856,83,2,8,-75.3
3799,0603005011,Lawis,Balasan,Iloilo,Region VI (Western Visayas),4,11.466903,123.112793,191,3,12,-71.3
3800,1206312017,Rubber,Polomolok,South Cotabato,Region XII (SOCCSKSARGEN),4,6.19826,125.04542,315,35,140,-98.2
3801,1204704005,Benoligan,City of Kidapawan,Cotabato,Region XII (SOCCSKSARGEN),4,7.043475,125.006208,226,83,332,-102.6
3802,0403424070,Santa Isabel,City of San Pablo,Laguna,Region IV-A (CALABARZON),4,14.086822,121.350025,382,5,20,-73.6
3803,0307103016,Sinabacan,Candelaria,Zambales,Region III (Central Luzon),4,15.65662,119.93506,323,34,136,-96.3
3804,0102903029,Tay-ac,Bantay,Ilocos Sur,Region I (Ilocos Region),4,17.2405,120.53726,209,76,304,-100.4
3805,0307102018,San Antonio,Cabangan,Zambales,Region III (Central Luzon),4,15.160897,120.054759,65,4,16,-85.4
3806,0304919022,Bagong Buhay,City of Palayan,Nueva Ecija,Region III (Central Luzon),4,15.462175,121.116273,65,10,40,-88.9
3807,0806407064,Tunga-tunga,City of Maasin,Southern Leyte,Region VIII (Eastern Visayas),4,10.131404,124.8369,145,12,48,-99.8
3808,1102502013,San Vicente,Banaybanay,Davao Oriental,Region XI (Davao Region),4,6.97358,126.021973,255,38,152,-98.5
3809,0301404017,Tambobong,Bocaue,Bulacan,Region III (Central Luzon),4,14.815741,120.939764,656,1,4,-57.4
3810,0600402002,Arcangel,Balete,Aklan,Region VI (Western Visayas),4,11.544936,122.355022,287,40,160,-100.2
3811,0201528003,Alabug,Tuao,Cagayan,Region II (Cagayan Valley),4,17.72445,121.48117,284,12,48,-89.2
3812,0402120031,Amaya V,Tanza,Cavite,Region IV-A (CALABARZON),4,14.350013,120.863146,273,1,4,-76.8
3813,0203127010,Masaya Sur,San Agustin,Isabela,Region II (Cagayan Valley),4,16.49913,121.74632,203,40,160,-98.6
3814,0402110036,Kaytapos,Indang,Cavite,Region IV-A (CALABARZON),4,14.196488,120.88574,145,1,4,-53.9
3815,1004321006,Igpit,Opol,Misamis Oriental,Region X (Northern Mindanao),4,8.503457,124.585437,1025,6,24,-84.3
3816,0403405056,Sirang Lupa,City of Calamba,Laguna,Region IV-A (CALABARZON),4,14.202749,121.106167,1289,3,12,-78.7
3817,1430300040,Gibraltar,City of Baguio,Benguet,Cordillera Administrative Region (CAR),4,16.418558,120.622863,638,1,4,-63.9
3818,0501603023,Pamorangon,Daet,Camarines Norte,Region V (Bicol Region),4,14.090959,122.957411,248,3,12,-77.8
3819,0506207050,Tupas,Donsol,Sorsogon,Region V (Bicol Region),4,12.912828,123.59401,151,6,24,-89.6
3820,0300804042,Tucop,Dinalupihan,Bataan,Region III (Central Luzon),4,14.89726,120.472561,399,4,16,-78.2
3821,0103306010,General Prim East,Bangar,La Union,Region I (Ilocos Region),4,16.896902,120.42453,76,1,4,-63.8
3822,0403405058,Turbina,City of Calamba,Laguna,Region IV-A (CALABARZON),4,14.183248,121.134303,625,1,4,-68.2
3823,0306916068,San Miguel,City of Tarlac,Tarlac,Region III (Central Luzon),4,15.437599,120.598233,683,1,4,-61.6
3824,0603031019,Talibong Pequeño,Mina,Iloilo,Region VI (Western Visayas),4,10.937908,122.558964,44,8,32,-84.4
3825,0601914045,Sibaguan,City of Roxas,Capiz,Region VI (Western Visayas),4,11.551247,122.720105,317,2,8,-65.8
3826,0301418018,Paltao,Pulilan,Bulacan,Region III (Central Luzon),4,14.920115,120.847238,578,1,4,-65
3827,0604516007,Haguimit,City of La Carlota,Negros Occidental,Region VI (Western Visayas),4,10.399119,123.017555,382,46,184,-93.5
3828,0702210012,Giwanon,Barili,Cebu,Region VII (Central Visayas),4,10.11377,123.522312,166,1,4,-73.1
3829,0203101023,San Antonio,Alicia,Isabela,Region II (Cagayan Valley),4,16.773806,121.699745,171,1,4,-81
3830,0305416004,Calulut,City of San Fernando,Pampanga,Region III (Central Luzon),4,15.090677,120.650608,3384,2,8,-64.4
3831,1381701006,San Roque,Pateros,Fourth District (Not a Province),National Capital Region (NCR),4,14.542144,121.070679,383,2,8,-71.7
3832,0803733021,San Guillermo,Matag-Ob,Leyte,Region VIII (Eastern Visayas),4,11.146748,124.47038,50,43,172,-100.7
3833,0304906051,Ungab,Cuyapo,Nueva Ecija,Region III (Central Luzon),4,15.799336,120.623187,192,6,24,-80.9
3834,0401005044,Malitam,Batangas City,Batangas,Region IV-A (CALABARZON),4,13.744245,121.058554,735,1,4,-68.8
3835,0301412007,Camalig,City of Meycauayan,Bulacan,Region III (Central Luzon),4,14.772137,120.993422,752,2,8,-62.4
3836,0301419020,Malipampang,San Ildefonso,Bulacan,Region III (Central Luzon),4,15.056235,120.93902,592,1,4,-36.2
3837,1705302002,Algeciras,Agutaya,Palawan,MIMAROPA Region,4,11.41857,120.81198,451,112,448,-103.9
3838,0306916028,Culipat,City of Tarlac,Tarlac,Region III (Central Luzon),4,15.499112,120.617159,222,3,12,-85.3
3839,0305405033,Talang,Candaba,Pampanga,Region III (Central Luzon),4,15.019069,120.85285,296,5,20,-80.6
3840,0405603005,Barangay Zone 2,Atimonan,Quezon,Region IV-A (CALABARZON),4,14.001118,121.916453,213,0,0,
3841,0604510015,To-oy,City of Himamaylan,Negros Occidental,Region VI (Western Visayas),4,10.052191,122.864571,385,52,208,-97.5
3842,0604520021,San Miguel,Murcia,Negros Occidental,Region VI (Western Visayas),4,10.538572,123.083,341,35,140,-95
3843,1408106014,Mataguisi,Pudtol,Apayao,Cordillera Administrative Region (CAR),4,18.12866,121.347773,80,125,500,-102.7
3844,0401008018,Barangay 3,Calatagan,Batangas,Region IV-A (CALABARZON),4,13.832236,120.634262,89,2,8,-84.3
3845,0403426011,Pagsawitan,Santa Cruz,Laguna,Region IV-A (CALABARZON),4,14.265147,121.42515,1015,0,0,
3846,0601911011,Natividad,Pilar,Capiz,Region VI (Western Visayas),4,11.476789,123.009955,380,70,280,-98.6
3847,0405601006,Kanlurang Maligaya,Agdangan,Quezon,Region IV-A (CALABARZON),4,13.875327,121.917353,22,0,0,
3848,0301419006,Bagong Barrio,San Ildefonso,Bulacan,Region III (Central Luzon),4,15.011831,120.987729,216,3,12,-81
3849,0631000096,Lopez Jaena Sur,City of Iloilo,Iloilo,Region VI (Western Visayas),4,10.710556,122.571944,161,0,0,
3850,1381300029,Del Monte,Quezon City,Second District (Not a Province),National Capital Region (NCR),4,14.64445,121.01285,818,4,16,-72.3
3851,0600613006,Barangay 4,San Jose,Antique,Region VI (Western Visayas),4,10.7406,121.9379,233,24,96,-100
3852,0402111004,Marulas,Kawit,Cavite,Region IV-A (CALABARZON),4,14.447812,120.914005,358,0,0,
3853,0306916025,Capehan,City of Tarlac,Tarlac,Region III (Central Luzon),4,15.433025,120.601346,180,2,8,-73.8
3854,0401032008,Mahanadiong,Taysan,Batangas,Region IV-A (CALABARZON),4,13.783579,121.196029,193,5,20,-77.2
3855,0401022006,Balagtasin I,San Jose,Batangas,Region IV-A (CALABARZON),4,13.88735,121.100856,137,2,8,-64.8
3856,0604519013,Magallon Cadre,Moises Padilla,Negros Occidental,Region VI (Western Visayas),4,10.285328,123.090874,422,20,80,-94.5
3857,0201521012,Illuru Norte,Rizal,Cagayan,Region II (Cagayan Valley),4,17.842585,121.389386,55,65,260,-98.9
3858,0201511008,Centro I,Claveria,Cagayan,Region II (Cagayan Valley),4,18.606897,121.078926,141,40,160,-97.6
3859,0102821017,San Nicolas,Sarrat,Ilocos Norte,Region I (Ilocos Region),4,18.160175,120.649594,144,11,44,-86.3
3860,0405803006,Concepcion,Baras,Rizal,Region IV-A (CALABARZON),4,14.521515,121.267867,91,3,12,-83.1
3861,0631000040,Cuartero,City of Iloilo,Iloilo,Region VI (Western Visayas),4,10.749388,122.569248,155,0,0,
3862,0803748015,Cabuynan,Tanauan,Leyte,Region VIII (Eastern Visayas),4,11.081591,125.024916,249,45,180,-98.1
3863,0402108028,Tapia,City of General Trias,Cavite,Region IV-A (CALABARZON),4,14.364359,120.879425,456,1,4,-68.9
3864,1402703018,Poblacion,Kiangan,Ifugao,Cordillera Administrative Region (CAR),4,16.777374,121.08401,121,51,204,-96.7
3865,1130700187,"Leon Garcia, Sr.",City of Davao,Davao del Sur,Region XI (Davao Region),4,7.082432,125.626752,1189,1,4,-59.8
3866,0305413024,Parian,Mexico,Pampanga,Region III (Central Luzon),4,15.059375,120.716978,458,1,4,-52.7
3867,1600201013,Poblacion 1,Buenavista,Agusan del Norte,Region XIII (Caraga),4,8.968315,125.40879,113,1,4,-80
3868,0306909008,Burgos,Moncada,Tarlac,Region III (Central Luzon),4,15.735747,120.577149,181,5,20,-77.8
3869,0630200024,Barangay 28,City of Bacolod,Negros Occidental,Region VI (Western Visayas),4,10.666125,122.951992,131,0,0,
3870,0301420020,Bagong Buhay II,City of San Jose Del Monte,Bulacan,Region III (Central Luzon),4,14.827371,121.048245,374,1,4,-58.5
3871,1381300089,Ramon Magsaysay,Quezon City,Second District (Not a Province),National Capital Region (NCR),4,14.66163,121.021759,1479,3,12,-75
3872,0630200026,Barangay 3,City of Bacolod,Negros Occidental,Region VI (Western Visayas),4,10.633032,122.948489,251,1,4,-48.7
3873,1001309010,Kahusayan,Kitaotao,Bukidnon,Region X (Northern Mindanao),4,7.617108,125.109821,133,5,20,-78.5
3874,0205005005,Busilac,Bayombong,Nueva Vizcaya,Region II (Cagayan Valley),4,16.472778,121.115556,311,26,104,-94.9
3875,0301404018,Turo,Bocaue,Bulacan,Region III (Central Luzon),4,14.807618,120.938397,1063,1,4,-51.2
3876,0301408015,Tuktukan,Guiguinto,Bulacan,Region III (Central Luzon),4,14.826996,120.891739,1063,2,8,-65.1
3877,0105518020,Mangin,City of Dagupan,Pangasinan,Region I (Ilocos Region),4,16.03834,120.362842,343,1,4,-71.3
3878,0307706014,Lipit,Dipaculao,Aurora,Region III (Central Luzon),4,15.83367,121.53443,63,15,60,-93.7
3879,1102319005,Canocotan,City of Tagum,Davao del Norte,Region XI (Davao Region),4,7.406832,125.778431,804,4,16,-71.5
3880,0304903094,Sumacab Este,City of Cabanatuan,Nueva Ecija,Region III (Central Luzon),4,15.444623,120.944335,422,1,4,-61.4
3881,0405623008,Barangay 5,Lucban,Quezon,Region IV-A (CALABARZON),4,14.115921,121.573232,189,14,56,-92
3882,0701219007,Poblacion,Dauis,Bohol,Region VII (Central Visayas),4,9.624132,123.857349,226,0,0,
3883,1401101002,Caliking,Atok,Benguet,Cordillera Administrative Region (CAR),4,16.513839,120.460174,296,19,76,-90.7
3884,0803708016,Caridad,City of Baybay,Leyte,Region VIII (Eastern Visayas),4,10.83242,124.75282,341,81,324,-100.4
3885,0803738011,Cagbuhangin,Ormoc City,Leyte,Region VIII (Eastern Visayas),4,11.100342,124.584623,157,4,16,-73.4
3886,0603039024,Poblacion Ilaya,San Enrique,Iloilo,Region VI (Western Visayas),4,11.073478,122.659293,96,3,12,-80.9
3887,0803702054,San Roque,Alangalang,Leyte,Region VIII (Eastern Visayas),4,11.20859,124.846598,90,1,4,-78.2
3888,1001317016,Magsaysay,Quezon,Bukidnon,Region X (Northern Mindanao),4,7.707485,125.123798,167,19,76,-99.3
3889,0201529017,Capatan,Tuguegarao City,Cagayan,Region II (Cagayan Valley),4,17.617627,121.749804,300,2,8,-73.9
3890,1001308035,West Kibawe,Kibawe,Bukidnon,Region X (Northern Mindanao),4,7.57513,124.987733,236,37,148,-94.2
3891,0403404010,Marinig,City of Cabuyao,Laguna,Region IV-A (CALABARZON),4,14.270245,121.157373,4519,12,48,-89
3892,0600415006,Jalas,New Washington,Aklan,Region VI (Western Visayas),4,11.645807,122.428534,131,3,12,-81.7
3893,1705205021,Guinobatan,City of Calapan,Oriental Mindoro,MIMAROPA Region,4,13.388262,121.183701,344,6,24,-77.5
3894,0103306005,Bangaoilan West,Bangar,La Union,Region I (Ilocos Region),4,16.888724,120.423783,85,3,12,-71
3895,0403405037,Parian,City of Calamba,Laguna,Region IV-A (CALABARZON),4,14.214189,121.151506,2547,0,0,
3896,0401019042,Putat,Nasugbu,Batangas,Region IV-A (CALABARZON),4,14.082055,120.666942,307,10,40,-81.9
3897,0301422027,Sampaloc,San Rafael,Bulacan,Region III (Central Luzon),4,14.980056,120.929668,401,1,4,-74.3
3898,0304930005,Bakal II,Talavera,Nueva Ecija,Region III (Central Luzon),4,15.69772,120.89859,348,11,44,-87.6
3899,0304912002,Dampulan,Jaen,Nueva Ecija,Region III (Central Luzon),4,15.340004,120.90985,462,1,4,-67.1
3900,0631000179,Tagbac,City of Iloilo,Iloilo,Region VI (Western Visayas),4,10.766822,122.579514,372,1,4,-60.1
3901,0305410019,Sta. Maria,Macabebe,Pampanga,Region III (Central Luzon),4,14.892611,120.69278,408,7,28,-85
3902,0305412029,Sto. Niño,Masantol,Pampanga,Region III (Central Luzon),4,14.884108,120.696481,287,5,20,-91.7
3903,1400101030,Zone 7 Pob.,Bangued,Abra,Cordillera Administrative Region (CAR),4,17.595938,120.629019,241,11,44,-100.3
3904,0401018010,Kinalaglagan,Mataasnakahoy,Batangas,Region IV-A (CALABARZON),4,14.002968,121.093221,229,8,32,-89.1
3905,0300811013,Landing,Pilar,Bataan,Region III (Central Luzon),4,14.646765,120.533087,115,1,4,-87.5
3906,0500506063,Bgy. 59 - Puro,City of Legazpi,Albay,Region V (Bicol Region),4,13.135458,123.760808,432,3,12,-84.6
3907,0405802002,Cupang,City of Antipolo,Rizal,Region IV-A (CALABARZON),4,14.63881,121.13311,10775,1,4,-73
3908,0301404011,Duhat,Bocaue,Bulacan,Region III (Central Luzon),4,14.785899,120.953448,798,0,0,
3909,0305403030,Cupang,Arayat,Pampanga,Region III (Central Luzon),4,15.133786,120.788628,346,8,32,-86.6
3910,0205013005,Curifang,Solano,Nueva Vizcaya,Region II (Cagayan Valley),4,16.514904,121.219888,427,11,44,-82.7
3911,0105532028,Caoayan-Kiling,City of San Carlos,Pangasinan,Region I (Ilocos Region),4,15.849288,120.325453,376,5,20,-77.8
3912,0403422001,Aplaya,Pila,Laguna,Region IV-A (CALABARZON),4,14.25941,121.354647,329,7,28,-85.5
3913,0203108071,Union,City of Cauayan,Isabela,Region II (Cagayan Valley),4,16.959568,121.816013,127,13,52,-94
3914,0631000005,Alalasan Lapuz,City of Iloilo,Iloilo,Region VI (Western Visayas),4,10.703552,122.547708,209,1,4,-67
3915,0304903017,Bonifacio District,City of Cabanatuan,Nueva Ecija,Region III (Central Luzon),4,15.5013,120.984864,284,6,24,-82.7
3916,0102811014,Lorenzo,Banna,Ilocos Norte,Region I (Ilocos Region),4,17.98034,120.658443,62,35,140,-97.7
3917,1380200009,Zapote,City of Las Piñas,Fourth District (Not a Province),National Capital Region (NCR),4,14.463889,120.970833,1572,0,0,
3918,0501723016,Paloyon Proper,Nabua,Camarines Sur,Region V (Bicol Region),4,13.374319,123.378469,220,1,4,-68.6
3919,0501733009,Danlog,San Jose,Camarines Sur,Region V (Bicol Region),4,13.694721,123.527311,149,1,4,-75.6
3920,0304912017,Pakol,Jaen,Nueva Ecija,Region III (Central Luzon),4,15.375869,120.86565,164,5,20,-75.4
3921,0403422002,Bagong Pook,Pila,Laguna,Region IV-A (CALABARZON),4,14.255284,121.369267,519,0,0,
3922,0300803014,Pto. Rivas Ibaba,City of Balanga,Bataan,Region III (Central Luzon),4,14.695884,120.559737,373,14,56,-94.5
3923,1381300031,Doña Imelda,Quezon City,Second District (Not a Province),National Capital Region (NCR),4,14.615278,121.018333,1317,3,12,-74.5
3924,0401027016,Tambo Ilaya,Santa Teresita,Batangas,Region IV-A (CALABARZON),4,13.874265,120.959325,94,1,4,-59.7
3925,0704610027,Pulantubig,City of Dumaguete,Negros Oriental,Region VII (Central Visayas),4,9.324189,123.288617,246,3,12,-79.1
3926,0501733019,Sabang,San Jose,Camarines Sur,Region V (Bicol Region),4,13.68912,123.531484,211,16,64,-94.4
3927,0501734032,North Villazar,Sipocot,Camarines Sur,Region V (Bicol Region),4,13.862892,122.949704,116,35,140,-96.6
3928,0402109068,Malagasang II-G,City of Imus,Cavite,Region IV-A (CALABARZON),4,14.34942,120.96529,440,1,4,-67.5
3929,0731300027,Umapad,City of Mandaue,Cebu,Region VII (Central Visayas),4,10.334669,123.960934,1611,1,4,-74.3
3930,0301415020,Siling Matanda,Pandi,Bulacan,Region III (Central Luzon),4,14.904258,120.989647,319,4,16,-79.3
3931,0401011021,San Gabriel,Laurel,Batangas,Region IV-A (CALABARZON),4,14.048958,120.916104,250,4,16,-79.9
3932,0102808024,Victoria,Currimao,Ilocos Norte,Region I (Ilocos Region),4,17.997744,120.499905,74,56,224,-102.4
3933,0500508044,Santa Cruz,City of Ligao,Albay,Region V (Bicol Region),4,13.233358,123.534132,172,0,0,
3934,0403403024,Timbao,City of Biñan,Laguna,Region IV-A (CALABARZON),4,14.282291,121.054202,1541,1,4,-49.8
3935,0405804041,San Carlos,Binangonan,Rizal,Region IV-A (CALABARZON),4,14.51534,121.169152,1124,2,8,-67.2
3936,0403405017,Laguerta,City of Calamba,Laguna,Region IV-A (CALABARZON),4,14.173835,121.08998,544,4,16,-71.7
3937,0105546030,Palina West,City of Urdaneta,Pangasinan,Region I (Ilocos Region),4,15.94726,120.545807,284,11,44,-85.5
3938,0304926007,Camanacsacan,San Jose City,Nueva Ecija,Region III (Central Luzon),4,15.768338,120.981689,270,10,40,-83.7
3939,0402118004,Balite II,Silang,Cavite,Region IV-A (CALABARZON),4,14.183368,120.974695,268,1,4,-66.7
3940,0630200055,Singcang-Airport,City of Bacolod,Negros Occidental,Region VI (Western Visayas),4,10.657129,122.934283,2903,17,68,-96.6
3941,0300804035,San Pablo,Dinalupihan,Bataan,Region III (Central Luzon),4,14.852623,120.378788,673,13,52,-94.7
3942,0403402009,Puypuy,Bay,Laguna,Region IV-A (CALABARZON),4,14.159647,121.273781,437,5,20,-81.3
3943,0304923028,Poblacion Sur,Rizal,Nueva Ecija,Region III (Central Luzon),4,15.693827,121.109724,294,8,32,-84
3944,1705105008,Nicolas,Magsaysay,Occidental Mindoro,MIMAROPA Region,4,12.299699,121.242546,335,111,444,-101.8
3945,0501708042,Santa Cruz Poblacion,Calabanga,Camarines Sur,Region V (Bicol Region),4,13.7416,123.260719,146,17,68,-93.8
3946,0306917017,San Agustin,Victoria,Tarlac,Region III (Central Luzon),4,15.597961,120.681655,288,10,40,-82
3947,0103301010,San Agustin East,Agoo,La Union,Region I (Ilocos Region),4,17.066486,120.473091,202,50,200,-98.6
3948,1130700035,Communal,City of Davao,Davao del Sur,Region XI (Davao Region),4,7.140442,125.624384,1505,5,20,-74.2
3949,0604527010,Cayhagan,City of Sipalay,Negros Occidental,Region VI (Western Visayas),4,9.68797,122.447662,314,78,312,-100.7
3950,0704610012,Cantil-e,City of Dumaguete,Negros Oriental,Region VII (Central Visayas),4,9.281681,123.273209,386,0,0,
3951,0803726021,Tagaytay,Kananga,Leyte,Region VIII (Eastern Visayas),4,11.197225,124.537084,303,33,132,-97.7
3952,0201517031,Centro II,Lasam,Cagayan,Region II (Cagayan Valley),4,18.06376,121.599938,168,40,160,-98.6
3953,0201529047,Linao West,Tuguegarao City,Cagayan,Region II (Cagayan Valley),4,17.648816,121.736358,150,1,4,-61.1
3954,1102319007,La Filipina,City of Tagum,Davao del Norte,Region XI (Davao Region),4,7.475307,125.80515,1753,21,84,-91.8
3955,1130700179,Centro,City of Davao,Davao del Sur,Region XI (Davao Region),4,7.092815,125.638129,1500,3,12,-77.4
3956,0405813002,Muzon,Taytay,Rizal,Region IV-A (CALABARZON),4,14.543232,121.144372,2719,1,4,-64.1
3957,0307113011,Lipay,Santa Cruz,Zambales,Region III (Central Luzon),4,15.749186,119.909157,534,8,32,-95.1
3958,0603019001,Lumbia,Estancia,Iloilo,Region VI (Western Visayas),4,11.444615,123.12021,177,6,24,-79.5
3959,1402705013,Poblacion East,Lamut,Ifugao,Cordillera Administrative Region (CAR),4,16.649963,121.221109,157,37,148,-96.6
3960,0630200058,Tangub,City of Bacolod,Negros Occidental,Region VI (Western Visayas),4,10.633573,122.934362,3878,4,16,-84.3
3961,0307113015,Malabago,Santa Cruz,Zambales,Region III (Central Luzon),4,15.787817,119.905349,230,7,28,-93.4
3962,0401019003,Banilad,Nasugbu,Batangas,Region IV-A (CALABARZON),4,14.067421,120.734289,430,6,24,-76.8
3963,0403405040,Barangay 3,City of Calamba,Laguna,Region IV-A (CALABARZON),4,14.207436,121.162224,452,1,4,-48.2
3964,0702206011,Langub,Asturias,Cebu,Region VII (Central Visayas),4,10.58113,123.7335,322,36,144,-95.6
3965,0401022020,Natunuan,San Jose,Batangas,Region IV-A (CALABARZON),4,13.868147,121.100813,160,0,0,
3966,0402109090,Poblacion III-B,City of Imus,Cavite,Region IV-A (CALABARZON),4,14.367205,120.854239,61,0,0,
3967,1130700196,Wilfredo Aquino,City of Davao,Davao del Sur,Region XI (Davao Region),4,7.090693,125.625944,740,0,0,
3968,0401022007,Banaybanay I,San Jose,Batangas,Region IV-A (CALABARZON),4,13.897701,121.106865,547,1,4,-61.3
3969,0105545008,Dalanguiring,Urbiztondo,Pangasinan,Region I (Ilocos Region),4,15.825623,120.350211,542,2,8,-64.1
3970,0301422018,Pantubig,San Rafael,Bulacan,Region III (Central Luzon),4,14.968279,120.951263,340,5,20,-76.2
3971,0603032007,Bololacao,New Lucena,Iloilo,Region VI (Western Visayas),4,10.888687,122.590775,164,4,16,-78.4
3972,1404409009,Demang,Sagada,Mountain Province,Cordillera Administrative Region (CAR),4,17.080961,120.899936,57,34,136,-99
3973,0702210043,Tubod,Barili,Cebu,Region VII (Central Visayas),4,10.116499,123.566971,201,8,32,-80.2
3974,0702207020,Poblacion,Badian,Cebu,Region VII (Central Visayas),4,9.864544,123.393431,346,42,168,-97.8
3975,0501606024,Exciban,Labo,Camarines Norte,Region V (Bicol Region),4,14.18433,122.65643,275,18,72,-88.7
3976,0600402001,Aranas,Balete,Aklan,Region VI (Western Visayas),4,11.564452,122.396067,445,10,40,-84
3977,0701219002,Bingag,Dauis,Bohol,Region VII (Central Visayas),4,9.620641,123.804711,388,7,28,-80.6
3978,0105526020,Malabago,Mangaldan,Pangasinan,Region I (Ilocos Region),4,16.055108,120.388026,431,2,8,-67
3979,0601912021,Rizal,Pontevedra,Capiz,Region VI (Western Visayas),4,11.436944,122.838889,351,38,152,-97.5
3980,0305420003,San Agustin,Santa Rita,Pampanga,Region III (Central Luzon),4,14.992911,120.600432,302,10,40,-81.2
3981,0403424058,San Marcos,City of San Pablo,Laguna,Region IV-A (CALABARZON),4,14.104934,121.301317,274,2,8,-64.1
3982,0401014061,San Jose,City of Lipa,Batangas,Region IV-A (CALABARZON),4,13.940338,121.185283,588,2,8,-78.1
3983,0604505004,Bantayanon,Calatrava,Negros Occidental,Region VI (Western Visayas),4,10.590896,123.474594,404,66,264,-98.2
3984,0405622010,Bebito,Lopez,Quezon,Region IV-A (CALABARZON),4,13.892439,122.269538,131,18,72,-93.3
3985,1001317008,Kiburiao,Quezon,Bukidnon,Region X (Northern Mindanao),4,7.64008,125.091097,317,10,40,-81.4
3986,0500507016,Caguscos,Libon,Albay,Region V (Bicol Region),4,13.23114,123.330347,76,35,140,-97.1
3987,0201516030,San Jose,Lal-Lo,Cagayan,Region II (Cagayan Valley),4,18.203552,121.661312,124,3,12,-86.9
3988,0702227014,Yati,Liloan,Cebu,Region VII (Central Visayas),4,10.39327,123.983225,2991,2,8,-80.9
3989,0306910028,Samput,Paniqui,Tarlac,Region III (Central Luzon),4,15.649773,120.58288,502,0,0,
3990,0402109101,Toclong II-B,City of Imus,Cavite,Region IV-A (CALABARZON),4,14.44085,120.929091,222,0,0,
3991,0501736003,Caraycayon,Tigaon,Camarines Sur,Region V (Bicol Region),4,13.61219,123.48551,355,1,4,-65.3
3992,0630200042,Barangay 7,City of Bacolod,Negros Occidental,Region VI (Western Visayas),4,10.661938,122.944119,208,0,0,
3993,0405802010,Mambugan,City of Antipolo,Rizal,Region IV-A (CALABARZON),4,14.618371,121.135756,4410,2,8,-72.1
3994,0704624014,Tagbino,Vallehermoso,Negros Oriental,Region VII (Central Visayas),4,10.373125,123.27021,335,19,76,-90.5
3995,0803726008,Lonoy,Kananga,Leyte,Region VIII (Eastern Visayas),4,11.207819,124.567251,241,26,104,-95.5
3996,1004317012,Kibungsod,Magsaysay,Misamis Oriental,Region X (Northern Mindanao),4,9.006452,125.205857,265,11,44,-83.8
3997,0304904024,San Carlos,Cabiao,Nueva Ecija,Region III (Central Luzon),4,15.24135,120.8387,357,9,36,-82.5
3998,1430300029,DPS Area,City of Baguio,Benguet,Cordillera Administrative Region (CAR),4,16.41417,120.578047,76,1,4,-66.2
3999,0604517010,Nato,La Castellana,Negros Occidental,Region VI (Western Visayas),4,10.31398,122.991447,359,29,116,-90.8
4000,0631000167,Santo Niño Norte,City of Iloilo,Iloilo,Region VI (Western Visayas),4,10.681111,122.519444,290,13,52,-99.4
4001,0500518012,Joroan,Tiwi,Albay,Region V (Bicol Region),5,13.491183,123.621332,220,15,60,-90.4
4002,0305408044,Santo Niño,Lubao,Pampanga,Region III (Central Luzon),5,14.8726,120.503945,307,5,20,-79.2
4003,0402117015,Muzon II,Rosario,Cavite,Region IV-A (CALABARZON),5,14.411632,120.847643,261,14,56,-94.5
4004,0301407012,Gugo,Calumpit,Bulacan,Region III (Central Luzon),5,14.901495,120.754685,176,1,4,-74.9
4005,0102812068,"Bgy. No. 5, San Pedro",City of Laoag,Ilocos Norte,Region I (Ilocos Region),5,18.203654,120.5927,114,1,4,-53.5
4006,0501736016,Salvacion,Tigaon,Camarines Sur,Region V (Bicol Region),5,13.60211,123.472753,300,8,32,-82.9
4007,0403404011,Niugan,City of Cabuyao,Laguna,Region IV-A (CALABARZON),5,14.262957,121.128613,3844,1,4,-59.8
4008,0304928001,Cojuangco,Santa Rosa,Nueva Ecija,Region III (Central Luzon),5,15.489136,120.971038,243,0,0,
4009,0604510009,Nabali-an,City of Himamaylan,Negros Occidental,Region VI (Western Visayas),5,10.171016,122.882057,298,49,196,-97.5
4010,1001318029,Mabuhay,San Fernando,Bukidnon,Region X (Northern Mindanao),5,7.895679,125.348222,300,135,540,-103.3
4011,0501709008,San Marcos,Camaligan,Camarines Sur,Region V (Bicol Region),5,13.626587,123.169647,106,0,0,
4012,0301410056,Cofradia,City of Malolos,Bulacan,Region III (Central Luzon),5,14.842223,120.831633,413,1,4,-42.7
4013,0604502019,Pacol,City of Bago,Negros Occidental,Region VI (Western Visayas),5,10.495703,122.866051,374,3,12,-67.8
4014,0307707033,San Jose,Maria Aurora,Aurora,Region III (Central Luzon),5,15.787368,121.478582,104,16,64,-95
4015,0506213016,Dao,Pilar,Sorsogon,Region V (Bicol Region),5,12.923028,123.673292,190,13,52,-95.2
4016,0630200060,Vista Alegre,City of Bacolod,Negros Occidental,Region VI (Western Visayas),5,10.653454,122.977674,2808,3,12,-78.2
4017,0601915009,Maninang,Sapi-An,Capiz,Region VI (Western Visayas),5,11.478247,122.588102,239,63,252,-97.7
4018,1102408005,Bulacan,Malalag,Davao del Sur,Region XI (Davao Region),5,6.562445,125.415011,450,61,244,-100.4
4019,0401023022,Nagsaulay,San Juan,Batangas,Region IV-A (CALABARZON),5,13.711198,121.440765,240,47,188,-98.4
4020,0304909002,Balangkare Norte,General Mamerto Natividad,Nueva Ecija,Region III (Central Luzon),5,15.597122,121.040875,155,9,36,-85.9
4021,1102403022,San Miguel,City of Digos,Davao del Sur,Region XI (Davao Region),5,6.735298,125.343744,1583,6,24,-90
4022,1380500025,San Jose,City of Mandaluyong,Second District (Not a Province),National Capital Region (NCR),5,14.58,121.029167,716,0,0,
4023,1408107013,San Carlos,Santa Marcela,Apayao,Cordillera Administrative Region (CAR),5,18.291295,121.436023,109,26,104,-89.6
4024,0504113025,Tabuc,Mobo,Masbate,Region V (Bicol Region),5,12.32588,123.6655,197,38,152,-97.2
4025,0500512010,Bongoran,Oas,Albay,Region V (Bicol Region),5,13.253417,123.503215,134,3,12,-81.8
4026,1208007021,Nagpan,Malungon,Sarangani,Region XII (SOCCSKSARGEN),5,6.333001,125.264176,269,44,176,-96.9
4027,0300801008,Omboy,Abucay,Bataan,Region III (Central Luzon),5,14.718607,120.538579,295,1,4,-54.8
4028,0402109069,Mariano Espeleta I,City of Imus,Cavite,Region IV-A (CALABARZON),5,14.425632,120.8748,130,0,0,
4029,0403429005,Buhay,Siniloan,Laguna,Region IV-A (CALABARZON),5,14.428551,121.448568,111,1,4,-60.6
4030,0401006023,Manghinao Uno,Bauan,Batangas,Region IV-A (CALABARZON),5,13.802748,120.994814,235,1,4,-70.1
4031,0205704017,Poblacion Norte,Maddela,Quirino,Region II (Cagayan Valley),5,16.343555,121.684985,205,44,176,-99.2
4032,1003520004,Inagongan,Tagoloan,Lanao del Norte,Region X (Northern Mindanao),5,8.103145,124.244507,269,26,104,-95.8
4033,0103301004,Consolacion,Agoo,La Union,Region I (Ilocos Region),5,16.325118,120.369534,140,0,0,
4034,1705914005,Poblacion,San Jose,Romblon,MIMAROPA Region,5,12.061422,121.958477,314,143,572,-103.6
4035,0704621018,San Isidro,City of Tanjay,Negros Oriental,Region VII (Central Visayas),5,9.522311,123.14813,356,8,32,-76.9
4036,1001321019,Mabuhay,City of Valencia,Bukidnon,Region X (Northern Mindanao),5,7.843671,125.137274,353,37,148,-97
4037,1401105016,Sebang,Buguias,Benguet,Cordillera Administrative Region (CAR),5,16.740823,120.82621,250,29,116,-97.7
4038,0405811007,Malanday,San Mateo,Rizal,Region IV-A (CALABARZON),5,14.704619,121.124982,1159,1,4,-64.4
4039,0500506062,Bgy. 44 - Pawa,City of Legazpi,Albay,Region V (Bicol Region),5,13.176989,123.730111,292,2,8,-75.2
4040,0403405055,San Juan,City of Calamba,Laguna,Region IV-A (CALABARZON),5,14.217071,121.175756,481,2,8,-70.3
4041,0102822004,Barcelona,Solsona,Ilocos Norte,Region I (Ilocos Region),5,18.106111,120.7675,116,3,12,-82.2
4042,1380400017,Santolan,City of Malabon,Third District (Not a Province),National Capital Region (NCR),5,14.685401,120.958943,1152,1,4,-66.6
4043,1102305018,Pag-asa,Kapalong,Davao del Norte,Region XI (Davao Region),5,7.578643,125.691455,299,103,412,-102.7
4044,0102906017,Calongbuyan,City of Candon,Ilocos Sur,Region I (Ilocos Region),5,17.174134,120.434766,232,25,100,-98.2
4045,0304912027,Santo Tomas North,Jaen,Nueva Ecija,Region III (Central Luzon),5,15.369254,120.912225,324,2,8,-70.7
4046,0304906044,San Jose,Cuyapo,Nueva Ecija,Region III (Central Luzon),5,15.778068,120.669108,123,11,44,-87.5
4047,0731100003,Bankal,City of Lapu-Lapu,Cebu,Region VII (Central Visayas),5,10.306526,123.988971,1960,5,20,-85.3
4048,0301422026,Salapungan,San Rafael,Bulacan,Region III (Central Luzon),5,15.021275,120.963925,219,3,12,-66.4
4049,0908305018,Magdaup,Ipil,Zamboanga Sibugay,Region IX (Zamboanga Peninsula),5,7.7614,122.58527,416,29,116,-97.2
4050,0506209026,Tabon-Tabon,Irosin,Sorsogon,Region V (Bicol Region),5,12.703511,124.045425,124,2,8,-69.6
4051,0405813004,San Juan,Taytay,Rizal,Region IV-A (CALABARZON),5,14.544281,121.12012,10211,2,8,-67.9
4052,0506214013,Rizal,Prieto Diaz,Sorsogon,Region V (Bicol Region),5,13.048022,124.191651,82,74,296,-102.6
4053,1606808002,Burgos,Cortes,Surigao del Sur,Region XIII (Caraga),5,9.254673,126.173335,268,151,604,-103.4
4054,1004303008,Mantangale,Balingoan,Misamis Oriental,Region X (Northern Mindanao),5,9.004576,124.85742,145,6,24,-88.1
4055,0403424060,San Miguel,City of San Pablo,Laguna,Region IV-A (CALABARZON),5,14.048126,121.305901,350,3,12,-81.5
4056,0306903025,Libueg,Camiling,Tarlac,Region III (Central Luzon),5,15.706421,120.417302,206,10,40,-82.4
4057,0105513009,Calit,Binmaley,Pangasinan,Region I (Ilocos Region),5,16.006148,120.31904,212,2,8,-70
4058,0401010008,Lapu-lapu,Ibaan,Batangas,Region IV-A (CALABARZON),5,13.828053,121.120821,176,1,4,-76.1
4059,0604518007,Punta Mesa,Manapla,Negros Occidental,Region VI (Western Visayas),5,10.934998,123.113091,640,14,56,-88.6
4060,0301420017,San Rafael II,City of San Jose Del Monte,Bulacan,Region III (Central Luzon),5,14.814122,121.052301,729,0,0,
4061,0305417012,Santa Cruz Poblacion,San Luis,Pampanga,Region III (Central Luzon),5,15.041013,120.790803,140,0,0,
4062,1705302003,Concepcion,Agutaya,Palawan,MIMAROPA Region,5,11.428187,120.776166,313,95,380,-102.9
4063,0601909036,Poblacion Ilawod,Panay,Capiz,Region VI (Western Visayas),5,11.5575,122.796667,41,5,20,-84.3
4064,0402123015,Inocencio Salud,Gen. Mariano Alvarez,Cavite,Region IV-A (CALABARZON),5,14.31442,120.99928,238,1,4,-58.1
4065,0501612006,Calangcawan Sur,Vinzons,Camarines Norte,Region V (Bicol Region),5,14.16914,122.92351,392,10,40,-96.3
4066,0401021003,Bagong Pook,Rosario,Batangas,Region IV-A (CALABARZON),5,13.844914,121.220955,538,3,12,-78.6
4067,1401105006,Bangao,Buguias,Benguet,Cordillera Administrative Region (CAR),5,16.818408,120.833352,468,14,56,-90.7
4068,1380500021,Pag-asa,City of Mandaluyong,Second District (Not a Province),National Capital Region (NCR),5,14.586047,121.052708,410,1,4,-45.6
4069,0105520010,Nayom,Infanta,Pangasinan,Region I (Ilocos Region),5,15.81753,119.898613,176,34,136,-98.4
4070,0402120023,Santol,Tanza,Cavite,Region IV-A (CALABARZON),5,14.375032,120.873255,963,1,4,-56.9
4071,0403424059,San Mateo,City of San Pablo,Laguna,Region IV-A (CALABARZON),5,14.111977,121.299018,313,2,8,-87.7
4072,0301403008,Matangtubig,Baliuag,Bulacan,Region III (Central Luzon),5,14.954556,120.862406,298,4,16,-71.6
4073,1401105002,Amgaleyguey,Buguias,Benguet,Cordillera Administrative Region (CAR),5,16.736184,120.806477,276,15,60,-91
4074,0306903011,Bobon Caarosipan,Camiling,Tarlac,Region III (Central Luzon),5,15.677258,120.417907,58,4,16,-84.3
4075,0301407015,Longos,Calumpit,Bulacan,Region III (Central Luzon),5,14.875739,120.785905,382,2,8,-65.6
4076,0907322034,Muricay,City of Pagadian,Zamboanga del Sur,Region IX (Zamboanga Peninsula),5,7.825535,123.467017,271,42,168,-100
4077,1102319003,Bincungan,City of Tagum,Davao del Norte,Region XI (Davao Region),5,7.37413,125.777768,334,7,28,-78.6
4078,0105511068,Telbang,Bayambang,Pangasinan,Region I (Ilocos Region),5,15.797746,120.453466,214,2,8,-65.8
4079,0500509014,San Isidro Iraya,Malilipot,Albay,Region V (Bicol Region),5,13.331382,123.726578,398,6,24,-83.2
4080,1102315005,Cagangohan,City of Panabo,Davao del Norte,Region XI (Davao Region),5,7.279846,125.682701,1090,26,104,-94.7
4081,0402109050,Bucandala III,City of Imus,Cavite,Region IV-A (CALABARZON),5,14.406976,120.92611,780,1,4,-58.6
4082,1401113011,Tadiangan,Tuba,Benguet,Cordillera Administrative Region (CAR),5,16.425995,120.542274,736,12,48,-84.6
4083,0304917004,Bical,Science City of Muñoz,Nueva Ecija,Region III (Central Luzon),5,15.742937,120.901107,268,13,52,-86.2
4084,0402123026,Severino De Las Alas,Gen. Mariano Alvarez,Cavite,Region IV-A (CALABARZON),5,14.280677,121.016465,706,2,8,-64.2
4085,0201528010,Bulagao,Tuao,Cagayan,Region II (Cagayan Valley),5,17.686753,121.490996,298,8,32,-83.1
4086,0105545014,Malibong,Urbiztondo,Pangasinan,Region I (Ilocos Region),5,15.837507,120.316535,274,4,16,-75.5
4087,0402103006,Digman,City of Bacoor,Cavite,Region IV-A (CALABARZON),5,14.462359,120.943081,193,1,4,-43.8
4088,1430300012,Brookside,City of Baguio,Benguet,Cordillera Administrative Region (CAR),5,16.421461,120.601804,143,0,0,
4089,0102819016,Pagdilao,Pinili,Ilocos Norte,Region I (Ilocos Region),5,17.95106,120.525894,94,18,72,-87.5
4090,1381300096,San Antonio,Quezon City,Second District (Not a Province),National Capital Region (NCR),5,14.64695,121.016441,1898,1,4,-74.4
4091,0704604023,Okiot,City of Bais,Negros Oriental,Region VII (Central Visayas),5,9.595152,123.152998,314,20,80,-90
4092,0600401006,Linayasan,Altavas,Aklan,Region VI (Western Visayas),5,11.540244,122.474556,159,8,32,-87.9
4093,0506208001,Ariman,Gubat,Sorsogon,Region V (Bicol Region),5,12.90813,124.11609,135,4,16,-80.2
4094,0402102010,Pangil,Amadeo,Cavite,Region IV-A (CALABARZON),5,14.199064,120.905682,319,5,20,-75.6
4095,0402109086,Pinagbuklod,City of Imus,Cavite,Region IV-A (CALABARZON),5,14.451055,121.005155,167,0,0,
4096,0631000086,Lanit,City of Iloilo,Iloilo,Region VI (Western Visayas),5,10.772322,122.570812,636,0,0,
4097,0601914027,Dayao,City of Roxas,Capiz,Region VI (Western Visayas),5,11.58972,122.72554,427,1,4,-40.6
4098,0803738051,Don Felipe Larrazabal,Ormoc City,Leyte,Region VIII (Eastern Visayas),5,11.011152,124.60421,132,2,8,-61.7
4099,0305402010,Sampaloc,Apalit,Pampanga,Region III (Central Luzon),5,14.967287,120.756721,1067,6,24,-76.3
4100,0203108012,Cabaruan,City of Cauayan,Isabela,Region II (Cagayan Valley),5,16.954182,121.769389,674,3,12,-74.7
4101,0500516012,San Rafael Pob.,Santo Domingo,Albay,Region V (Bicol Region),5,13.236712,123.779423,40,0,0,
4102,0305408041,Santa Teresa 2nd,Lubao,Pampanga,Region III (Central Luzon),5,14.886935,120.563454,339,12,48,-90.9
4103,0405619013,Calumangin,Gumaca,Quezon,Region IV-A (CALABARZON),5,13.94939,122.031723,153,24,96,-93.3
4104,0704624001,Bagawines,Vallehermoso,Negros Oriental,Region VII (Central Visayas),5,10.357593,123.325425,477,9,36,-83.2
4105,0305416032,Santa Lucia,City of San Fernando,Pampanga,Region III (Central Luzon),5,15.024949,120.69251,803,0,0,
4106,1381100192,Barangay 192,Pasay City,Fourth District (Not a Province),National Capital Region (NCR),5,14.310603,121.067468,380,0,0,
4107,0803708038,Kilim,City of Baybay,Leyte,Region VIII (Eastern Visayas),5,10.712737,124.796597,286,44,176,-96.6
4108,0306909015,Camposanto 2,Moncada,Tarlac,Region III (Central Luzon),5,15.734512,120.568174,169,6,24,-89.1
4109,0201504014,Calamagui,Amulung,Cagayan,Region II (Cagayan Valley),5,17.846018,121.728365,141,21,84,-89.6
4110,0631000064,Guzman-Jesena,City of Iloilo,Iloilo,Region VI (Western Visayas),5,10.770644,122.565178,408,1,4,-67.7
4111,1206511006,Virginia Griño,City of Tacurong,Sultan Kudarat,Region XII (SOCCSKSARGEN),5,6.669099,124.677992,544,7,28,-91.7
4112,0201510016,Dugo,Camalaniugan,Cagayan,Region II (Cagayan Valley),5,18.250666,121.686153,142,4,16,-85.9
4113,0103314012,Biday,City of San Fernando,La Union,Region I (Ilocos Region),5,16.616692,120.332307,360,4,16,-75.7
4114,1381300011,Bagumbayan,Quezon City,Second District (Not a Province),National Capital Region (NCR),5,14.607816,121.082683,1933,3,12,-67
4115,1380200019,Talon Kuatro,City of Las Piñas,Fourth District (Not a Province),National Capital Region (NCR),5,14.435,121.003611,1454,2,8,-68.8
4116,0803731017,Poblacion,Mahaplag,Leyte,Region VIII (Eastern Visayas),5,10.60536,124.965849,295,88,352,-99.7
4117,0506205007,Colambis,Casiguran,Sorsogon,Region V (Bicol Region),5,12.875558,124.021184,101,11,44,-85.5
4118,0300802014,Saysain,Bagac,Bataan,Region III (Central Luzon),5,14.570316,120.394773,302,53,212,-98.1
4119,0402123009,Epifanio Malia,Gen. Mariano Alvarez,Cavite,Region IV-A (CALABARZON),5,14.315922,121.009532,386,1,4,-64
4120,0300803025,Cupang North,City of Balanga,Bataan,Region III (Central Luzon),5,14.684113,120.519418,221,1,4,-68.9
4121,0102906037,San Isidro,City of Candon,Ilocos Sur,Region I (Ilocos Region),5,17.188246,120.445959,148,1,4,-77.6
4122,0401004008,Palsara,Balete,Batangas,Region IV-A (CALABARZON),5,14.011133,121.100145,123,0,0,
4123,0304919011,Sapang Buho,City of Palayan,Nueva Ecija,Region III (Central Luzon),5,15.591225,121.124844,420,4,16,-75.4
4124,0402115018,Mabolo,Naic,Cavite,Region IV-A (CALABARZON),5,14.315378,120.745846,413,13,52,-95.4
4125,0304907016,Tagumpay,Gabaldon,Nueva Ecija,Region III (Central Luzon),5,15.483728,121.315283,240,6,24,-97
4126,0403424048,San Gabriel,City of San Pablo,Laguna,Region IV-A (CALABARZON),5,14.051468,121.311435,884,1,4,-44.5
4127,1381500003,Bambang,City of Taguig,Fourth District (Not a Province),National Capital Region (NCR),5,14.512786,121.053076,1154,1,4,-51.7
4128,0103317019,Poblacion,Santo Tomas,La Union,Region I (Ilocos Region),5,16.281287,120.381647,142,15,60,-98.8
4129,0102930020,Macabiag,Sinait,Ilocos Sur,Region I (Ilocos Region),5,17.864464,120.456572,71,59,236,-98.3
4130,0704601007,Tambojangin,Amlan,Negros Oriental,Region VII (Central Visayas),5,9.449025,123.21041,187,16,64,-95.5
4131,0501715010,Gimaga,Goa,Camarines Sur,Region V (Bicol Region),5,13.704057,123.476572,167,22,88,-95
4132,0401012005,Bagong Sikat,Lemery,Batangas,Region IV-A (CALABARZON),5,13.88315,120.915323,113,0,0,
4133,1600308028,Karaus,San Francisco,Agusan del Sur,Region XIII (Caraga),5,8.490564,125.97611,286,32,128,-97.7
4134,0305415008,Calzadang Bayu,Porac,Pampanga,Region III (Central Luzon),5,15.102597,120.580186,619,2,8,-72.5
4135,1380300004,Comembo,City of Makati,Fourth District (Not a Province),National Capital Region (NCR),5,14.546134,121.064473,667,2,8,-77.8
4136,0504121034,Sawang,Uson,Masbate,Region V (Bicol Region),5,12.232181,123.755584,114,81,324,-104.1
4137,0403426020,San Juan,Santa Cruz,Laguna,Region IV-A (CALABARZON),5,14.243885,121.406888,396,2,8,-72.5
4138,0300809012,Palihan,Orani,Bataan,Region III (Central Luzon),5,14.793449,120.518295,219,1,4,-77.4
4139,0402109034,Anabu I-G,City of Imus,Cavite,Region IV-A (CALABARZON),5,14.384426,120.911711,224,1,4,-72.5
4140,0301419025,Pinaod,San Ildefonso,Bulacan,Region III (Central Luzon),5,15.071972,120.962834,693,3,12,-71.3
4141,0305421002,Moras De La Paz,Sto. Tomas,Pampanga,Region III (Central Luzon),5,15.051617,120.663845,437,0,0,
4142,0604502021,Sagasa,City of Bago,Negros Occidental,Region VI (Western Visayas),5,10.468643,122.893295,410,11,44,-84.9
4143,0203114081,San Ignacio,City of Ilagan,Isabela,Region II (Cagayan Valley),5,17.19952,121.86529,266,20,80,-89
4144,0403424034,Bautista,City of San Pablo,Laguna,Region IV-A (CALABARZON),5,14.001799,121.285499,320,10,40,-82.1
4145,0102905033,Turod-Patac,Cabugao,Ilocos Sur,Region I (Ilocos Region),5,17.787578,120.454257,76,75,300,-98.9
4146,0401014071,Tambo,City of Lipa,Batangas,Region IV-A (CALABARZON),5,13.940712,121.146899,1079,1,4,-53.6
4147,0405645006,Bignay 1,Sariaya,Quezon,Region IV-A (CALABARZON),5,13.863005,121.488461,430,18,72,-92.2
4148,0401034016,Rillo,Tuy,Batangas,Region IV-A (CALABARZON),5,14.011275,120.72796,222,3,12,-80
4149,0803722011,Libertad,Isabel,Leyte,Region VIII (Eastern Visayas),5,10.908052,124.452143,420,71,284,-102.7
4150,0105517017,Nalsian,Calasiao,Pangasinan,Region I (Ilocos Region),5,16.021111,120.350278,580,1,4,-53.6
4151,0301419015,Gabihan,San Ildefonso,Bulacan,Region III (Central Luzon),5,15.048991,121.011073,332,5,20,-77.9
4152,0704625006,Mayabon,Zamboanguita,Negros Oriental,Region VII (Central Visayas),5,9.097129,123.180084,626,64,256,-100.3
4153,0506216011,Buhatan,City of Sorsogon,Sorsogon,Region V (Bicol Region),5,12.965823,124.056342,295,8,32,-80.4
4154,1102315032,San Vicente,City of Panabo,Davao del Norte,Region XI (Davao Region),5,7.309483,125.69965,1594,11,44,-89.3
4155,1001321020,Mailag,City of Valencia,Bukidnon,Region X (Northern Mindanao),5,7.971744,125.115564,680,19,76,-87.5
4156,0401025004,Bancoro,San Nicolas,Batangas,Region IV-A (CALABARZON),5,13.909512,120.968697,270,8,32,-83.6
4157,0201527039,Bauan West,Solana,Cagayan,Region II (Cagayan Valley),5,17.654595,121.661994,212,13,52,-90
4158,0402110002,Alulod,Indang,Cavite,Region IV-A (CALABARZON),5,14.206178,120.889447,470,1,4,-60.5
4159,0702223014,Dunggoan,Danao City,Cebu,Region VII (Central Visayas),5,10.554577,124.01913,590,6,24,-86.9
4160,0402119014,Neogan,City of Tagaytay,Cavite,Region IV-A (CALABARZON),5,14.098375,120.894133,312,1,4,-74.8
4161,0504103030,Tonga,Balud,Masbate,Region V (Bicol Region),5,12.068108,123.237913,76,177,708,-104.7
4162,1430300101,Santo Rosario,City of Baguio,Benguet,Cordillera Administrative Region (CAR),5,16.400166,120.586938,152,0,0,
4163,0603045005,Bagumbayan,Tigbauan,Iloilo,Region VI (Western Visayas),5,10.692945,122.387231,172,2,8,-64.1
4164,0501703004,Caricot,Bato,Camarines Sur,Region V (Bicol Region),5,13.356136,123.363893,39,5,20,-88.7
4165,0105511062,Tamaro,Bayambang,Pangasinan,Region I (Ilocos Region),5,15.827623,120.457433,153,2,8,-82.4
4166,0403405018,La Mesa,City of Calamba,Laguna,Region IV-A (CALABARZON),5,14.180915,121.156948,1751,1,4,-60.3
4167,0402106010,Sabang,City of Dasmariñas,Cavite,Region IV-A (CALABARZON),5,14.344045,120.926398,1610,1,4,-63.7
4168,0403411014,Timugan,Los Baños,Laguna,Region IV-A (CALABARZON),5,14.17805,121.222368,583,2,8,-65.2
4169,0704608004,Linothangan,City of Canlaon,Negros Oriental,Region VII (Central Visayas),5,10.38663,123.185237,335,12,48,-89.4
4170,0105517009,Gabon,Calasiao,Pangasinan,Region I (Ilocos Region),5,16.011389,120.361667,254,0,0,
4171,0205010027,Castillo Village,Kayapa,Nueva Vizcaya,Region II (Cagayan Valley),5,16.354735,120.892568,62,65,260,-100.7
4172,0306916052,Matatalaib,City of Tarlac,Tarlac,Region III (Central Luzon),5,15.496617,120.600026,2001,0,0,
4173,0402120007,Calibuyo,Tanza,Cavite,Region IV-A (CALABARZON),5,14.358442,120.806783,611,2,8,-63.4
4174,0702201007,Poblacion,Alcantara,Cebu,Region VII (Central Visayas),5,9.974312,123.405446,219,10,40,-92.3
4175,0803738018,Curva,Ormoc City,Leyte,Region VIII (Eastern Visayas),5,11.032324,124.524298,268,8,32,-83.1
4176,0403406014,Silangan,Calauan,Laguna,Region IV-A (CALABARZON),5,14.146474,121.300489,166,2,8,-76.2
4177,0201510018,Gang-ngo,Camalaniugan,Cagayan,Region II (Cagayan Valley),5,18.255357,121.695039,121,16,64,-88.4
4178,0304916023,Poblacion West,Lupao,Nueva Ecija,Region III (Central Luzon),5,15.87656,120.893504,130,5,20,-88.8
4179,0702251022,Luray II,City of Toledo,Cebu,Region VII (Central Visayas),5,10.380997,123.643953,383,1,4,-51
4180,0704621021,Santa Cruz Nuevo,City of Tanjay,Negros Oriental,Region VII (Central Visayas),5,9.531113,123.090958,409,43,172,-97.5
4181,0405601003,Ibabang Kinagunan,Agdangan,Quezon,Region IV-A (CALABARZON),5,13.871129,121.92726,110,15,60,-91.5
4182,0702231001,Antipolo,Medellin,Cebu,Region VII (Central Visayas),5,11.16047,123.959726,527,19,76,-96.4
4183,0501723015,La Opinion,Nabua,Camarines Sur,Region V (Bicol Region),5,13.38085,123.371626,403,2,8,-70.4
4184,0803708057,Plaridel,City of Baybay,Leyte,Region VIII (Eastern Visayas),5,10.564731,124.764555,293,68,272,-98.8
4185,0604519010,Guinpana-an,Moises Padilla,Negros Occidental,Region VI (Western Visayas),5,10.296932,123.114273,293,22,88,-92
4186,1206312009,Lumakil,Polomolok,South Cotabato,Region XII (SOCCSKSARGEN),5,6.214107,125.036498,328,39,156,-97.3
4187,0304912028,Santo Tomas South,Jaen,Nueva Ecija,Region III (Central Luzon),5,15.354464,120.914071,461,1,4,-72.4
4188,0306904004,Cutcut 1st,Capas,Tarlac,Region III (Central Luzon),5,15.32758,120.590842,968,1,4,-47.8
4189,0405634005,Bilucao,Pitogo,Quezon,Region IV-A (CALABARZON),5,13.809359,122.094146,64,37,148,-93.3
4190,0304924005,Luyos,San Antonio,Nueva Ecija,Region III (Central Luzon),5,15.283925,120.848209,350,6,24,-86.8
4191,0105501014,Poblacion East,Agno,Pangasinan,Region I (Ilocos Region),5,16.106301,119.807153,129,19,76,-95.1
4192,0402116006,San Rafael I,Noveleta,Cavite,Region IV-A (CALABARZON),5,14.422229,120.879746,116,0,0,
4193,0631000194,Yulo Drive,City of Iloilo,Iloilo,Region VI (Western Visayas),5,10.6833,122.518,288,0,0,
4194,0730600049,Mambaling,City of Cebu,Cebu,Region VII (Central Visayas),5,10.287844,123.881846,2859,2,8,-81
4195,0501723030,San Miguel,Nabua,Camarines Sur,Region V (Bicol Region),5,13.404279,123.374936,122,1,4,-71.3
4196,0806417027,Zone I,Sogod,Southern Leyte,Region VIII (Eastern Visayas),5,10.38749,124.980097,122,17,68,-103
4197,0702204009,Poblacion,Aloguinsan,Cebu,Region VII (Central Visayas),5,10.217883,123.551396,301,54,216,-96.5
4198,1004304001,Dampias,Binuangan,Misamis Oriental,Region X (Northern Mindanao),5,8.908189,124.786107,81,12,48,-92.6
4199,1600210003,Jagupit,Santiago,Agusan del Norte,Region XIII (Caraga),5,9.242415,125.557895,243,28,112,-95.4
4200,1705205058,Sapul,City of Calapan,Oriental Mindoro,MIMAROPA Region,5,13.36523,121.189829,347,10,40,-85.5
4201,0201529022,Cataggaman Viejo,Tuguegarao City,Cagayan,Region II (Cagayan Valley),5,17.596837,121.707163,356,8,32,-81.3
4202,0401026003,Balimbing,San Pascual,Batangas,Region IV-A (CALABARZON),5,13.793983,121.039401,173,0,0,
4203,0403411005,Baybayin,Los Baños,Laguna,Region IV-A (CALABARZON),5,14.170123,121.236043,146,7,28,-81.4
4204,0500509015,San Jose,Malilipot,Albay,Region V (Bicol Region),5,13.293469,123.758141,388,4,16,-73.6
4205,0501603030,Barangay VII,Daet,Camarines Norte,Region V (Bicol Region),5,14.116424,122.958031,145,0,0,
4206,1208007019,Malandag,Malungon,Sarangani,Region XII (SOCCSKSARGEN),5,6.286188,125.2574,1228,42,168,-96.2
4207,1731500058,Tagburos,City of Puerto Princesa,Palawan,MIMAROPA Region,5,9.820612,118.743786,821,82,328,-101.9
4208,1705214023,Zone IV,Socorro,Oriental Mindoro,MIMAROPA Region,5,13.058454,121.40384,176,44,176,-98.8
4209,0501718067,Taban-Fundado,Libmanan,Camarines Sur,Region V (Bicol Region),5,13.691878,123.055012,155,9,36,-79.9
4210,0500506070,Bgy. 56 - Taysan,City of Legazpi,Albay,Region V (Bicol Region),5,13.116609,123.744298,1115,4,16,-73.9
4211,0205015005,Lublub,Alfonso Castaneda,Nueva Vizcaya,Region II (Cagayan Valley),5,15.803,121.30444,352,114,456,-101.4
4212,0907333014,Tubod,Lakewood,Zamboanga del Sur,Region IX (Zamboanga Peninsula),5,7.806348,123.205163,306,76,304,-99.5
4213,0931700037,Lanzones,City of Zamboanga,Zamboanga del Sur,Region IX (Zamboanga Peninsula),5,6.986193,122.130446,320,63,252,-98.4
4214,0931700088,Tictapul,City of Zamboanga,Zamboanga del Sur,Region IX (Zamboanga Peninsula),5,7.404447,122.315049,306,139,556,-103.2
4215,0300803015,Pto. Rivas Itaas,City of Balanga,Bataan,Region III (Central Luzon),5,14.689858,120.556364,159,1,4,-76.9
4216,0304923035,San Gregorio,Rizal,Nueva Ecija,Region III (Central Luzon),5,15.705101,121.114972,156,14,56,-91.4
4217,0301420021,Bagong Buhay III,City of San Jose Del Monte,Bulacan,Region III (Central Luzon),5,14.825693,121.082469,511,3,12,-76.7
4218,1381300129,Vasra,Quezon City,Second District (Not a Province),National Capital Region (NCR),5,14.658869,121.046581,611,2,8,-68.1
4219,0305416012,Lara,City of San Fernando,Pampanga,Region III (Central Luzon),5,15.093976,120.611341,302,2,8,-64.3
4220,1381300115,Socorro,Quezon City,Second District (Not a Province),National Capital Region (NCR),5,14.621364,121.05831,2186,3,12,-75.1
4221,1381500012,Santa Ana,City of Taguig,Fourth District (Not a Province),National Capital Region (NCR),5,14.525545,121.075363,1829,0,0,
4222,1003502001,Abaga,Baloi,Lanao del Norte,Region X (Northern Mindanao),5,8.106884,124.216867,294,34,136,-96.9
4223,0501608006,Capacuan,Paracale,Camarines Norte,Region V (Bicol Region),5,14.248157,122.734999,191,9,36,-82.1
4224,0402111012,Wakas I,Kawit,Cavite,Region IV-A (CALABARZON),5,14.437131,120.895789,178,0,0,
4225,0102933035,Quirino,Tagudin,Ilocos Sur,Region I (Ilocos Region),5,16.936983,120.444754,54,35,140,-100
4226,1102319025,Magugpo South,City of Tagum,Davao del Norte,Region XI (Davao Region),5,7.448615,125.802305,953,2,8,-69
4227,0103307003,Baccuit Sur,Bauang,La Union,Region I (Ilocos Region),5,16.541075,120.320478,226,17,68,-97.7
4228,0401025006,Calangay,San Nicolas,Batangas,Region IV-A (CALABARZON),5,13.91929,120.941971,184,1,4,-51.9
4229,1400108010,Poblacion,La Paz,Abra,Cordillera Administrative Region (CAR),5,17.677713,120.688814,286,84,336,-103.1
4230,0403424041,San Antonio 2,City of San Pablo,Laguna,Region IV-A (CALABARZON),5,13.997296,121.333385,468,3,12,-69.3
4231,0301416012,San Roque,Paombong,Bulacan,Region III (Central Luzon),5,14.831892,120.786531,431,8,32,-96.8
4232,0402107003,Castaños Cerca,General Emilio Aguinaldo,Cavite,Region IV-A (CALABARZON),5,14.171928,120.806837,277,7,28,-79.5
4233,0702243027,Victoria,San Remigio,Cebu,Region VII (Central Visayas),5,10.936183,123.910948,178,37,148,-97
4234,0500507027,Matara,Libon,Albay,Region V (Bicol Region),5,13.300823,123.437961,62,6,24,-89.4
4235,0405619026,Mabini,Gumaca,Quezon,Region IV-A (CALABARZON),5,13.918286,122.09615,157,0,0,
4236,0402103028,Queens Row West,City of Bacoor,Cavite,Region IV-A (CALABARZON),5,14.415726,120.952713,986,0,0,
4237,0603044026,Labigan,Sara,Iloilo,Region VI (Western Visayas),5,11.246766,123.018768,109,3,12,-70.5
4238,0300801011,Wawa,Abucay,Bataan,Region III (Central Luzon),5,14.721433,120.541461,369,7,28,-89.6
4239,0105514018,Luciente 2.0,Bolinao,Pangasinan,Region I (Ilocos Region),5,16.368084,119.911393,320,41,164,-99.7
4240,0105501003,Bangan-Oda,Agno,Pangasinan,Region I (Ilocos Region),5,16.108639,119.830414,303,10,40,-85
4241,0405619037,Progreso,Gumaca,Quezon,Region IV-A (CALABARZON),5,13.907744,122.087768,249,21,84,-90.3
4242,0803739030,San Jose,Palo,Leyte,Region VIII (Eastern Visayas),5,11.169153,124.988398,414,1,4,-55.7
4243,0301407001,Balite,Calumpit,Bulacan,Region III (Central Luzon),5,14.898439,120.786426,449,0,0,
4244,0704624011,Poblacion,Vallehermoso,Negros Oriental,Region VII (Central Visayas),5,10.334277,123.326737,405,44,176,-97.9
4245,0307708018,Zarah,San Luis,Aurora,Region III (Central Luzon),5,15.732244,121.524365,169,50,200,-102.1
4246,0702212002,El Pardo,Boljoon,Cebu,Region VII (Central Visayas),5,9.666479,123.491564,281,27,108,-93.3
4247,1208007018,Malalag Cogon,Malungon,Sarangani,Region XII (SOCCSKSARGEN),5,6.405348,125.28898,375,62,248,-99.6
4248,0504121019,Marcella,Uson,Masbate,Region V (Bicol Region),5,12.246008,123.753518,155,37,148,-101.3
4249,0603047014,Malunang,Zarraga,Iloilo,Region VI (Western Visayas),5,10.820218,122.607797,117,2,8,-74.6
4250,0405645002,Balubal,Sariaya,Quezon,Region IV-A (CALABARZON),5,13.967771,121.536491,374,6,24,-80.4
4251,0201529003,Bagay,Tuguegarao City,Cagayan,Region II (Cagayan Valley),5,17.63287,121.70976,314,4,16,-78.3
4252,1705203024,Sagana,Bongabong,Oriental Mindoro,MIMAROPA Region,5,12.726385,121.500799,245,46,184,-97.5
4253,0306911007,Matindeg,Pura,Tarlac,Region III (Central Luzon),5,15.616298,120.6527,104,3,12,-70.9
4254,0600613001,Atabay,San Jose,Antique,Region VI (Western Visayas),5,10.7569,121.9429,176,0,0,
4255,0803701008,Balocawehay,Abuyog,Leyte,Region VIII (Eastern Visayas),5,10.711339,124.959112,291,113,452,-101.8
4256,0405601011,Sildora,Agdangan,Quezon,Region IV-A (CALABARZON),5,13.883505,121.918089,83,13,52,-87.5
4257,1102303003,Asuncion,Carmen,Davao del Norte,Region XI (Davao Region),5,7.353681,125.692434,153,43,172,-101.5
4258,0301418008,Dulong Malabon,Pulilan,Bulacan,Region III (Central Luzon),5,14.920653,120.817606,369,4,16,-77.8
4259,0401010024,Santo Niño,Ibaan,Batangas,Region IV-A (CALABARZON),5,13.85588,121.134343,315,3,12,-68.6
4260,0300806006,Landing,Limay,Bataan,Region III (Central Luzon),5,14.542157,120.594048,278,29,116,-95.6
4261,0405620010,Banugao,Infanta,Quezon,Region IV-A (CALABARZON),5,14.744753,121.626201,198,15,60,-96.9
4262,0307109013,Santiago,San Antonio,Zambales,Region III (Central Luzon),5,14.950498,120.100037,128,4,16,-81.4
4263,0501733018,Pugay,San Jose,Camarines Sur,Region V (Bicol Region),5,13.686016,123.51922,172,2,8,-65.8
4264,0403427007,Cambuja,Santa Maria,Laguna,Region IV-A (CALABARZON),5,14.462484,121.402258,213,8,32,-82.2
4265,0405801014,Mahabang Parang,Angono,Rizal,Region IV-A (CALABARZON),5,14.547585,121.189694,3022,2,8,-74.7
4266,0402118027,Malabag,Silang,Cavite,Region IV-A (CALABARZON),5,14.143293,120.964627,463,1,4,-57.5
4267,0702225012,Poblacion,Ginatilan,Cebu,Region VII (Central Visayas),5,9.571159,123.326599,260,46,184,-95.2
4268,0803740038,San Juan,Palompon,Leyte,Region VIII (Eastern Visayas),5,11.067504,124.378169,233,66,264,-103.3
4269,0304932003,Carmen,Zaragoza,Nueva Ecija,Region III (Central Luzon),5,15.445573,120.827809,338,7,28,-79.5
4270,0331400003,Barretto,City of Olongapo,Zambales,Region III (Central Luzon),5,14.843129,120.298863,1798,2,8,-61.7
4271,0304916006,J. U. Tienzo,Lupao,Nueva Ecija,Region III (Central Luzon),5,15.872282,120.90377,170,0,0,
4272,0401003026,Duhatan,Balayan,Batangas,Region IV-A (CALABARZON),5,13.940891,120.660558,144,6,24,-76.2
4273,1130700019,Binugao,City of Davao,Davao del Sur,Region XI (Davao Region),5,6.974721,125.478552,793,15,60,-91.6
4274,0401028028,Santa Maria,City of Sto. Tomas,Batangas,Region IV-A (CALABARZON),5,13.874919,120.999466,1544,3,12,-78.8
4275,0501605007,Luklukan Sur,Jose Panganiban,Camarines Norte,Region V (Bicol Region),5,14.306507,122.719159,313,30,120,-97.2
4276,0803726006,Libongao,Kananga,Leyte,Region VIII (Eastern Visayas),5,11.161684,124.561002,232,4,16,-78
4277,0501705029,San Pascual,Buhi,Camarines Sur,Region V (Bicol Region),5,13.420246,123.519907,88,1,4,-46.8
4278,0631000077,Jereos,City of Iloilo,Iloilo,Region VI (Western Visayas),5,10.770641,122.590792,260,1,4,-68.1
4279,0907322014,Dao,City of Pagadian,Zamboanga del Sur,Region IX (Zamboanga Peninsula),5,7.847664,123.428816,522,29,116,-98.7
4280,0301423013,Mahabang Parang,Santa Maria,Bulacan,Region III (Central Luzon),5,14.790171,120.962134,460,1,4,-53.8
4281,1381500001,Tanyag,City of Taguig,Fourth District (Not a Province),National Capital Region (NCR),5,14.508589,121.063011,2326,1,4,-69.8
4282,0600401005,Ginictan,Altavas,Aklan,Region VI (Western Visayas),5,11.534356,122.475671,129,3,12,-79.5
4283,0201527006,Bauan East,Solana,Cagayan,Region II (Cagayan Valley),5,17.71812,121.68807,201,23,92,-93.8
4284,0300805015,Pandatung,Hermosa,Bataan,Region III (Central Luzon),5,14.826261,120.470087,211,14,56,-91.9
4285,0401009009,Emmanuel,Cuenca,Batangas,Region IV-A (CALABARZON),5,13.881115,121.051597,199,0,0,
4286,0102916017,Poblacion Norte,Salcedo,Ilocos Sur,Region I (Ilocos Region),5,17.151222,120.537676,73,58,232,-97.8
4287,0102914017,Margaay,Narvacan,Ilocos Sur,Region I (Ilocos Region),5,17.42527,120.473961,210,34,136,-97.4
4288,0405804037,Layunan,Binangonan,Rizal,Region IV-A (CALABARZON),5,14.469542,121.193376,206,0,0,
4289,1381500009,Maharlika Village,City of Taguig,Fourth District (Not a Province),National Capital Region (NCR),5,14.497848,121.055053,2340,2,8,-92
4290,0304914005,San Casimiro,Licab,Nueva Ecija,Region III (Central Luzon),5,15.551916,120.782185,300,17,68,-86.3
4291,0501724009,Concepcion Grande,City of Naga,Camarines Sur,Region V (Bicol Region),5,13.61983,123.220522,793,1,4,-41
4292,0603026004,Cagamutan Norte,Leganes,Iloilo,Region VI (Western Visayas),5,10.812193,122.601295,202,2,8,-69.5
4293,0103315019,Poblacion,San Gabriel,La Union,Region I (Ilocos Region),5,16.674336,120.411681,230,59,236,-97.1
4294,0403417035,Poblacion III,Nagcarlan,Laguna,Region IV-A (CALABARZON),5,14.115804,121.427008,234,1,4,-84.8
4295,0300810003,Balagtas,Orion,Bataan,Region III (Central Luzon),5,14.629606,120.577673,174,4,16,-89.1
4296,0631000030,Calahunan,City of Iloilo,Iloilo,Region VI (Western Visayas),5,10.692749,122.525447,375,1,4,-47.8
4297,0305422012,Santo Tomas,Sasmuan,Pampanga,Region III (Central Luzon),5,14.947429,120.623167,257,7,28,-79.4
4298,0401034001,Acle,Tuy,Batangas,Region IV-A (CALABARZON),5,14.016487,120.733017,100,5,20,-82.3
4299,0704615005,Bolisong,Manjuyod,Negros Oriental,Region VII (Central Visayas),5,9.698365,123.156615,290,82,328,-101.1
4300,0501605001,Bagong Bayan,Jose Panganiban,Camarines Norte,Region V (Bicol Region),5,14.297145,122.688199,232,45,180,-100.6
4301,0403417040,San Francisco,Nagcarlan,Laguna,Region IV-A (CALABARZON),5,14.106424,121.423475,274,11,44,-87.5
4302,0401018003,District III,Mataasnakahoy,Batangas,Region IV-A (CALABARZON),5,13.981546,121.108828,290,3,12,-67.7
4303,0205706010,Ponggo,Nagtipunan,Quirino,Region II (Cagayan Valley),5,16.228005,121.60551,207,63,252,-102.6
4304,0402109066,Malagasang II-E,City of Imus,Cavite,Region IV-A (CALABARZON),5,14.360137,120.927638,220,0,0,
4305,1400101010,Dangdangla,Bangued,Abra,Cordillera Administrative Region (CAR),5,17.598979,120.628694,161,7,28,-91.5
4306,0205005021,Don Mariano Marcos,Bayombong,Nueva Vizcaya,Region II (Cagayan Valley),5,16.48307,121.15144,175,0,0,
4307,0603027021,Poblacion SE Zone,Lemery,Iloilo,Region VI (Western Visayas),5,11.211394,122.910796,225,28,112,-92.3
4308,0701230045,Napo,Loon,Bohol,Region VII (Central Visayas),5,9.79964,123.791083,108,51,204,-98.8
4309,0304911011,Bulakid,Guimba,Nueva Ecija,Region III (Central Luzon),5,15.658004,120.768226,52,0,0,
4310,0603034014,Cagbang,Oton,Iloilo,Region VI (Western Visayas),5,10.699388,122.502443,469,2,8,-72.8
4311,0305413021,Pandacaqui,Mexico,Pampanga,Region III (Central Luzon),5,15.180966,120.647198,2310,4,16,-77.3
4312,0301406014,Tibagan,Bustos,Bulacan,Region III (Central Luzon),5,14.957868,120.945993,582,1,4,-73.7
4313,0103303007,Baroro,Bacnotan,La Union,Region I (Ilocos Region),5,16.710225,120.340486,238,53,212,-101
4314,1381200014,Palatiw,City of Pasig,Second District (Not a Province),National Capital Region (NCR),5,14.564555,121.083018,2392,0,0,
4315,1381300009,Bagong Pag-asa,Quezon City,Second District (Not a Province),National Capital Region (NCR),5,14.663135,121.033759,2392,3,12,-68.6
4316,0803736010,Lamanoc,Merida,Leyte,Region VIII (Eastern Visayas),5,10.92671,124.548248,175,30,120,-97
4317,1004317006,Cabubuhan,Magsaysay,Misamis Oriental,Region X (Northern Mindanao),5,9.018192,125.193611,145,4,16,-73.3
4318,0403406005,Imok,Calauan,Laguna,Region IV-A (CALABARZON),5,14.122648,121.303086,253,3,12,-71
4319,0203101029,Santa Cruz,Alicia,Isabela,Region II (Cagayan Valley),5,16.771689,121.70396,193,12,48,-92.4
4320,0301417015,Poblacion,Plaridel,Bulacan,Region III (Central Luzon),5,14.884267,120.859434,347,2,8,-68.9
4321,0702213011,Don Gregorio Antigua,Borbon,Cebu,Region VII (Central Visayas),5,10.876223,123.977378,321,15,60,-89.7
4322,0603036009,Cabugao Norte,Pavia,Iloilo,Region VI (Western Visayas),5,10.791363,122.542709,224,3,12,-75
4323,0600413022,Tambuan,Malinao,Aklan,Region VI (Western Visayas),5,11.625167,122.300835,98,7,28,-79.1
4324,0105526001,Alitaya,Mangaldan,Pangasinan,Region I (Ilocos Region),5,16.032714,120.407941,394,2,8,-71.1
4325,0405640006,Talisay,San Andres,Quezon,Region IV-A (CALABARZON),5,13.232421,122.699872,414,111,444,-102.3
4326,0704611007,Bulado,City of Guihulngan,Negros Oriental,Region VII (Central Visayas),5,10.191234,123.286352,300,25,100,-92.4
4327,0306916076,Santa Cruz,City of Tarlac,Tarlac,Region III (Central Luzon),5,15.537193,120.596768,342,4,16,-79.5
4328,0402111002,Gahak,Kawit,Cavite,Region IV-A (CALABARZON),5,14.443664,120.910259,273,1,4,-61.2
4329,0105535013,San Bonifacio,San Manuel,Pangasinan,Region I (Ilocos Region),5,16.091899,120.663092,312,35,140,-98.2
4330,0500506012,Bgy. 16 - Kawit-East Washington Drive,City of Legazpi,Albay,Region V (Bicol Region),5,13.128997,123.760611,392,4,16,-87.5
4331,0702246004,Bahay,Sibonga,Cebu,Region VII (Central Visayas),5,9.991054,123.612105,456,19,76,-92.4
4332,1206511004,Carmen,City of Tacurong,Sultan Kudarat,Region XII (SOCCSKSARGEN),5,6.672143,124.682225,291,8,32,-93.5
4333,0402106047,Burol I,City of Dasmariñas,Cavite,Region IV-A (CALABARZON),5,14.326193,120.959976,1606,0,0,
4334,1380300021,Post Proper Northside,City of Makati,Fourth District (Not a Province),National Capital Region (NCR),5,14.553563,121.021852,2444,3,12,-70
4335,0506216052,Rawis,City of Sorsogon,Sorsogon,Region V (Bicol Region),5,13.03899,124.030865,126,24,96,-97.2
4336,0203126014,Luna,Roxas,Isabela,Region II (Cagayan Valley),5,17.11598,121.62483,125,3,12,-85.1
4337,1230800027,Tambler,City of General Santos,South Cotabato,Region XII (SOCCSKSARGEN),5,6.055624,125.142476,2512,81,324,-103.2
4338,0702222008,Casay,Dalaguete,Cebu,Region VII (Central Visayas),5,9.821666,123.550331,378,33,132,-94.9
4339,0702216015,Panalipan,Catmon,Cebu,Region VII (Central Visayas),5,10.649366,124.023889,329,35,140,-97.3
4340,0201512003,Barangay II,Enrile,Cagayan,Region II (Cagayan Valley),5,17.57049,121.678067,211,14,56,-86.3
4341,1400101022,Santa Rosa,Bangued,Abra,Cordillera Administrative Region (CAR),5,17.5864,120.60715,178,9,36,-86.1
4342,0305415026,Poblacion,Porac,Pampanga,Region III (Central Luzon),5,15.072351,120.538876,124,0,0,
4343,0305404002,Cabalantian,Bacolor,Pampanga,Region III (Central Luzon),5,15.020395,120.673485,488,1,4,-64
4344,0931700103,Victoria,City of Zamboanga,Zamboanga del Sur,Region IX (Zamboanga Peninsula),5,7.048978,122.193879,295,74,296,-99.2
4345,1430300088,Pinsao Proper,City of Baguio,Benguet,Cordillera Administrative Region (CAR),5,16.375279,120.542384,664,12,48,-87.6
4346,0305402005,Capalangan,Apalit,Pampanga,Region III (Central Luzon),5,14.92994,120.76741,588,2,8,-65.3
4347,0402103041,Mambog II,City of Bacoor,Cavite,Region IV-A (CALABARZON),5,14.440367,120.928011,662,0,0,
4348,1380700010,Santo Niño,City of Marikina,Second District (Not a Province),National Capital Region (NCR),5,14.639048,121.095812,2472,1,4,-70
4349,1003507010,Poblacion,Kauswagan,Lanao del Norte,Region X (Northern Mindanao),5,8.190611,124.086941,291,78,312,-99.5
4350,0803736018,Puerto Bello,Merida,Leyte,Region VIII (Eastern Visayas),5,10.985889,124.531331,354,11,44,-83
4351,0103301020,San Jose Sur,Agoo,La Union,Region I (Ilocos Region),5,16.312222,120.370556,148,3,12,-63.9
4352,0731100014,Looc,City of Lapu-Lapu,Cebu,Region VII (Central Visayas),5,10.304241,123.944829,1322,2,8,-67.7
4353,0300809003,Bayan,Orani,Bataan,Region III (Central Luzon),5,14.790201,120.519705,555,4,16,-86.7
4354,0601916014,Mianay,Sigma,Capiz,Region VI (Western Visayas),5,11.460278,122.69,309,14,56,-84.4
4355,0704608002,Binalbagan,City of Canlaon,Negros Oriental,Region VII (Central Visayas),5,10.377964,123.249473,211,3,12,-86.5
4356,0702227010,San Vicente,Liloan,Cebu,Region VII (Central Visayas),5,10.399207,123.976128,1055,1,4,-46.6
4357,0306913005,Catagudingan,San Clemente,Tarlac,Region III (Central Luzon),5,15.708214,120.366039,56,15,60,-93.5
4358,0604530006,Central Tabao,Valladolid,Negros Occidental,Region VI (Western Visayas),5,10.41164,122.871011,296,4,16,-83.7
4359,0506211006,Banacud,Magallanes,Sorsogon,Region V (Bicol Region),5,12.827856,123.835906,88,10,40,-90.7
4360,0304903056,Padre Crisostomo,City of Cabanatuan,Nueva Ecija,Region III (Central Luzon),5,15.517288,120.973818,402,6,24,-84
4361,1600301023,Santa Irene,City of Bayugan,Agusan del Sur,Region XIII (Caraga),5,8.742212,125.764723,352,29,116,-98.7
4362,0203135021,Nabbuan,City of Santiago,Isabela,Region II (Cagayan Valley),5,16.68069,121.56485,319,12,48,-87.3
4363,0402110003,Banaba Cerca,Indang,Cavite,Region IV-A (CALABARZON),5,14.214625,120.852793,312,4,16,-72.9
4364,0402109015,Malagasang II-A,City of Imus,Cavite,Region IV-A (CALABARZON),5,14.373223,120.928389,1500,1,4,-57.5
4365,0105528004,Baloling,Mapandan,Pangasinan,Region I (Ilocos Region),5,16.037242,120.457144,369,6,24,-77.6
4366,0300804033,San Benito,Dinalupihan,Bataan,Region III (Central Luzon),5,14.848012,120.424815,257,4,16,-79.3
4367,0603039006,Cabugao Viejo,San Enrique,Iloilo,Region VI (Western Visayas),5,11.07544,122.66053,110,9,36,-95.2
4368,0500507036,Sampongan,Libon,Albay,Region V (Bicol Region),5,13.301195,123.438185,33,1,4,-71
4369,0105512020,Sta. Catalina,Binalonan,Pangasinan,Region I (Ilocos Region),5,16.058352,120.600744,220,5,20,-83.8
4370,0102822010,Laureta,Solsona,Ilocos Norte,Region I (Ilocos Region),5,18.091164,120.769748,119,39,156,-99.9
4371,0704610014,Junob,City of Dumaguete,Negros Oriental,Region VII (Central Visayas),5,9.291645,123.285688,629,1,4,-61.5
4372,0601914040,Mongpong,City of Roxas,Capiz,Region VI (Western Visayas),5,11.593497,122.771335,433,20,80,-100.2
4373,0305407019,San Miguel,Guagua,Pampanga,Region III (Central Luzon),5,14.982075,120.648101,406,3,12,-66.6
4374,1600303011,Guadalupe,Esperanza,Agusan del Sur,Region XIII (Caraga),5,8.662133,125.709747,317,89,356,-102
4375,1001317007,Cawayan,Quezon,Bukidnon,Region X (Northern Mindanao),5,7.703378,125.111343,85,2,8,-89.4
4376,0401011011,Gulod,Laurel,Batangas,Region IV-A (CALABARZON),5,14.033109,120.941084,265,14,56,-87.4
4377,0304904006,Maligaya,Cabiao,Nueva Ecija,Region III (Central Luzon),5,15.249188,120.859853,259,4,16,-86
4378,0401009021,Barangay 7,Cuenca,Batangas,Region IV-A (CALABARZON),5,13.905625,121.048276,186,2,8,-92.9
4379,0908313029,Monching,Siay,Zamboanga Sibugay,Region IX (Zamboanga Peninsula),5,7.728234,122.84375,294,160,640,-104
4380,0601905015,Santa Cruz,Ivisan,Capiz,Region VI (Western Visayas),5,11.520556,122.709444,168,2,8,-62.8
4381,0300805004,Balsic,Hermosa,Bataan,Region III (Central Luzon),5,14.863691,120.490085,682,1,4,-65.8
4382,0601912025,Tabuc,Pontevedra,Capiz,Region VI (Western Visayas),5,11.462115,122.861914,313,34,136,-95.1
4383,0506213011,Calongay,Pilar,Sorsogon,Region V (Bicol Region),5,12.940858,123.67195,147,7,28,-80.1
4384,0431200022,Ibabang Talim,City of Lucena,Quezon,Region IV-A (CALABARZON),5,13.915694,121.577682,287,15,60,-90.6
4385,0304928018,Santo Rosario,Santa Rosa,Nueva Ecija,Region III (Central Luzon),5,15.433843,120.889409,272,8,32,-80.2
4386,0401022012,Dagatan,San Jose,Batangas,Region IV-A (CALABARZON),5,13.850166,121.102623,268,4,16,-75
4387,0306907011,Laungcupang,La Paz,Tarlac,Region III (Central Luzon),5,15.454504,120.702997,184,9,36,-84.7
4388,0304930049,Sampaloc,Talavera,Nueva Ecija,Region III (Central Luzon),5,15.588476,120.931816,167,11,44,-87.3
4389,0103306021,Nagsabaran,Bangar,La Union,Region I (Ilocos Region),5,16.895148,120.415846,121,28,112,-101.9
4390,0402106019,Zone IV,City of Dasmariñas,Cavite,Region IV-A (CALABARZON),5,14.323054,120.954748,350,0,0,
4391,0704603022,West Poblacion,Bacong,Negros Oriental,Region VII (Central Visayas),5,9.247238,123.295739,54,17,68,-97.2
4392,0105531036,Don Antonio Village,Rosales,Pangasinan,Region I (Ilocos Region),5,15.891483,120.627211,72,3,12,-85.2
4393,0402104016,Barangay 5,Carmona,Cavite,Region IV-A (CALABARZON),5,14.311257,121.039804,50,0,0,
4394,0504111028,Tugbo,City of Masbate,Masbate,Region V (Bicol Region),5,12.350668,123.639592,626,2,8,-70.9
4395,1130700002,Agdao,City of Davao,Davao del Sur,Region XI (Davao Region),5,7.089658,125.627542,639,0,0,
4396,0402103027,Queens Row East,City of Bacoor,Cavite,Region IV-A (CALABARZON),5,14.438416,120.981098,1706,1,4,-61.4
4397,0301423022,Sta. Cruz,Santa Maria,Bulacan,Region III (Central Luzon),5,14.83585,120.97446,1018,0,0,
4398,0401022022,Pinagtung-Ulan,San Jose,Batangas,Region IV-A (CALABARZON),5,13.923522,121.083211,406,3,12,-73.7
4399,0103302025,Santa Rita West,Aringay,La Union,Region I (Ilocos Region),5,16.353227,120.345054,296,25,100,-96.1
4400,0306910023,Patalan,Paniqui,Tarlac,Region III (Central Luzon),5,15.645195,120.571597,260,6,24,-82.5
4401,0631000019,Bito-on,City of Iloilo,Iloilo,Region VI (Western Visayas),5,10.750019,122.589853,499,9,36,-93.7
4402,0500518007,Cale,Tiwi,Albay,Region V (Bicol Region),5,13.463918,123.653629,440,9,36,-89.4
4403,0701242010,Poblacion I,City of Tagbilaran,Bohol,Region VII (Central Visayas),5,9.655656,123.868007,222,0,0,
4404,0506208016,Cota Na Daco,Gubat,Sorsogon,Region V (Bicol Region),5,12.92577,124.123351,133,0,0,
4405,0401028027,Santa Elena,City of Sto. Tomas,Batangas,Region IV-A (CALABARZON),5,13.873752,121.077637,330,1,4,-62.5
4406,0304919020,Santolan,City of Palayan,Nueva Ecija,Region III (Central Luzon),5,15.517692,121.111444,187,13,52,-89.7
4407,0402117018,Sapa IV,Rosario,Cavite,Region IV-A (CALABARZON),5,14.403109,120.865814,90,1,4,-56.1
4408,0205703001,Andres Bonifacio,Diffun,Quirino,Region II (Cagayan Valley),5,16.600418,121.503558,275,12,48,-87.5
4409,1705202013,Proper Tiguisan,Bansud,Oriental Mindoro,MIMAROPA Region,5,12.832373,121.473985,178,37,148,-98.1
4410,0305411012,San Miguel,Magalang,Pampanga,Region III (Central Luzon),5,15.225274,120.657985,222,2,8,-77.7
4411,0301421019,Cambio,San Miguel,Bulacan,Region III (Central Luzon),5,15.176577,120.998786,199,2,8,-67.2
4412,0301422021,Pasong Intsik,San Rafael,Bulacan,Region III (Central Luzon),5,15.010598,120.969399,134,2,8,-78.8
4413,0500504045,San Rafael,Guinobatan,Albay,Region V (Bicol Region),5,13.173924,123.594009,324,7,28,-85.3
4414,1108203002,Cadunan,Mabini,Davao de Oro,Region XI (Davao Region),5,7.33093,125.857877,377,7,28,-86.1
4415,0301413020,Partida,Norzagaray,Bulacan,Region III (Central Luzon),5,14.89344,121.02858,612,6,24,-77
4416,0603005010,Kinalkalan,Balasan,Iloilo,Region VI (Western Visayas),5,11.476492,123.082535,105,5,20,-83
4417,0304902012,Lusok,Bongabon,Nueva Ecija,Region III (Central Luzon),5,15.603902,121.142649,219,2,8,-75.2
4418,0102822009,Juan,Solsona,Ilocos Norte,Region I (Ilocos Region),5,18.110802,120.785925,198,74,296,-102.6
4419,0301410039,Pinagbakahan,City of Malolos,Bulacan,Region III (Central Luzon),5,14.875278,120.819468,678,1,4,-63.1
4420,1381300077,Pansol,Quezon City,Second District (Not a Province),National Capital Region (NCR),5,14.665879,121.07135,2677,4,16,-72.1
4421,0603016001,Abangay,Dingle,Iloilo,Region VI (Western Visayas),5,10.959895,122.654342,197,12,48,-85.5
4422,0402105044,Barangay 49,City of Cavite,Cavite,Region IV-A (CALABARZON),5,14.424782,120.891912,130,0,0,
4423,0305411020,Santa Cruz,Magalang,Pampanga,Region III (Central Luzon),5,15.210337,120.662139,582,2,8,-67
4424,0105506017,Poblacion West,Asingan,Pangasinan,Region I (Ilocos Region),5,16.003108,120.669328,130,1,4,-76.7
4425,1380400002,Baritan,City of Malabon,Third District (Not a Province),National Capital Region (NCR),5,14.671696,120.949271,1157,0,0,
4426,0402112002,Bendita I,Magallanes,Cavite,Region IV-A (CALABARZON),5,14.161012,120.751959,186,5,20,-78.2
4427,1401111008,Paco,Mankayan,Benguet,Cordillera Administrative Region (CAR),5,16.867206,120.779295,427,35,140,-98.3
4428,0401012024,Matingain I,Lemery,Batangas,Region IV-A (CALABARZON),5,13.90902,120.886777,324,15,60,-88.9
4429,0306910014,Coral,Paniqui,Tarlac,Region III (Central Luzon),5,15.660146,120.57238,187,2,8,-67.5
4430,0402118010,Bucal,Silang,Cavite,Region IV-A (CALABARZON),5,14.283047,120.960189,194,1,4,-82.2
4431,1380400016,San Agustin,City of Malabon,Third District (Not a Province),National Capital Region (NCR),5,14.662222,120.9525,931,0,0,
4432,0604530013,Palaka,Valladolid,Negros Occidental,Region VI (Western Visayas),5,10.403957,122.876329,272,12,48,-86.6
4433,0500508027,Layon,City of Ligao,Albay,Region V (Bicol Region),5,13.241137,123.562437,247,2,8,-73.6
4434,1705215016,Ordovilla,Victoria,Oriental Mindoro,MIMAROPA Region,5,13.171598,121.267173,172,40,160,-98.3
4435,0304903010,Bantug Bulalo,City of Cabanatuan,Nueva Ecija,Region III (Central Luzon),5,15.489941,120.975806,188,0,0,
4436,0403415006,Bucal,Magdalena,Laguna,Region IV-A (CALABARZON),5,14.197499,121.429114,49,2,8,-75.2
4437,0501603001,Alawihao,Daet,Camarines Norte,Region V (Bicol Region),5,14.109654,122.930237,848,4,16,-79.1
4438,0305416029,San Juan,City of San Fernando,Pampanga,Region III (Central Luzon),5,15.019246,120.680552,454,2,8,-63.4
4439,0307701009,Pingit,Baler,Aurora,Region III (Central Luzon),5,15.741493,121.556539,383,29,116,-101.1
4440,0702248008,Ilihan,Tabogon,Cebu,Region VII (Central Visayas),5,10.902361,123.967472,308,15,60,-86.1
4441,0701201005,East Poblacion,Alburquerque,Bohol,Region VII (Central Visayas),5,9.610862,123.956751,170,87,348,-103.9
4442,0803738057,Lao,Ormoc City,Leyte,Region VIII (Eastern Visayas),5,11.026465,124.551463,354,4,16,-74.3
4443,0307103012,Panayonan,Candelaria,Zambales,Region III (Central Luzon),5,15.622677,119.93976,101,0,0,
4444,0631000168,Santo Niño Sur,City of Iloilo,Iloilo,Region VI (Western Visayas),5,10.680717,122.500368,685,23,92,-99.3
4445,0500517003,Bangkilingan,City of Tabaco,Albay,Region V (Bicol Region),5,13.34851,123.707804,355,1,4,-80.5
4446,0402109027,Alapan I-C,City of Imus,Cavite,Region IV-A (CALABARZON),5,14.424734,120.931182,1162,0,0,
4447,1102509009,Dawan,City of Mati,Davao Oriental,Region XI (Davao Region),5,6.907498,126.166981,341,84,336,-100.9
4448,0803748040,Buntay,Tanauan,Leyte,Region VIII (Eastern Visayas),5,11.110872,125.016821,76,0,0,
4449,0305411019,San Vicente,Magalang,Pampanga,Region III (Central Luzon),5,15.201268,120.683692,343,9,36,-84.9
4450,0103306006,Barraca,Bangar,La Union,Region I (Ilocos Region),5,16.898443,120.418617,110,12,48,-102.9
4451,1705110026,Labangan Poblacion,San Jose,Occidental Mindoro,MIMAROPA Region,5,12.358767,121.084984,778,8,32,-90.6
4452,0306916069,San Nicolas,City of Tarlac,Tarlac,Region III (Central Luzon),5,15.492706,120.594682,546,1,4,-69.7
4453,0105530026,Poblacion I,Pozorrubio,Pangasinan,Region I (Ilocos Region),5,16.118978,120.53577,184,1,4,-54.3
4454,0301419034,Sumandig,San Ildefonso,Bulacan,Region III (Central Luzon),5,15.076709,120.983398,216,3,12,-67.1
4455,0631000099,Burgos-Mabini-Plaza,City of Iloilo,Iloilo,Region VI (Western Visayas),5,10.717262,122.565643,133,0,0,
4456,0907322045,Tiguma,City of Pagadian,Zamboanga del Sur,Region IX (Zamboanga Peninsula),5,7.841488,123.456829,1016,13,52,-95.3
4457,0203114033,Calamagui 1st,City of Ilagan,Isabela,Region II (Cagayan Valley),5,17.13776,121.86859,320,3,12,-76.8
4458,1380200006,Pamplona Uno,City of Las Piñas,Fourth District (Not a Province),National Capital Region (NCR),5,14.458056,120.97,1584,0,0,
4459,0501604006,Mampurog,San Lorenzo Ruiz,Camarines Norte,Region V (Bicol Region),5,14.045801,122.884351,214,9,36,-81.4
4460,0704611006,Buenavista,City of Guihulngan,Negros Oriental,Region VII (Central Visayas),5,10.138364,123.247085,368,43,172,-99.4
4461,1600201002,Agong-ong,Buenavista,Agusan del Norte,Region XIII (Caraga),5,8.976623,125.409174,123,4,16,-87
4462,0304908014,Santa Cruz,City of Gapan,Nueva Ecija,Region III (Central Luzon),5,15.288914,120.979638,344,10,40,-83.6
4463,0105532048,Malacañang,City of San Carlos,Pangasinan,Region I (Ilocos Region),5,15.900483,120.348936,322,6,24,-73.2
4464,0402107013,Poblacion III,General Emilio Aguinaldo,Cavite,Region IV-A (CALABARZON),5,14.184304,120.797654,118,1,4,-86.5
4465,0201523003,Centro,Santa Ana,Cagayan,Region II (Cagayan Valley),5,18.455039,122.144147,499,49,196,-100.1
4466,0305403018,Poblacion,Arayat,Pampanga,Region III (Central Luzon),5,15.148854,120.771042,175,0,0,
4467,0604512004,Barangay I,Hinoba-an,Negros Occidental,Region VI (Western Visayas),5,9.599009,122.469015,286,52,208,-98.9
4468,0702205041,Talo-ot,Argao,Cebu,Region VII (Central Visayas),5,9.954349,123.617078,342,22,88,-93.4
4469,1600301011,Noli,City of Bayugan,Agusan del Sur,Region XIII (Caraga),5,8.742768,125.723334,373,25,100,-90.6
4470,0306916064,San Juan de Mata,City of Tarlac,Tarlac,Region III (Central Luzon),5,15.535495,120.528841,354,48,192,-98.3
4471,0405645044,Tumbaga 1,Sariaya,Quezon,Region IV-A (CALABARZON),5,13.936304,121.529912,346,4,16,-72.6
4472,0500506046,Bgy. 41 - Bogtong,City of Legazpi,Albay,Region V (Bicol Region),5,13.161061,123.733111,373,1,4,-66.5
4473,0931700076,Santa Maria,City of Zamboanga,Zamboanga del Sur,Region IX (Zamboanga Peninsula),5,6.929097,122.065813,2097,45,180,-102.6
4474,0907322002,Balangasan,City of Pagadian,Zamboanga del Sur,Region IX (Zamboanga Peninsula),5,7.823589,123.420012,1209,8,32,-92.3
4475,0301406001,Bonga Mayor,Bustos,Bulacan,Region III (Central Luzon),5,14.954331,120.939197,582,0,0,
4476,0305411024,Santo Rosario,Magalang,Pampanga,Region III (Central Luzon),5,15.24488,120.638415,416,5,20,-77.4
4477,0105543015,Barangay B,Tayug,Pangasinan,Region I (Ilocos Region),5,16.025487,120.748013,129,0,0,
4478,1102319019,San Isidro,City of Tagum,Davao del Norte,Region XI (Davao Region),5,7.391097,125.789032,395,4,16,-78
4479,1731500026,Manalo,City of Puerto Princesa,Palawan,MIMAROPA Region,5,9.963275,118.829006,233,115,460,-102.2
4480,0501724011,Dayangdang,City of Naga,Camarines Sur,Region V (Bicol Region),5,13.623619,123.219675,294,0,0,
4481,0105526008,Buenlag,Mangaldan,Pangasinan,Region I (Ilocos Region),5,16.050127,120.412986,377,2,8,-66.7
4482,0501606041,Masalong,Labo,Camarines Norte,Region V (Bicol Region),5,14.169266,122.807516,260,9,36,-86.1
4483,0501608022,Poblacion Norte,Paracale,Camarines Norte,Region V (Bicol Region),5,14.252793,122.786644,288,5,20,-78.4
4484,0730600002,Agsungot,City of Cebu,Cebu,Region VII (Central Visayas),5,10.434573,123.911051,260,14,56,-93.2
4485,0701232004,Anislag,Maribojoc,Bohol,Region VII (Central Visayas),5,9.737641,123.850147,79,11,44,-92
4486,0405801013,Santo Niño,Angono,Rizal,Region IV-A (CALABARZON),5,14.544583,121.155228,193,1,4,-69.3
4487,0500506049,Bgy. 51 - Buyuan,City of Legazpi,Albay,Region V (Bicol Region),5,13.203496,123.742608,319,10,40,-84.1
4488,0307106012,Taltal,Masinloc,Zambales,Region III (Central Luzon),5,15.57451,119.947554,398,14,56,-88.7
4489,0301417005,Bintog,Plaridel,Bulacan,Region III (Central Luzon),5,14.901534,120.890643,411,3,12,-68.8
4490,0307707007,Barangay III,Maria Aurora,Aurora,Region III (Central Luzon),5,15.7972,121.475104,62,45,180,-98.9
4491,0702234018,Naalad,City of Naga,Cebu,Region VII (Central Visayas),5,10.209354,123.744518,286,5,20,-79
4492,0105517007,Dinalaoan,Calasiao,Pangasinan,Region I (Ilocos Region),5,15.995556,120.341111,346,2,8,-65.9
4493,0402106052,Fatima III,City of Dasmariñas,Cavite,Region IV-A (CALABARZON),5,14.352238,120.980853,342,1,4,-56.2
4494,0401022008,Banaybanay II,San Jose,Batangas,Region IV-A (CALABARZON),5,13.921181,121.105963,387,1,4,-41.9
4495,0305408016,San Isidro,Lubao,Pampanga,Region III (Central Luzon),5,14.88467,120.524269,334,4,16,-74.8
4496,0402118019,Lalaan I,Silang,Cavite,Region IV-A (CALABARZON),5,14.182088,120.962991,568,3,12,-71.9
4497,0803739022,Cavite West,Palo,Leyte,Region VIII (Eastern Visayas),5,11.15829,124.98813,161,1,4,-35.9
4498,0501721002,Amparado,Milaor,Camarines Sur,Region V (Bicol Region),5,13.596518,123.178305,30,1,4,-83.6
4499,0300809029,Tagumpay,Orani,Bataan,Region III (Central Luzon),5,14.783574,120.525668,222,4,16,-89.5
4500,0401014052,Quezon,City of Lipa,Batangas,Region IV-A (CALABARZON),5,13.944386,121.180503,164,1,4,-48.4
4501,0304902014,Magtanggol,Bongabon,Nueva Ecija,Region III (Central Luzon),5,15.634384,121.147916,134,4,16,-75.7
4502,0203137014,Carpentero,Tumauini,Isabela,Region II (Cagayan Valley),5,17.271305,121.809174,87,8,32,-87.2
4503,0301423008,Caysio,Santa Maria,Bulacan,Region III (Central Luzon),5,14.846108,120.968517,1342,1,4,-66.5
4504,1381000006,Tambo,City of Parañaque,Fourth District (Not a Province),National Capital Region (NCR),5,14.516667,120.996944,2882,4,16,-70.1
4505,0307101017,Porac,Botolan,Zambales,Region III (Central Luzon),5,15.252048,120.017172,296,64,256,-99
4506,1003503015,Poblacion,Baroy,Lanao del Norte,Region X (Northern Mindanao),5,8.024959,123.780036,216,29,116,-96.9
4507,1600201003,Alubijid,Buenavista,Agusan del Norte,Region XIII (Caraga),5,8.938747,125.45739,334,32,128,-95.9
4508,0806417038,San Miguel,Sogod,Southern Leyte,Region VIII (Eastern Visayas),5,10.39878,124.98523,146,48,192,-103.3
4509,0701233008,Poblacion,Panglao,Bohol,Region VII (Central Visayas),5,9.580682,123.752969,460,83,332,-103.9
4510,0301420012,Citrus,City of San Jose Del Monte,Bulacan,Region III (Central Luzon),5,14.848152,121.064918,2051,0,0,
4511,1003523012,Kalanganan East,Pantar,Lanao del Norte,Region X (Northern Mindanao),5,8.082844,124.251231,268,33,132,-96.7
4512,0506211008,Behia,Magallanes,Sorsogon,Region V (Bicol Region),5,12.820884,123.820331,197,45,180,-99.7
4513,0305409017,Marcos Village,Mabalacat City,Pampanga,Region III (Central Luzon),5,15.203132,120.49505,394,39,156,-99.2
4514,0301411008,Patubig,Marilao,Bulacan,Region III (Central Luzon),5,14.778725,120.960302,754,0,0,
4515,0403419002,Biñan,Pagsanjan,Laguna,Region IV-A (CALABARZON),5,14.253042,121.451692,641,3,12,-71
4516,1102301008,Cabaywa,Asuncion,Davao del Norte,Region XI (Davao Region),5,7.564975,125.756406,287,69,276,-98.7
4517,0704610003,Balugo,City of Dumaguete,Negros Oriental,Region VII (Central Visayas),5,9.307932,123.261291,338,13,52,-90.3
4518,0102820007,San Eugenio,San Nicolas,Ilocos Norte,Region I (Ilocos Region),5,18.16487,120.59139,84,3,12,-71.2
4519,1004302003,Baliwagan,Balingasag,Misamis Oriental,Region X (Northern Mindanao),5,8.709495,124.784117,299,12,48,-87
4520,0500516023,Santa Misericordia,Santo Domingo,Albay,Region V (Bicol Region),5,13.254805,123.758685,238,5,20,-80.7
4521,0603044016,Del Castillo,Sara,Iloilo,Region VI (Western Visayas),5,11.264781,123.003189,176,23,92,-94.4
4522,0305411014,San Nicolas 2nd,Magalang,Pampanga,Region III (Central Luzon),5,15.228372,120.676543,341,13,52,-88.2
4523,1705209010,Lumambayan,Pinamalayan,Oriental Mindoro,MIMAROPA Region,5,13.029961,121.461469,211,13,52,-92.6
4524,0105511020,Buayaen,Bayambang,Pangasinan,Region I (Ilocos Region),5,15.788364,120.451639,261,11,44,-89.8
4525,1430300006,Happy Hollow,City of Baguio,Benguet,Cordillera Administrative Region (CAR),5,16.402436,120.625086,212,3,12,-71.1
4526,1400101004,Bangbangar,Bangued,Abra,Cordillera Administrative Region (CAR),5,17.605629,120.610692,193,13,52,-93.9
4527,0301417020,Sipat,Plaridel,Bulacan,Region III (Central Luzon),5,14.89795,120.82979,701,1,4,-56.1
4528,0907311010,Diplo,Kumalarang,Zamboanga del Sur,Region IX (Zamboanga Peninsula),5,7.782768,123.11677,302,65,260,-98.4
4529,0603045042,Napnapan Norte,Tigbauan,Iloilo,Region VI (Western Visayas),5,10.682553,122.397573,176,9,36,-98.1
4530,0105525031,Nalsian,Manaoag,Pangasinan,Region I (Ilocos Region),5,16.033772,120.497834,234,3,12,-77.7
4531,0405607042,Lagay,Calauag,Quezon,Region IV-A (CALABARZON),5,14.091194,122.215272,58,114,456,-101.7
4532,0504113018,Pinamarbuhan,Mobo,Masbate,Region V (Bicol Region),5,12.343405,123.648616,260,5,20,-86.7
4533,1400101006,Calaba,Bangued,Abra,Cordillera Administrative Region (CAR),5,17.613269,120.619079,378,15,60,-94.5
4534,1381300067,Milagrosa,Quezon City,Second District (Not a Province),National Capital Region (NCR),5,14.62179,121.068245,507,0,0,
4535,0603006008,Bularan,Banate,Iloilo,Region VI (Western Visayas),5,11.004177,122.821999,86,37,148,-96.5
4536,1705211003,Dulangan,Puerto Galera,Oriental Mindoro,MIMAROPA Region,5,13.467735,120.974766,306,29,116,-95.3
4537,0931700054,Muti,City of Zamboanga,Zamboanga del Sur,Region IX (Zamboanga Peninsula),5,7.278568,122.268488,297,77,308,-100.9
4538,0304921003,Las Piñas,Peñaranda,Nueva Ecija,Region III (Central Luzon),5,15.372862,120.996369,314,6,24,-77.3
4539,0301416009,San Isidro I,Paombong,Bulacan,Region III (Central Luzon),5,14.836823,120.779972,307,1,4,-63.5
4540,0831600124,Barangay 91,City of Tacloban,Leyte,Region VIII (Eastern Visayas),5,11.236607,124.984541,745,31,124,-99.5
4541,1206317003,Bunao,Tupi,South Cotabato,Region XII (SOCCSKSARGEN),5,6.320004,124.935914,484,65,260,-100.6
4542,0603045032,Dorong-an,Tigbauan,Iloilo,Region VI (Western Visayas),5,10.69915,122.369988,222,47,188,-101.6
4543,0600411008,Calangcang,Makato,Aklan,Region VI (Western Visayas),5,11.701236,122.299057,170,5,20,-79.7
4544,0603018014,Cansilayan,Dumangas,Iloilo,Region VI (Western Visayas),5,10.8333,122.717,118,20,80,-98.1
4545,0301415017,Real de Cacarong,Pandi,Bulacan,Region III (Central Luzon),5,14.916528,120.976248,418,4,16,-75.7
4546,0401011006,Bugaan East,Laurel,Batangas,Region IV-A (CALABARZON),5,14.042778,120.939112,185,6,24,-84.5
4547,0306903066,Tambugan,Camiling,Tarlac,Region III (Central Luzon),5,15.698158,120.419148,128,2,8,-91.7
4548,0105519016,Tambac,Dasol,Pangasinan,Region I (Ilocos Region),5,15.989784,119.880554,74,9,36,-92.5
4549,1404409014,Poblacion,Sagada,Mountain Province,Cordillera Administrative Region (CAR),5,17.085016,120.897939,114,67,268,-102.2
4550,0403425003,Estrella,City of San Pedro,Laguna,Region IV-A (CALABARZON),5,14.335525,121.019768,800,1,4,-60.1
4551,1380500024,Poblacion,City of Mandaluyong,Second District (Not a Province),National Capital Region (NCR),5,14.586491,121.024876,1420,3,12,-87.3
4552,1381200008,Kapasigan,City of Pasig,Second District (Not a Province),National Capital Region (NCR),5,14.576227,121.079723,455,3,12,-73.1
4553,0603037039,Nanga,Pototan,Iloilo,Region VI (Western Visayas),5,10.922323,122.647961,234,3,12,-72.8
4554,0405638006,Lubayat,Real,Quezon,Region IV-A (CALABARZON),5,14.499208,121.626135,135,93,372,-101.7
4555,0102818007,Cabaroan,Piddig,Ilocos Norte,Region I (Ilocos Region),5,18.16816,120.719368,79,35,140,-98.9
4556,0401014012,Bugtong na Pulo,City of Lipa,Batangas,Region IV-A (CALABARZON),5,14.000372,121.167527,659,2,8,-64.9
4557,0402101006,Barangay V,Alfonso,Cavite,Region IV-A (CALABARZON),5,14.136163,120.856165,136,0,0,
4558,1381300110,Santol,Quezon City,Second District (Not a Province),National Capital Region (NCR),5,14.612583,121.015412,526,10,40,-90.7
4559,0803739017,Libertad,Palo,Leyte,Region VIII (Eastern Visayas),5,11.173606,124.957435,344,24,96,-94.1
4560,0603031001,Abat,Mina,Iloilo,Region VI (Western Visayas),5,10.940181,122.565536,76,5,20,-91.2
4561,0704621017,Polo,City of Tanjay,Negros Oriental,Region VII (Central Visayas),5,9.482002,123.179993,308,18,72,-93.3
4562,0501721009,Flordeliz,Milaor,Camarines Sur,Region V (Bicol Region),5,13.589927,123.169365,109,4,16,-73.5
4563,0102924013,Casilagan,Santa Cruz,Ilocos Sur,Region I (Ilocos Region),5,17.073068,120.46061,72,39,156,-97.5
4564,1380400019,Tinajeros,City of Malabon,Third District (Not a Province),National Capital Region (NCR),5,14.671264,120.969903,1605,3,12,-79.1
4565,1130700112,Tagakpan,City of Davao,Davao del Sur,Region XI (Davao Region),5,7.125786,125.43245,455,37,148,-99.2
4566,0103302010,Poblacion,Aringay,La Union,Region I (Ilocos Region),5,16.395755,120.355723,285,10,40,-84.7
4567,0402123012,Fiorello Calimag,Gen. Mariano Alvarez,Cavite,Region IV-A (CALABARZON),5,14.30117,121.003327,243,0,0,
4568,0201528012,Cato,Tuao,Cagayan,Region II (Cagayan Valley),5,17.73423,121.44534,207,14,56,-86.4
4569,0631000121,Obrero-Lapuz,City of Iloilo,Iloilo,Region VI (Western Visayas),5,10.697379,122.585351,499,28,112,-99.9
4570,0403417049,Taytay,Nagcarlan,Laguna,Region IV-A (CALABARZON),5,14.110874,121.4141,348,1,4,-69.6
4571,0203107021,Saranay,Cabatuan,Isabela,Region II (Cagayan Valley),5,16.95737,121.67528,323,21,84,-86.8
4572,0701219009,Tabalong,Dauis,Bohol,Region VII (Central Visayas),5,9.622934,123.819721,471,2,8,-79.9
4573,0304903090,Aduas Norte,City of Cabanatuan,Nueva Ecija,Region III (Central Luzon),5,15.500224,120.970829,538,0,0,
4574,0401014038,Pinagtongulan,City of Lipa,Batangas,Region IV-A (CALABARZON),5,13.930563,121.099503,326,0,0,
4575,0501730024,Lower Santa Cruz,Ragay,Camarines Sur,Region V (Bicol Region),5,13.816603,122.797618,104,19,76,-93
4576,1004301008,Lumbo,Alubijid,Misamis Oriental,Region X (Northern Mindanao),5,8.571559,124.459061,172,6,24,-83.3
4577,0304913004,Barangay IV,Laur,Nueva Ecija,Region III (Central Luzon),5,15.564929,121.176648,298,8,32,-85.3
4578,0403412012,San Diego,Luisiana,Laguna,Region IV-A (CALABARZON),5,14.187526,121.535183,269,9,36,-83.5
4579,0405615007,Dagatan,Dolores,Quezon,Region IV-A (CALABARZON),5,14.003109,121.374305,244,1,4,-85.3
4580,0402114012,Poblacion VI,Mendez,Cavite,Region IV-A (CALABARZON),5,14.134827,120.904419,118,1,4,-51.1
4581,0102926005,Baliw Laud,Santa Maria,Ilocos Sur,Region I (Ilocos Region),5,17.371688,120.482775,51,62,248,-98.4
4582,0305403028,San Nicolas,Arayat,Pampanga,Region III (Central Luzon),5,15.124827,120.783272,703,6,24,-81.4
4583,0305407012,San Agustin,Guagua,Pampanga,Region III (Central Luzon),5,14.9929,120.623383,546,2,8,-74.8
4584,0203135023,Patul,City of Santiago,Isabela,Region II (Cagayan Valley),5,16.672181,121.532634,478,9,36,-84.3
4585,0704620002,Ajong,Sibulan,Negros Oriental,Region VII (Central Visayas),5,9.381487,123.257842,291,30,120,-92.6
4586,1108211003,P. Fuentes,Pantukan,Davao de Oro,Region XI (Davao Region),5,7.097494,125.951404,324,48,192,-101
4587,0201529002,Atulayan Norte,Tuguegarao City,Cagayan,Region II (Cagayan Valley),5,17.613499,121.735491,334,5,20,-82.9
4588,0405645032,Pili,Sariaya,Quezon,Region IV-A (CALABARZON),5,13.943743,121.539561,296,1,4,-62.9
4589,0305415024,Pio,Porac,Pampanga,Region III (Central Luzon),5,15.083678,120.549924,1449,2,8,-73.1
4590,0401031043,Santor,City of Tanauan,Batangas,Region IV-A (CALABARZON),5,14.094297,121.114808,436,2,8,-80.5
4591,0803715004,Barugohay Norte,Carigara,Leyte,Region VIII (Eastern Visayas),5,11.300739,124.70474,163,28,112,-100
4592,0102934034,San Julian Norte,City of Vigan,Ilocos Sur,Region I (Ilocos Region),5,17.571701,120.397385,231,47,188,-97.5
4593,0304917002,Balante,Science City of Muñoz,Nueva Ecija,Region III (Central Luzon),5,15.730174,120.907019,174,1,4,-86.8
4594,1030900008,Hinaplanon,City of Iligan,Lanao del Norte,Region X (Northern Mindanao),5,8.243944,124.257242,1234,40,160,-102.2
4595,0105546034,San Vicente,City of Urdaneta,Pangasinan,Region I (Ilocos Region),5,15.980328,120.570135,821,2,8,-74.1
4596,0501706005,Casugad,Bula,Camarines Sur,Region V (Bicol Region),5,13.444472,123.263242,305,28,112,-95.3
4597,0501715035,Taytay,Goa,Camarines Sur,Region V (Bicol Region),5,13.712043,123.498761,240,5,20,-81.8
4598,0304919017,Imelda Valley,City of Palayan,Nueva Ecija,Region III (Central Luzon),5,15.577928,121.122507,243,4,16,-69.6
4599,0203115006,Barangay I,Jones,Isabela,Region II (Cagayan Valley),5,16.56139,121.70016,183,7,28,-85.5
4600,0501718013,Begajo Sur,Libmanan,Camarines Sur,Region V (Bicol Region),5,13.695547,123.067447,78,9,36,-83.9
4601,0405647031,Isabang,City of Tayabas,Quezon,Region IV-A (CALABARZON),5,13.964443,121.565327,1001,3,12,-71
4602,0103317018,Patac,Santo Tomas,La Union,Region I (Ilocos Region),5,16.274803,120.393536,277,21,84,-93.7
4603,0702245004,Liloan,Santander,Cebu,Region VII (Central Visayas),5,9.421947,123.309053,188,13,52,-87.5
4604,0601902004,Balucuan,Dao,Capiz,Region VI (Western Visayas),5,11.374386,122.700231,278,20,80,-96
4605,0601914017,Barra,City of Roxas,Capiz,Region VI (Western Visayas),5,11.588528,122.715192,241,3,12,-76
4606,0203125019,Turod,Reina Mercedes,Isabela,Region II (Cagayan Valley),5,16.99861,121.78783,260,9,36,-80.6
4607,0306914003,Legaspi,San Manuel,Tarlac,Region III (Central Luzon),5,15.819259,120.606703,230,7,28,-81.7
4608,0405807004,Second District,Jala-Jala,Rizal,Region IV-A (CALABARZON),5,14.328672,121.336921,178,4,16,-79.3
4609,0403405062,Majada Labas,City of Calamba,Laguna,Region IV-A (CALABARZON),5,14.195081,121.106438,1054,1,4,-45.4
4610,0702211013,La Paz,City of Bogo,Cebu,Region VII (Central Visayas),5,10.99833,123.982248,332,12,48,-82.3
4611,1004314002,Gasi,Laguindingan,Misamis Oriental,Region X (Northern Mindanao),5,8.58767,124.442952,154,6,24,-94.7
4612,0402105002,Barangay 10,City of Cavite,Cavite,Region IV-A (CALABARZON),5,14.480008,120.890373,122,26,104,-95.5
4613,0506216022,Pangpang,City of Sorsogon,Sorsogon,Region V (Bicol Region),5,12.984661,123.98408,780,21,84,-94.8
4614,1630400049,Kinamlutan,City of Butuan,Agusan del Norte,Region XIII (Caraga),5,8.91624,125.523401,279,41,164,-97.4
4615,0203114024,Cabannungan 2nd,City of Ilagan,Isabela,Region II (Cagayan Valley),5,17.125131,121.852069,152,7,28,-85.5
4616,0402101028,Kaytitinga II,Alfonso,Cavite,Region IV-A (CALABARZON),5,14.127514,120.854806,159,2,8,-74.8
4617,1130700043,Dumoy,City of Davao,Davao del Sur,Region XI (Davao Region),5,7.032199,125.512366,1803,6,24,-85
4618,0301411013,Santa Rosa I,Marilao,Bulacan,Region III (Central Luzon),5,14.778507,120.973174,1009,0,0,
4619,0304926035,Santo Niño 3rd,San Jose City,Nueva Ecija,Region III (Central Luzon),5,15.811492,120.974947,920,11,44,-84
4620,1381300007,Bagumbuhay,Quezon City,Second District (Not a Province),National Capital Region (NCR),5,14.625296,121.064163,493,0,0,
4621,0506208015,Cogon,Gubat,Sorsogon,Region V (Bicol Region),5,12.935133,124.125742,206,28,112,-95.1
4622,0704623020,North Poblacion,Valencia,Negros Oriental,Region VII (Central Visayas),5,9.282282,123.245391,61,29,116,-101
4623,1102414024,Talas,Sulop,Davao del Sur,Region XI (Davao Region),5,6.616478,125.34538,187,3,12,-80.1
4624,0604526011,Guinhalaran,City of Silay,Negros Occidental,Region VI (Western Visayas),5,10.780039,122.969507,1358,10,40,-87.3
4625,0701205005,Landican,Baclayon,Bohol,Region VII (Central Visayas),5,9.629085,123.90545,76,2,8,-60.7
4626,0403412014,San Jose,Luisiana,Laguna,Region IV-A (CALABARZON),5,14.184529,121.511592,93,1,4,-62.6
4627,0604517009,Masulog,La Castellana,Negros Occidental,Region VI (Western Visayas),5,10.375032,123.17514,324,9,36,-85.9
4628,0401013014,Malaruhatan,Lian,Batangas,Region IV-A (CALABARZON),5,14.037832,120.657297,413,11,44,-82.7
4629,0105547006,Caramutan,Villasis,Pangasinan,Region I (Ilocos Region),5,15.913149,120.607983,326,5,20,-79.6
4630,0203103026,Santa Rita,Aurora,Isabela,Region II (Cagayan Valley),5,16.992667,121.642063,127,10,40,-85.5
4631,1381300084,Project 6,Quezon City,Second District (Not a Province),National Capital Region (NCR),5,14.662606,121.039853,1202,1,4,-88
4632,0201529038,Annafunan West,Tuguegarao City,Cagayan,Region II (Cagayan Valley),5,17.615872,121.762636,294,22,88,-95.5
4633,1705209021,Panggulayan,Pinamalayan,Oriental Mindoro,MIMAROPA Region,5,13.048208,121.458488,217,5,20,-76.3
4634,0401011017,Barangay 2,Laurel,Batangas,Region IV-A (CALABARZON),5,14.050574,120.926315,142,1,4,-49
4635,0501708041,Santa Cruz Ratay,Calabanga,Camarines Sur,Region V (Bicol Region),5,13.698917,123.23259,389,2,8,-78.8
4636,0631000094,Loboc-Lapuz,City of Iloilo,Iloilo,Region VI (Western Visayas),5,10.794295,122.583816,187,2,8,-72.2
4637,1380200018,Talon Tres,City of Las Piñas,Fourth District (Not a Province),National Capital Region (NCR),5,14.440683,121.004008,2492,0,0,
4638,1402711003,Camandag,Asipulo,Ifugao,Cordillera Administrative Region (CAR),5,16.576459,121.01487,324,93,372,-99.5
4639,1102502005,Punta Linao,Banaybanay,Davao Oriental,Region XI (Davao Region),5,7.062424,125.961815,284,21,84,-95.5
4640,0501730004,Apad,Ragay,Camarines Sur,Region V (Bicol Region),5,13.814103,122.767817,205,25,100,-96.3
4641,1705210012,Maluanluan,Pola,Oriental Mindoro,MIMAROPA Region,5,13.091052,121.421712,307,9,36,-85.4
4642,0201502005,Baculod,Alcala,Cagayan,Region II (Cagayan Valley),5,17.909085,121.671367,183,19,76,-92.2
4643,0402118012,Cabangaan,Silang,Cavite,Region IV-A (CALABARZON),5,14.164876,121.008746,144,2,8,-76.4
4644,0203102020,Consular,Angadanan,Isabela,Region II (Cagayan Valley),5,16.787844,121.760394,53,65,260,-99.4
4645,1001314001,Agusan Canyon,Manolo Fortich,Bukidnon,Region X (Northern Mindanao),5,8.340506,124.825127,816,70,280,-101.9
4646,1102507001,Bagumbayan,Lupon,Davao Oriental,Region XI (Davao Region),5,6.913231,125.996559,492,26,104,-96.5
4647,0401010017,Poblacion,Ibaan,Batangas,Region IV-A (CALABARZON),5,13.822657,121.13377,193,1,4,-83.7
4648,0500506025,Bgy. 28 - Victory Village North,City of Legazpi,Albay,Region V (Bicol Region),5,13.144428,123.756094,181,1,4,-88.4
4649,1705204011,Nasukob,Bulalacao,Oriental Mindoro,MIMAROPA Region,5,12.363164,121.344078,288,70,280,-100
4650,0401016024,Sampaguita,Mabini,Batangas,Region IV-A (CALABARZON),5,13.73686,120.934188,195,41,164,-99.6
4651,0803738088,San Pablo,Ormoc City,Leyte,Region VIII (Eastern Visayas),5,11.047214,124.606137,516,16,64,-96.2
4652,1204704038,Singao,City of Kidapawan,Cotabato,Region XII (SOCCSKSARGEN),5,6.995307,125.069536,628,18,72,-92.7
4653,1380900007,Navotas West,City of Navotas,Third District (Not a Province),National Capital Region (NCR),5,14.663202,120.952743,536,0,0,
4654,0205002004,Bone South,Aritao,Nueva Vizcaya,Region II (Cagayan Valley),5,16.241978,120.993411,388,85,340,-98.8
4655,0105524019,Bolaoit,Malasiqui,Pangasinan,Region I (Ilocos Region),5,15.931879,120.430041,252,6,24,-81.1
4656,0301403004,Catulinan,Baliuag,Bulacan,Region III (Central Luzon),5,14.963604,120.880423,190,1,4,-62.6
4657,0401016035,Talaga East,Mabini,Batangas,Region IV-A (CALABARZON),5,13.750613,120.93275,156,24,96,-96.7
4658,0402114024,Palocpoc II,Mendez,Cavite,Region IV-A (CALABARZON),5,14.125996,120.873287,114,1,4,-59.9
4659,1403215014,Poblacion,Tinglayan,Kalinga,Cordillera Administrative Region (CAR),5,17.265042,121.14896,60,167,668,-104.5
4660,1001321023,Pinatilan,City of Valencia,Bukidnon,Region X (Northern Mindanao),5,7.882552,125.112071,322,6,24,-81.1
4661,0401014029,Malitlit,City of Lipa,Batangas,Region IV-A (CALABARZON),5,13.919948,121.24058,217,6,24,-80.7
4662,0631000177,Tacas,City of Iloilo,Iloilo,Region VI (Western Visayas),5,10.759433,122.55336,465,1,4,-65.6
4663,0305421006,San Matias,Sto. Tomas,Pampanga,Region III (Central Luzon),5,15.046404,120.658765,1096,1,4,-72
4664,0405811003,Dulong Bayan 2,San Mateo,Rizal,Region IV-A (CALABARZON),5,14.680823,121.137002,1043,4,16,-76.7
4665,0603043012,Barangay Zone IV,Santa Barbara,Iloilo,Region VI (Western Visayas),5,10.815026,122.525251,163,17,68,-93.5
4666,0307113004,Bayto,Santa Cruz,Zambales,Region III (Central Luzon),5,15.727502,119.909668,341,37,148,-97
4667,0402102018,Barangay V,Amadeo,Cavite,Region IV-A (CALABARZON),5,14.178422,120.91394,184,1,4,-65.7
4668,0301423009,Guyong,Santa Maria,Bulacan,Region III (Central Luzon),5,14.836961,120.976969,1515,1,4,-45
4669,0105517001,Ambonao,Calasiao,Pangasinan,Region I (Ilocos Region),5,16.026365,120.369453,578,1,4,-32
4670,0306916047,Maligaya,City of Tarlac,Tarlac,Region III (Central Luzon),5,15.440616,120.599221,333,0,0,
4671,0702222027,Obong,Dalaguete,Cebu,Region VII (Central Visayas),5,9.739914,123.510941,259,8,32,-84.8
4672,0405608005,Bukal Sur,Candelaria,Quezon,Region IV-A (CALABARZON),5,13.936345,121.388564,598,8,32,-79.1
4673,0702203008,Santa Filomena,Alegria,Cebu,Region VII (Central Visayas),5,9.741463,123.358376,281,76,304,-98.3
4674,0501736023,Tinawagan,Tigaon,Camarines Sur,Region V (Bicol Region),5,13.625929,123.466872,299,7,28,-82.1
4675,0103311012,Bato,Naguilian,La Union,Region I (Ilocos Region),5,16.518728,120.404342,136,8,32,-83.7
4676,0305407030,Santa Ursula,Guagua,Pampanga,Region III (Central Luzon),5,14.968325,120.650833,478,3,12,-69
4677,0306916031,Dalayap,City of Tarlac,Tarlac,Region III (Central Luzon),5,15.529491,120.604037,314,4,16,-76.6
4678,0403410008,Calumpang,Liliw,Laguna,Region IV-A (CALABARZON),5,14.20105,121.401578,372,3,12,-70.6
4679,1381500026,San Miguel,City of Taguig,Fourth District (Not a Province),National Capital Region (NCR),5,14.517784,121.077729,933,3,12,-79.4
4680,1001320018,Miarayon,Talakag,Bukidnon,Region X (Northern Mindanao),5,8.019381,124.790452,283,154,616,-104
4681,1206315006,Maibo,Tantangan,South Cotabato,Region XII (SOCCSKSARGEN),5,6.552191,124.776503,283,22,88,-101.9
4682,0305406025,San Isidro,Floridablanca,Pampanga,Region III (Central Luzon),5,15.007733,120.511576,199,12,48,-90.4
4683,0401022019,Lumil,San Jose,Batangas,Region IV-A (CALABARZON),5,13.869597,121.089706,273,2,8,-61
4684,0501706002,Bagumbayan,Bula,Camarines Sur,Region V (Bicol Region),5,13.482057,123.277906,158,1,4,-65.9
4685,0402104017,Barangay 6,Carmona,Cavite,Region IV-A (CALABARZON),5,14.299503,121.057201,68,0,0,
4686,1381500027,South Daang Hari,City of Taguig,Fourth District (Not a Province),National Capital Region (NCR),5,14.495094,121.049334,1898,2,8,-65
4687,0604532006,Pandanon,Salvador Benedicto,Negros Occidental,Region VI (Western Visayas),5,10.576511,123.177994,236,30,120,-96
4688,0405645016,Guisguis-San Roque,Sariaya,Quezon,Region IV-A (CALABARZON),5,13.873266,121.520524,186,28,112,-95
4689,0307114021,San Isidro,Subic,Zambales,Region III (Central Luzon),5,14.864311,120.257315,721,5,20,-82.5
4690,0203135020,Malvar,City of Santiago,Isabela,Region II (Cagayan Valley),5,16.686939,121.548883,405,3,12,-71.8
4691,0402119035,Silang Junction North,City of Tagaytay,Cavite,Region IV-A (CALABARZON),5,14.13663,120.972331,231,0,0,
4692,0501720012,San Pantaleon,Magarao,Camarines Sur,Region V (Bicol Region),5,13.662845,123.18974,88,1,4,-66.5
4693,0730600086,To-ong Pardo,City of Cebu,Cebu,Region VII (Central Visayas),5,10.310468,123.83803,427,7,28,-79.3
4694,0701230029,Catagbacan Handig,Loon,Bohol,Region VII (Central Visayas),5,9.805708,123.805489,82,41,164,-101.9
4695,0307110012,Sindol,San Felipe,Zambales,Region III (Central Luzon),5,15.07695,120.066339,192,21,84,-95.5
4696,0102906006,Bagani Gabor,City of Candon,Ilocos Sur,Region I (Ilocos Region),5,17.191434,120.445648,43,20,80,-99.1
4697,0730600057,Pit-os,City of Cebu,Cebu,Region VII (Central Visayas),5,10.394089,123.922033,728,1,4,-61.7
4698,1001317034,Santa Cruz,Quezon,Bukidnon,Region X (Northern Mindanao),5,7.699801,125.129076,157,30,120,-100
4699,0401003044,Sampaga,Balayan,Batangas,Region IV-A (CALABARZON),5,13.956338,120.760123,268,5,20,-77.9
4700,0102804001,Abaca,Bangui,Ilocos Norte,Region I (Ilocos Region),5,18.53208,120.756062,152,52,208,-100.4
4701,0402115030,Sapa,Naic,Cavite,Region IV-A (CALABARZON),5,14.323226,120.782462,131,0,0,
4702,1004308001,Agay-ayan,City of Gingoog,Misamis Oriental,Region X (Northern Mindanao),5,8.862181,125.056856,346,29,116,-94
4703,0604518011,Santa Teresa,Manapla,Negros Occidental,Region VI (Western Visayas),5,10.94886,123.171761,295,32,128,-94
4704,0403424066,Santa Ana,City of San Pablo,Laguna,Region IV-A (CALABARZON),5,14.008897,121.32613,292,2,8,-66.7
4705,0405645027,Manggalang-Bantilan,Sariaya,Quezon,Region IV-A (CALABARZON),5,13.836058,121.432674,287,21,84,-92.3
4706,0907322007,Bomba,City of Pagadian,Zamboanga del Sur,Region IX (Zamboanga Peninsula),5,7.805359,123.425984,332,58,232,-103.1
4707,0403417045,Santa Lucia,Nagcarlan,Laguna,Region IV-A (CALABARZON),5,14.179436,121.408603,302,4,16,-74.7
4708,0301420018,Santo Niño I,City of San Jose Del Monte,Bulacan,Region III (Central Luzon),5,14.833674,121.069365,234,1,4,-57
4709,0201503012,Daan-Ili,Allacapan,Cagayan,Region II (Cagayan Valley),5,18.23846,121.55509,148,15,60,-85.9
4710,0201512019,Barangay IV,Enrile,Cagayan,Region II (Cagayan Valley),5,17.555245,121.697826,94,1,4,-45.8
4711,1130700074,Matina Aplaya,City of Davao,Davao del Sur,Region XI (Davao Region),5,7.046429,125.567904,2974,19,76,-94.3
4712,0330100031,Sapangbato,City of Angeles,Pampanga,Region III (Central Luzon),5,15.168163,120.512224,1211,24,96,-94.6
4713,0405801010,San Pedro,Angono,Rizal,Region IV-A (CALABARZON),5,14.526995,121.159357,145,0,0,
4714,0603042004,Ilongbukid,San Rafael,Iloilo,Region VI (Western Visayas),5,11.174711,122.849305,165,33,132,-94.8
4715,1004315002,Gimaylan,Libertad,Misamis Oriental,Region X (Northern Mindanao),5,8.548789,124.335588,184,31,124,-99
4716,0504101007,Bangon,Aroroy,Masbate,Region V (Bicol Region),5,12.49974,123.385752,214,71,284,-102.1
4717,0403401008,San Andres,Alaminos,Laguna,Region IV-A (CALABARZON),5,14.059479,121.218041,446,17,68,-85.4
4718,0403404004,Butong,City of Cabuyao,Laguna,Region IV-A (CALABARZON),5,14.290122,121.137137,1471,4,16,-82.8
4719,0803721021,Tinago,Inopacan,Leyte,Region VIII (Eastern Visayas),5,10.49671,124.7376,249,74,296,-99.8
4720,1606701007,San Pedro,Alegria,Surigao del Norte,Region XIII (Caraga),5,9.479949,125.57399,188,80,320,-102.6
4721,0702205010,Bulasa,Argao,Cebu,Region VII (Central Visayas),5,9.931454,123.617716,318,15,60,-94.9
4722,0603007029,Tubungan,Barotac Nuevo,Iloilo,Region VI (Western Visayas),5,10.886917,122.711273,138,10,40,-89.2
4723,0506212042,Tablac,Matnog,Sorsogon,Region V (Bicol Region),5,12.589346,124.091395,111,23,92,-96.9
4724,0403405029,Masili,City of Calamba,Laguna,Region IV-A (CALABARZON),5,14.182359,121.200337,381,3,12,-70.1
4725,0402118045,Tartaria,Silang,Cavite,Region IV-A (CALABARZON),5,14.203612,121.022857,1460,5,20,-79
4726,0405811013,Gulod Malaya,San Mateo,Rizal,Region IV-A (CALABARZON),5,14.673525,121.133279,1034,0,0,
4727,0105525043,Sapang,Manaoag,Pangasinan,Region I (Ilocos Region),5,16.043686,120.506439,259,3,12,-72.3
4728,0103317013,Lomboy,Santo Tomas,La Union,Region I (Ilocos Region),5,16.281141,120.387892,125,1,4,-54.2
4729,0702215015,Luyang,Carmen,Cebu,Region VII (Central Visayas),5,10.600928,124.022363,532,18,72,-92.7
4730,0604520023,Santa Rosa,Murcia,Negros Occidental,Region VI (Western Visayas),5,10.571512,123.101776,467,17,68,-88.4
4731,0301421014,Buliran,San Miguel,Bulacan,Region III (Central Luzon),5,15.166278,120.994854,493,1,4,-47.6
4732,1102502002,Caganganan,Banaybanay,Davao Oriental,Region XI (Davao Region),5,6.944126,126.017431,199,6,24,-79
4733,0401021027,Natu,Rosario,Batangas,Region IV-A (CALABARZON),5,13.840415,121.269212,242,4,16,-79.4
4734,0702251026,Media Once,City of Toledo,Cebu,Region VII (Central Visayas),5,10.328915,123.674852,751,8,32,-86.2
4735,0600407015,Tigayon,Kalibo,Aklan,Region VI (Western Visayas),5,11.673836,122.360902,487,4,16,-74.8
4736,0402123011,Francisco Reyes,Gen. Mariano Alvarez,Cavite,Region IV-A (CALABARZON),5,14.304167,121.02693,736,1,4,-57.2
4737,1705203012,Labasan,Bongabong,Oriental Mindoro,MIMAROPA Region,5,12.783905,121.468016,364,23,92,-94.4
4738,0401007033,Puting Bato West,City of Calaca,Batangas,Region IV-A (CALABARZON),5,13.922848,120.833851,307,9,36,-87.6
4739,1380900003,Bagumbayan South,City of Navotas,Third District (Not a Province),National Capital Region (NCR),5,14.651245,120.948609,399,21,84,-96.3
4740,0603019010,Gogo,Estancia,Iloilo,Region VI (Western Visayas),5,11.476759,123.154294,309,75,300,-103.1
4741,0831600076,Barangay 49,City of Tacloban,Leyte,Region VIII (Eastern Visayas),5,11.239779,124.99864,77,30,120,-101.9
4742,0506205001,Adovis,Casiguran,Sorsogon,Region V (Bicol Region),5,12.86865,124.009728,61,11,44,-90.7
4743,0105533030,Nibaliw Vidal,San Fabian,Pangasinan,Region I (Ilocos Region),5,16.149213,120.424139,300,13,52,-86.1
4744,0405807005,Third District,Jala-Jala,Rizal,Region IV-A (CALABARZON),5,14.33287,121.326995,248,9,36,-90
4745,0301407024,San Marcos,Calumpit,Bulacan,Region III (Central Luzon),5,14.897755,120.778733,239,1,4,-53.8
4746,0203134009,Mozzozzin Sur,Santa Maria,Isabela,Region II (Cagayan Valley),5,17.479797,121.748661,158,13,52,-87.3
4747,0405618012,Capuluan Tulon,Guinayangan,Quezon,Region IV-A (CALABARZON),5,13.820755,122.487739,74,55,220,-96.6
4748,0631000023,Bonifacio,City of Iloilo,Iloilo,Region VI (Western Visayas),5,10.731713,122.565779,147,0,0,
4749,0304913017,San Fernando,Laur,Nueva Ecija,Region III (Central Luzon),5,15.592778,121.218016,297,36,144,-98.8
4750,0402123002,Barangay 1 Poblacion,Gen. Mariano Alvarez,Cavite,Region IV-A (CALABARZON),5,14.297448,121.007792,610,0,0,
4751,0402109064,Malagasang II-C,City of Imus,Cavite,Region IV-A (CALABARZON),5,14.394091,120.994458,587,2,8,-63.8
4752,0304903095,Sumacab South,City of Cabanatuan,Nueva Ecija,Region III (Central Luzon),5,15.461032,120.966915,540,2,8,-71.3
4753,0803707013,Dolho,Bato,Leyte,Region VIII (Eastern Visayas),5,10.334852,124.785653,279,83,332,-99.5
4754,0405641010,Loob,San Antonio,Quezon,Region IV-A (CALABARZON),5,13.877852,121.276091,146,3,12,-68.9
4755,0102812030,"Bgy. No. 32-A, La Paz East",City of Laoag,Ilocos Norte,Region I (Ilocos Region),5,18.207276,120.595077,115,10,40,-87.8
4756,0300801003,Capitangan,Abucay,Bataan,Region III (Central Luzon),5,14.706135,120.537804,634,1,4,-71.7
4757,1381100132,Barangay 132,Pasay City,Fourth District (Not a Province),National Capital Region (NCR),5,14.547959,121.006332,393,4,16,-85.2
4758,0603017049,Poblacion B,Dueñas,Iloilo,Region VI (Western Visayas),5,11.07008,122.616447,63,25,100,-99.3
4759,0307103006,Libertador,Candelaria,Zambales,Region III (Central Luzon),5,15.62725,119.92347,117,27,108,-100.2
4760,0300810001,Arellano,Orion,Bataan,Region III (Central Luzon),5,14.614522,120.576037,45,0,0,
4761,0305416023,Saguin,City of San Fernando,Pampanga,Region III (Central Luzon),5,15.09576,120.62213,657,0,0,
4762,0506213051,Santa Fe,Pilar,Sorsogon,Region V (Bicol Region),5,12.925644,123.656083,183,5,20,-84.3
4763,0201528005,Bagumbayan,Tuao,Cagayan,Region II (Cagayan Valley),5,17.70636,121.450888,354,9,36,-81.2
4764,0301421048,Santa Lucia,San Miguel,Bulacan,Region III (Central Luzon),5,15.219969,121.004266,359,8,32,-79.8
4765,0301417003,Banga I,Plaridel,Bulacan,Region III (Central Luzon),5,14.885608,120.864632,528,1,4,-79.3
4766,0401021004,Balibago,Rosario,Batangas,Region IV-A (CALABARZON),5,13.85245,121.282617,208,2,8,-64.9
4767,0205005003,Bonfal West,Bayombong,Nueva Vizcaya,Region II (Cagayan Valley),5,16.498422,121.166402,469,1,4,-71.5
4768,1705110027,Mabini,San Jose,Occidental Mindoro,MIMAROPA Region,5,12.371385,121.090111,285,56,224,-102.4
4769,0105532029,Cobol,City of San Carlos,Pangasinan,Region I (Ilocos Region),5,15.899319,120.39181,333,5,20,-74
4770,0105545019,Real,Urbiztondo,Pangasinan,Region I (Ilocos Region),5,15.806484,120.346341,263,8,32,-88.5
4771,0403427025,Talangka,Santa Maria,Laguna,Region IV-A (CALABARZON),5,14.474234,121.432677,188,2,8,-73.2
4772,1004312015,Sumalag,Kinoguitan,Misamis Oriental,Region X (Northern Mindanao),5,8.977557,124.785429,81,38,152,-101.9
4773,0604532005,Kumaliskis,Salvador Benedicto,Negros Occidental,Region VI (Western Visayas),5,10.551196,123.230098,304,30,120,-93.8
4774,0102906031,Paypayad,City of Candon,Ilocos Sur,Region I (Ilocos Region),5,17.179671,120.432931,192,42,168,-102.4
4775,0702208021,Nangka,Balamban,Cebu,Region VII (Central Visayas),5,10.533156,123.719379,584,5,20,-79.9
4776,0600416006,Bulwang,Numancia,Aklan,Region VI (Western Visayas),5,11.719567,122.35601,410,19,76,-96.3
4777,0203135026,Rosario,City of Santiago,Isabela,Region II (Cagayan Valley),5,16.679869,121.545742,1014,2,8,-75.9
4778,1381500015,Upper Bicutan,City of Taguig,Fourth District (Not a Province),National Capital Region (NCR),5,14.486557,121.047475,3809,9,36,-85.4
4779,0305403014,Mapalad,Arayat,Pampanga,Region III (Central Luzon),5,15.205371,120.810212,315,18,72,-88.5
4780,0403415007,Buenavista,Magdalena,Laguna,Region IV-A (CALABARZON),5,14.224562,121.428842,245,1,4,-74.8
4781,1108211010,Tambongon,Pantukan,Davao de Oro,Region XI (Davao Region),5,7.103224,125.935936,334,13,52,-91.7
4782,0702234007,Cogon,City of Naga,Cebu,Region VII (Central Visayas),5,10.269394,123.74237,376,3,12,-72.6
4783,0105532026,Calomboyan,City of San Carlos,Pangasinan,Region I (Ilocos Region),5,15.944691,120.300481,326,4,16,-72.7
4784,0405811015,Santo Niño,San Mateo,Rizal,Region IV-A (CALABARZON),5,14.669369,121.13466,1019,3,12,-74.2
4785,0401005117,Wawa,Batangas City,Batangas,Region IV-A (CALABARZON),5,13.741111,121.05317,738,7,28,-81.9
4786,1380500006,Barangka Itaas,City of Mandaluyong,Second District (Not a Province),National Capital Region (NCR),5,14.585157,121.0408,1092,0,0,
4787,0105524031,Don Pedro,Malasiqui,Pangasinan,Region I (Ilocos Region),5,15.886571,120.43045,289,9,36,-83.5
4788,0103301044,Santa Monica,Agoo,La Union,Region I (Ilocos Region),5,16.339597,120.407115,106,12,48,-86.7
4789,0401014022,Kayumanggi,City of Lipa,Batangas,Region IV-A (CALABARZON),5,13.923338,121.16097,665,1,4,-42.1
4790,1606724026,Luna,City of Surigao,Surigao del Norte,Region XIII (Caraga),5,9.766775,125.484512,1024,70,280,-103.5
4791,0301410007,Balite,City of Malolos,Bulacan,Region III (Central Luzon),5,14.829699,120.836816,311,1,4,-70.8
4792,0803723013,Hiagsam,Jaro,Leyte,Region VIII (Eastern Visayas),5,11.233084,124.761562,171,25,100,-96.7
4793,0803702035,Salvacion Poblacion,Alangalang,Leyte,Region VIII (Eastern Visayas),5,11.208163,124.849153,96,35,140,-100.3
4794,0803702018,Cavite,Alangalang,Leyte,Region VIII (Eastern Visayas),5,11.207264,124.84673,71,8,32,-98.5
4795,0201519012,Dodan,Peñablanca,Cagayan,Region II (Cagayan Valley),5,17.645926,121.797455,300,72,288,-101.8
4796,0203134014,Poblacion 3,Santa Maria,Isabela,Region II (Cagayan Valley),5,17.46383,121.75059,179,17,68,-90.9
4797,0105518012,Caranglaan,City of Dagupan,Pangasinan,Region I (Ilocos Region),5,16.031344,120.349865,494,1,4,-69.3
4798,0402115001,Bagong Karsada,Naic,Cavite,Region IV-A (CALABARZON),5,14.30605,120.780831,192,4,16,-75.2
4799,0401029011,Cultihan,Taal,Batangas,Region IV-A (CALABARZON),5,13.891578,120.958603,171,1,4,-54.7
4800,0405649028,R. Magsaysay,Unisan,Quezon,Region IV-A (CALABARZON),5,13.84263,121.978272,53,15,60,-90
4801,0331400020,West Tapinac,City of Olongapo,Zambales,Region III (Central Luzon),5,14.851434,120.301682,592,15,60,-94.9
4802,0203109003,Capirpiriwan,Cordon,Isabela,Region II (Cagayan Valley),5,16.66739,121.45486,297,31,124,-91
4803,0831600092,Barangay 62,City of Tacloban,Leyte,Region VIII (Eastern Visayas),5,11.220764,125.0004,130,1,4,-71.2
4804,0203124005,Burgos,Ramon,Isabela,Region II (Cagayan Valley),5,16.805376,121.529152,234,24,96,-93.3
4805,0402108031,Bacao II,City of General Trias,Cavite,Region IV-A (CALABARZON),5,14.405166,120.883189,831,1,4,-53.2
4806,0601902017,Nasunogan,Dao,Capiz,Region VI (Western Visayas),5,11.371667,122.675278,232,22,88,-93.3
4807,0600413008,Kinalangay Nuevo,Malinao,Aklan,Region VI (Western Visayas),5,11.623149,122.293453,70,41,164,-99.2
4808,0306907006,Dumarais,La Paz,Tarlac,Region III (Central Luzon),5,15.434664,120.689595,376,19,76,-88.5
4809,0304909026,Talabutab Sur,General Mamerto Natividad,Nueva Ecija,Region III (Central Luzon),5,15.570015,121.064497,242,4,16,-75.8
4810,0105543002,Amistad,Tayug,Pangasinan,Region I (Ilocos Region),5,16.00673,120.7533,206,10,40,-84.7
4811,0402106043,Santa Lucia,City of Dasmariñas,Cavite,Region IV-A (CALABARZON),5,14.287057,120.980193,514,1,4,-53.3
4812,0301407027,Santo Niño,Calumpit,Bulacan,Region III (Central Luzon),5,14.905792,120.780821,228,0,0,
4813,0306910005,Balaoang,Paniqui,Tarlac,Region III (Central Luzon),5,15.665285,120.512206,350,22,88,-87.7
4814,0501701022,San Ramon,Baao,Camarines Sur,Region V (Bicol Region),5,13.454524,123.368321,33,2,8,-62.6
4815,0304903100,Santo Niño,City of Cabanatuan,Nueva Ecija,Region III (Central Luzon),5,15.44687,120.92166,182,3,12,-72.3
4816,1001312027,Apo Macote,City of Malaybalay,Bukidnon,Region X (Northern Mindanao),5,7.959169,125.22295,444,15,60,-88
4817,0305416031,San Pedro,City of San Fernando,Pampanga,Region III (Central Luzon),5,15.01821,120.692166,959,2,8,-78.7
4818,0300808005,Sabang,Morong,Bataan,Region III (Central Luzon),5,14.691237,120.250402,699,58,232,-101.8
4819,0401014036,Pangao,City of Lipa,Batangas,Region IV-A (CALABARZON),5,13.915123,121.123194,564,3,12,-70.9
4820,0401027009,Pacifico,Santa Teresita,Batangas,Region IV-A (CALABARZON),5,13.86158,120.967615,153,1,4,-70.2
4821,0604531010,Barangay VII,City of Victorias,Negros Occidental,Region VI (Western Visayas),5,10.871374,123.090198,323,46,184,-99.3
4822,0500508029,Mahaba,City of Ligao,Albay,Region V (Bicol Region),5,13.269292,123.547075,262,5,20,-77.8
4823,1208007014,Kinabalan,Malungon,Sarangani,Region XII (SOCCSKSARGEN),5,6.458813,125.311109,161,38,152,-98.7
4824,0203108001,Alicaocao,City of Cauayan,Isabela,Region II (Cagayan Valley),5,16.94902,121.77806,193,3,12,-76
4825,0105532005,Antipangol,City of San Carlos,Pangasinan,Region I (Ilocos Region),5,15.93127,120.27282,151,5,20,-78.3
4826,0307706023,South Poblacion,Dipaculao,Aurora,Region III (Central Luzon),5,15.844071,121.535747,112,77,308,-103
4827,0102803012,Gabut Sur,Badoc,Ilocos Norte,Region I (Ilocos Region),5,17.925204,120.485589,74,14,56,-91.6
4828,0501707004,Camagong,Cabusao,Camarines Sur,Region V (Bicol Region),5,13.719077,123.107519,108,6,24,-82.1
4829,0501601016,Matnog,Basud,Camarines Norte,Region V (Bicol Region),5,14.0759,122.945513,286,7,28,-78.6
4830,0201505026,Gaddang,Aparri,Cagayan,Region II (Cagayan Valley),5,18.342983,121.651241,242,12,48,-100.5
4831,0401012046,Wawa Ibaba,Lemery,Batangas,Region IV-A (CALABARZON),5,13.934885,120.917067,231,2,8,-73.9
4832,0103314029,Langcuas,City of San Fernando,La Union,Region I (Ilocos Region),5,16.589803,120.32402,168,8,32,-88.4
4833,0402114003,Galicia I,Mendez,Cavite,Region IV-A (CALABARZON),5,14.128714,120.906737,178,2,8,-69.5
4834,0704610004,Banilad,City of Dumaguete,Negros Oriental,Region VII (Central Visayas),5,9.277435,123.287743,794,1,4,-83.1
4835,0301406005,Cambaog,Bustos,Bulacan,Region III (Central Luzon),5,14.927994,120.896631,591,1,4,-78.5
4836,0301406013,Tanawan,Bustos,Bulacan,Region III (Central Luzon),5,14.932705,120.920752,245,1,4,-47.2
4837,1130700068,Manambulan,City of Davao,Davao del Sur,Region XI (Davao Region),5,7.103425,125.452262,321,24,96,-94
4838,1004308031,Pangasihan,City of Gingoog,Misamis Oriental,Region X (Northern Mindanao),5,8.861088,125.170305,216,24,96,-96.6
4839,0105522020,Malimpuec,Lingayen,Pangasinan,Region I (Ilocos Region),5,16.016944,120.189444,325,22,88,-94
4840,0402106074,San Miguel II,City of Dasmariñas,Cavite,Region IV-A (CALABARZON),5,14.338477,120.949619,211,0,0,
4841,0405645014,Concepcion Palasan,Sariaya,Quezon,Region IV-A (CALABARZON),5,13.924152,121.46384,541,8,32,-80.7
4842,0506205002,Boton,Casiguran,Sorsogon,Region V (Bicol Region),5,12.929111,124.047196,181,7,28,-79.9
4843,0702223033,Sabang,Danao City,Cebu,Region VII (Central Visayas),5,10.497393,124.03086,1304,18,72,-96.4
4844,0702251028,Poblacion,City of Toledo,Cebu,Region VII (Central Visayas),5,10.379582,123.641474,1257,5,20,-94
4845,0304919008,Marcos Village,City of Palayan,Nueva Ecija,Region III (Central Luzon),5,15.443759,121.123416,256,31,124,-98.3
4846,1380200008,Talon Uno,City of Las Piñas,Fourth District (Not a Province),National Capital Region (NCR),5,14.43851,121.00241,3301,0,0,
4847,0506208003,Balud Del Norte,Gubat,Sorsogon,Region V (Bicol Region),5,12.915444,124.109935,154,4,16,-75.8
4848,0501719005,Bel-Cruz,Lupi,Camarines Sur,Region V (Bicol Region),5,13.77644,122.861531,73,33,132,-97.3
4849,0500510021,Poblacion,Malinao,Albay,Region V (Bicol Region),5,13.3977,123.705922,48,5,20,-107
4850,1630400057,Lumbocan,City of Butuan,Agusan del Norte,Region XIII (Caraga),5,9.008974,125.50837,375,11,44,-85
4851,0205706011,San Dionisio II,Nagtipunan,Quirino,Region II (Cagayan Valley),5,16.239313,121.593778,275,67,268,-102.3
4852,0500504017,Iraya,Guinobatan,Albay,Region V (Bicol Region),5,13.189357,123.603007,106,0,0,
4853,0301410055,Tikay,City of Malolos,Bulacan,Region III (Central Luzon),5,14.840617,120.853893,1129,1,4,-54.2
4854,0306910011,Carino,Paniqui,Tarlac,Region III (Central Luzon),5,15.646346,120.58865,417,3,12,-70.8
4855,0401028004,Barangay IV,City of Sto. Tomas,Batangas,Region IV-A (CALABARZON),5,13.880214,121.037921,294,0,0,
4856,0401001015,Poblacion,Agoncillo,Batangas,Region IV-A (CALABARZON),5,13.93404,120.934395,160,0,0,
4857,0603031012,Mina East,Mina,Iloilo,Region VI (Western Visayas),5,10.930187,122.572192,104,3,12,-79.7
4858,1600312003,Kapatungan,Trento,Agusan del Sur,Region XIII (Caraga),5,8.086126,126.024987,385,46,184,-97.3
4859,1404404005,Bontoc Ili,Bontoc,Mountain Province,Cordillera Administrative Region (CAR),5,17.087226,120.975609,356,89,356,-100.6
4860,1401112006,Bayabas,Sablan,Benguet,Cordillera Administrative Region (CAR),5,16.475022,120.486057,217,18,72,-88.4
4861,1004322007,Inobulan,Salay,Misamis Oriental,Region X (Northern Mindanao),5,8.884966,124.791109,247,8,32,-90.1
4862,0307108007,Liozon,Palauig,Zambales,Region III (Central Luzon),5,15.398975,119.932663,299,38,152,-94.5
4863,0401030008,Caloocan,Talisay,Batangas,Region IV-A (CALABARZON),5,14.096086,121.010082,149,3,12,-77.8
4864,0304901032,San Juan,Aliaga,Nueva Ecija,Region III (Central Luzon),5,15.506867,120.893284,491,6,24,-75.3
4865,0405635010,Pampaaralan,Plaridel,Quezon,Region IV-A (CALABARZON),5,13.955331,122.015333,43,30,120,-95.7
4866,1230800039,Olympog,City of General Santos,South Cotabato,Region XII (SOCCSKSARGEN),5,6.22141,125.194251,355,38,152,-94.9
4867,0702210001,Azucena,Barili,Cebu,Region VII (Central Visayas),5,10.127096,123.521579,179,6,24,-81.8
4868,0501736019,San Francisco,Tigaon,Camarines Sur,Region V (Bicol Region),5,13.640567,123.49858,111,0,0,
4869,0704603010,Lutao,Bacong,Negros Oriental,Region VII (Central Visayas),5,9.242928,123.281821,107,2,8,-70.2
4870,0105533002,Angio,San Fabian,Pangasinan,Region I (Ilocos Region),5,16.113928,120.427155,287,5,20,-76
4871,0105501011,Magsaysay,Agno,Pangasinan,Region I (Ilocos Region),5,16.116781,119.799965,130,5,20,-73.8
4872,0306914001,Colubot,San Manuel,Tarlac,Region III (Central Luzon),5,15.790273,120.604127,92,6,24,-82.5
4873,0730600018,Calamba,City of Cebu,Cebu,Region VII (Central Visayas),5,10.34083,123.88094,923,1,4,-74.6
4874,0301414004,Lawa,Obando,Bulacan,Region III (Central Luzon),5,14.723595,120.928268,796,1,4,-68.8
4875,1381100081,Barangay 81,Pasay City,Fourth District (Not a Province),National Capital Region (NCR),5,14.440143,121.003713,284,0,0,
4876,0402102005,Loma,Amadeo,Cavite,Region IV-A (CALABARZON),5,14.149493,120.929921,254,2,8,-71
4877,0203115039,San Vicente,Jones,Isabela,Region II (Cagayan Valley),5,16.570075,121.710189,205,17,68,-91.2
4878,0105518026,Pogo Grande,City of Dagupan,Pangasinan,Region I (Ilocos Region),5,16.033711,120.338292,167,0,0,
4879,0500517024,Matagbac,City of Tabaco,Albay,Region V (Bicol Region),5,13.352876,123.705743,397,1,4,-56.1
4880,0431200017,Gulang-gulang,City of Lucena,Quezon,Region IV-A (CALABARZON),5,13.954752,121.611948,2141,2,8,-79
4881,0403406007,Lamot 2,Calauan,Laguna,Region IV-A (CALABARZON),5,14.161552,121.329629,748,5,20,-77
4882,0908305003,Bulu-an,Ipil,Zamboanga Sibugay,Region IX (Zamboanga Peninsula),5,7.71603,122.520158,283,90,360,-101.4
4883,0931700066,Quiniput,City of Zamboanga,Zamboanga del Sur,Region IX (Zamboanga Peninsula),5,7.183234,122.218748,349,82,328,-100.6
4884,0501717007,Burabod,Lagonoy,Camarines Sur,Region V (Bicol Region),5,13.728144,123.551012,288,70,280,-103.5
4885,0803708084,San Isidro,City of Baybay,Leyte,Region VIII (Eastern Visayas),5,10.69671,124.807034,180,14,56,-97.6
4886,0105511046,Mangayao,Bayambang,Pangasinan,Region I (Ilocos Region),5,15.818734,120.446515,106,3,12,-80.8
4887,1400118018,Suyo,Pidigan,Abra,Cordillera Administrative Region (CAR),5,17.556608,120.564301,55,68,272,-98.3
4888,0501724001,Abella,City of Naga,Camarines Sur,Region V (Bicol Region),5,13.628831,123.224723,410,2,8,-74.1
4889,0301411011,Prenza I,Marilao,Bulacan,Region III (Central Luzon),5,14.783049,120.984178,808,0,0,
4890,0306916073,San Roque,City of Tarlac,Tarlac,Region III (Central Luzon),5,15.484459,120.589603,482,6,24,-81.5
4891,0405807014,Sipsipin,Jala-Jala,Rizal,Region IV-A (CALABARZON),5,14.371887,121.332084,442,11,44,-82.4
4892,1380900018,Tanza 2,City of Navotas,Third District (Not a Province),National Capital Region (NCR),5,14.664093,120.964655,1396,0,0,
4893,0500507023,Macabugos,Libon,Albay,Region V (Bicol Region),5,13.227103,123.311805,207,57,228,-99.7
4894,1001321015,Lumbayao,City of Valencia,Bukidnon,Region X (Northern Mindanao),5,7.955986,125.259759,342,48,192,-97.4
4895,0702251009,Cambang-ug,City of Toledo,Cebu,Region VII (Central Visayas),5,10.348323,123.702697,333,17,68,-87.2
4896,1731500066,San Manuel,City of Puerto Princesa,Palawan,MIMAROPA Region,5,9.77825,118.761036,1546,36,144,-98.4
4897,0600414005,Gibon,Nabas,Aklan,Region VI (Western Visayas),5,11.8579,122.04299,276,53,212,-99.5
4898,0702232006,Guindaruhan,Minglanilla,Cebu,Region VII (Central Visayas),5,10.267421,123.756815,313,7,28,-84.2
4899,0501723046,Topas Proper,Nabua,Camarines Sur,Region V (Bicol Region),5,13.404054,123.314205,177,9,36,-81.2
4900,1102404012,Lapulabao,Hagonoy,Davao del Sur,Region XI (Davao Region),5,6.679401,125.285819,182,44,176,-97.4
4901,0201505039,Tallungan,Aparri,Cagayan,Region II (Cagayan Valley),5,18.33686,121.65138,271,15,60,-91.9
4902,0306902012,San Rafael,Bamban,Tarlac,Region III (Central Luzon),5,15.32271,120.596501,233,3,12,-77
4903,0203132011,Marasat Grande,San Mateo,Isabela,Region II (Cagayan Valley),5,16.878282,121.578995,129,23,92,-92.4
4904,0304903084,Vijandre District,City of Cabanatuan,Nueva Ecija,Region III (Central Luzon),5,15.47698,120.954248,102,0,0,
4905,0702207016,Malhiao,Badian,Cebu,Region VII (Central Visayas),5,9.885453,123.403873,306,18,72,-88.8
4906,0601914001,Adlawan,City of Roxas,Capiz,Region VI (Western Visayas),5,11.4972,122.765686,213,6,24,-77.2
4907,0306906021,Matayumcab,Gerona,Tarlac,Region III (Central Luzon),5,15.589045,120.597421,146,3,12,-77.1
4908,0501711048,Tawog,Caramoan,Camarines Sur,Region V (Bicol Region),5,13.772768,123.864069,129,177,708,-104.8
4909,0105530001,Alipangpang,Pozorrubio,Pangasinan,Region I (Ilocos Region),5,16.106233,120.563083,530,12,48,-89.1
4910,1380900013,Tangos South,City of Navotas,Third District (Not a Province),National Capital Region (NCR),5,14.655519,120.95815,1649,3,12,-77
4911,1001320029,San Rafael,Talakag,Bukidnon,Region X (Northern Mindanao),5,8.047542,124.609811,278,32,128,-97.1
4912,0105501002,Aloleng,Agno,Pangasinan,Region I (Ilocos Region),5,16.123333,119.783611,262,50,200,-100.7
4913,0403428023,Tagapo,City of Santa Rosa,Laguna,Region IV-A (CALABARZON),5,14.318934,121.103199,4196,1,4,-47.4
4914,0701205015,Santa Cruz,Baclayon,Bohol,Region VII (Central Visayas),5,9.608793,123.915619,122,24,96,-103
4915,1705209018,Palayan,Pinamalayan,Oriental Mindoro,MIMAROPA Region,5,13.038266,121.464265,152,0,0,
4916,0105526030,Talogtog,Mangaldan,Pangasinan,Region I (Ilocos Region),5,16.084223,120.377092,216,2,8,-67.5
4917,0401018017,Upa,Mataasnakahoy,Batangas,Region IV-A (CALABARZON),5,13.966944,121.110694,167,2,8,-72.2
4918,0102906008,Bagani Ubbog,City of Candon,Ilocos Sur,Region I (Ilocos Region),5,17.19204,120.458858,137,16,64,-90.2
4919,0300807020,Townsite,Mariveles,Bataan,Region III (Central Luzon),5,14.45786,120.594382,627,29,116,-96.2
4920,0105522017,Libsong East,Lingayen,Pangasinan,Region I (Ilocos Region),5,16.005365,120.21915,543,5,20,-90.9
4921,0702224019,Cogon,Dumanjug,Cebu,Region VII (Central Visayas),5,10.035537,123.452143,275,16,64,-91.9
4922,0803740039,San Miguel,Palompon,Leyte,Region VIII (Eastern Visayas),5,11.060031,124.405771,202,17,68,-87.5
4923,0105535004,Cabaritan,San Manuel,Pangasinan,Region I (Ilocos Region),5,16.052191,120.653994,202,4,16,-77.3
4924,0105518011,Carael,City of Dagupan,Pangasinan,Region I (Ilocos Region),5,16.038143,120.316006,545,16,64,-93.5
4925,0506204012,Sabang,Bulusan,Sorsogon,Region V (Bicol Region),5,12.74779,124.135347,100,30,120,-97.2
4926,0304907001,Bagong Sikat,Gabaldon,Nueva Ecija,Region III (Central Luzon),5,15.481259,121.307337,274,48,192,-99.6
4927,0402118062,Pooc II,Silang,Cavite,Region IV-A (CALABARZON),5,14.198666,120.991303,259,3,12,-72
4928,0405648022,San Agustin,Tiaong,Quezon,Region IV-A (CALABARZON),5,13.943626,121.317781,201,7,28,-79.5
4929,0701242005,Dao,City of Tagbilaran,Bohol,Region VII (Central Visayas),5,9.672675,123.870407,813,4,16,-73
4930,0501603014,Gubat,Daet,Camarines Norte,Region V (Bicol Region),5,14.11871,122.97282,482,31,124,-101.5
4931,1401114005,Daclan,Tublay,Benguet,Cordillera Administrative Region (CAR),5,16.50032,120.633686,210,16,64,-92.1
4932,0601905008,Malocloc Norte,Ivisan,Capiz,Region VI (Western Visayas),5,11.505556,122.679722,200,8,32,-81.9
4933,0603047004,Dawis Centro,Zarraga,Iloilo,Region VI (Western Visayas),5,10.827953,122.608498,20,0,0,
4934,0300804024,Pag-asa,Dinalupihan,Bataan,Region III (Central Luzon),5,14.850598,120.419547,215,0,0,
4935,0301407022,Pungo,Calumpit,Bulacan,Region III (Central Luzon),5,14.901765,120.790033,854,2,8,-75.3
4936,1381300094,Salvacion,Quezon City,Second District (Not a Province),National Capital Region (NCR),5,13.357499,121.101457,553,17,68,-96.8
4937,0701219012,Mariveles,Dauis,Bohol,Region VII (Central Visayas),5,9.617562,123.844468,289,2,8,-73.1
4938,0501721006,Capucnasan,Milaor,Camarines Sur,Region V (Bicol Region),5,13.607141,123.219871,242,2,8,-68.6
4939,1108204017,Lumatab,Maco,Davao de Oro,Region XI (Davao Region),5,7.365331,125.850969,112,2,8,-65.6
4940,0105504021,San Vicente,Alcala,Pangasinan,Region I (Ilocos Region),5,15.844385,120.509377,368,13,52,-83.8
4941,0403405060,Uwisan,City of Calamba,Laguna,Region IV-A (CALABARZON),5,14.237675,121.172073,296,7,28,-83.7
4942,0105524029,Cawayan Bogtong,Malasiqui,Pangasinan,Region I (Ilocos Region),5,15.942216,120.403087,267,4,16,-71.6
4943,0401010001,Bago,Ibaan,Batangas,Region IV-A (CALABARZON),5,13.833266,121.125874,184,1,4,-40.6
4944,0402114005,Panungyan I,Mendez,Cavite,Region IV-A (CALABARZON),5,14.129657,120.891194,186,1,4,-69.3
4945,0307109014,Rizal,San Antonio,Zambales,Region III (Central Luzon),5,14.949221,120.088127,38,0,0,
4946,0405625018,Rizal,Macalelon,Quezon,Region IV-A (CALABARZON),5,13.74775,122.138309,38,17,68,-92.8
4947,0501718006,Bagumbayan,Libmanan,Camarines Sur,Region V (Bicol Region),5,13.672348,123.009574,134,11,44,-88
4948,0305416022,Quebiauan,City of San Fernando,Pampanga,Region III (Central Luzon),5,15.056592,120.665031,875,1,4,-37.8
4949,0305413044,Sapang Maisac,Mexico,Pampanga,Region III (Central Luzon),5,15.180889,120.62807,643,2,8,-55.9
4950,1381701007,Santa Ana,Pateros,Fourth District (Not a Province),National Capital Region (NCR),5,14.546608,121.071845,2432,1,4,-58.1
4951,0603001018,Pili,Ajuy,Iloilo,Region VI (Western Visayas),5,11.11857,123.013149,275,54,216,-97.8
4952,0401014003,Anilao,City of Lipa,Batangas,Region IV-A (CALABARZON),5,13.9016,121.170881,368,4,16,-74.6
4953,1102414016,Palili,Sulop,Davao del Sur,Region XI (Davao Region),5,6.613039,125.355144,183,3,12,-64.9
4954,0203136005,Balelleng,Santo Tomas,Isabela,Region II (Cagayan Valley),5,17.378519,121.758728,162,25,100,-93.8
4955,0401003005,Barangay 11,Balayan,Batangas,Region IV-A (CALABARZON),5,13.93426,120.732763,123,2,8,-79.6
4956,0301420051,San Rafael IV,City of San Jose Del Monte,Bulacan,Region III (Central Luzon),5,14.855211,121.047358,578,0,0,
4957,0301409023,Santo Niño,Hagonoy,Bulacan,Region III (Central Luzon),5,14.836107,120.734688,408,0,0,
4958,1381000001,Baclaran,City of Parañaque,Fourth District (Not a Province),National Capital Region (NCR),5,14.529751,120.99888,4376,3,12,-77.8
4959,0704615007,Campuyo,Manjuyod,Negros Oriental,Region VII (Central Visayas),5,9.664628,123.146755,285,30,120,-94.4
4960,0402111019,Samala-Marquez,Kawit,Cavite,Region IV-A (CALABARZON),5,14.448702,120.925905,599,1,4,-54
4961,1380800004,Cupang,City of Muntinlupa,Fourth District (Not a Province),National Capital Region (NCR),5,14.952849,120.08905,4300,0,0,
4962,1380500013,Highway Hills,City of Mandaluyong,Second District (Not a Province),National Capital Region (NCR),5,14.582429,121.049432,4388,1,4,-75.6
4963,0603031006,Cabalabaguan,Mina,Iloilo,Region VI (Western Visayas),5,10.935967,122.58197,178,8,32,-82.6
4964,0203135015,Divisoria,City of Santiago,Isabela,Region II (Cagayan Valley),5,16.6974,121.608264,345,15,60,-84.8
4965,0301407005,Bulusan,Calumpit,Bulacan,Region III (Central Luzon),5,14.90864,120.742476,233,0,0,
4966,0102809025,Saludares,Dingras,Ilocos Norte,Region I (Ilocos Region),5,18.104611,120.71098,121,3,12,-81.6
4967,0103306018,Maria Cristina East,Bangar,La Union,Region I (Ilocos Region),5,16.891761,120.431032,77,22,88,-99.5
4968,1381200022,San Miguel,City of Pasig,Second District (Not a Province),National Capital Region (NCR),5,14.566935,121.084732,3921,1,4,-56.9
4969,1381100183,Barangay 183,Pasay City,Fourth District (Not a Province),National Capital Region (NCR),5,14.523889,121.013056,3723,3,12,-70.2
4970,1381200018,Sagad,City of Pasig,Second District (Not a Province),National Capital Region (NCR),5,14.566124,121.07961,548,0,0,
4971,0403404014,Sala,City of Cabuyao,Laguna,Region IV-A (CALABARZON),5,14.271334,121.126244,1087,1,4,-77.8
4972,0304903016,Bitas,City of Cabanatuan,Nueva Ecija,Region III (Central Luzon),5,15.496643,120.977986,515,1,4,-61.4
4973,0603018023,Ilaya 3rd,Dumangas,Iloilo,Region VI (Western Visayas),5,10.830824,122.706039,61,1,4,-46.1
4974,0307103001,Babancal,Candelaria,Zambales,Region III (Central Luzon),5,15.618998,119.947027,164,24,96,-98.7
4975,0600412005,Caticlan,Malay,Aklan,Region VI (Western Visayas),5,11.9238,121.9519,652,38,152,-100
4976,0301410047,Santisima Trinidad,City of Malolos,Bulacan,Region III (Central Luzon),5,14.875848,120.825261,599,1,4,-55.5
4977,1381300141,Greater Lagro,Quezon City,Second District (Not a Province),National Capital Region (NCR),5,14.730636,121.0662,1871,10,40,-79.4
4978,0205005011,Masoc,Bayombong,Nueva Vizcaya,Region II (Cagayan Valley),5,16.50229,121.119663,326,23,92,-94
4979,0301411010,Poblacion II,Marilao,Bulacan,Region III (Central Luzon),5,14.772421,120.965663,445,0,0,
4980,0305407021,San Nicolas 2nd,Guagua,Pampanga,Region III (Central Luzon),5,14.97479,120.646871,261,0,0,
4981,1381500014,Tuktukan,City of Taguig,Fourth District (Not a Province),National Capital Region (NCR),5,14.50921,121.071229,990,2,8,-84
4982,0803750007,San Vicente,Tunga,Leyte,Region VIII (Eastern Visayas),5,11.254688,124.753257,69,16,64,-97.9
4983,0500501006,Bonga,Bacacay,Albay,Region V (Bicol Region),5,13.28733,123.757272,587,6,24,-87.6
4984,0500513009,Caratagan,Pio Duran,Albay,Region V (Bicol Region),5,13.044375,123.457211,407,67,268,-101.2
4985,0201522015,Namuac,Sanchez-Mira,Cagayan,Region II (Cagayan Valley),5,18.605824,121.173764,292,50,200,-97.2
4986,1001315018,Tubigon,Maramag,Bukidnon,Region X (Northern Mindanao),5,7.835725,125.021397,219,21,84,-89.9
4987,0102820014,San Lucas,San Nicolas,Ilocos Norte,Region I (Ilocos Region),5,18.169671,120.602422,105,1,4,-63.5
4988,0203103022,San Andres,Aurora,Isabela,Region II (Cagayan Valley),5,16.982412,121.644879,37,9,36,-84.4
4989,0402103047,Molino IV,City of Bacoor,Cavite,Region IV-A (CALABARZON),5,14.381788,120.976328,6213,2,8,-77.1
4990,0301423007,Cay Pombo,Santa Maria,Bulacan,Region III (Central Luzon),5,14.852268,120.977899,2927,1,4,-55.2
4991,0604530004,Batuan,Valladolid,Negros Occidental,Region VI (Western Visayas),5,10.474646,122.821594,92,18,72,-100.6
4992,0603043008,Bantay,Santa Barbara,Iloilo,Region VI (Western Visayas),5,10.829777,122.531372,34,1,4,-105.9
4993,0301403028,Tilapayong,Baliuag,Bulacan,Region III (Central Luzon),5,14.979541,120.876558,271,2,8,-83.1
4994,1903617010,Beyaba-Damag,City of Marawi,Lanao del Sur,Bangsamoro Autonomous Region In Muslim Mindanao (BARMM),5,8.003472,124.270729,147,26,104,-102.6
4995,0105543004,Carriedo,Tayug,Pangasinan,Region I (Ilocos Region),5,16.033847,120.762501,227,34,136,-99
4996,0631000073,Jalandoni Estate-Lapuz,City of Iloilo,Iloilo,Region VI (Western Visayas),5,10.7026,122.575,136,0,0,
4997,0402120043,Paradahan II,Tanza,Cavite,Region IV-A (CALABARZON),5,14.324752,120.859227,453,5,20,-75.8
4998,0105538012,Malanay,Santa Barbara,Pangasinan,Region I (Ilocos Region),5,16.009962,120.412737,232,2,8,-62.9
4999,0103314019,Camansi,City of San Fernando,La Union,Region I (Ilocos Region),5,16.606355,120.323806,81,0,0,
5000,0405625023,San Isidro,Macalelon,Quezon,Region IV-A (CALABARZON),5,13.749976,122.133348,62,6,24,-89.7
